Window ID,True Label,Predicted Label,Alert Type,Event Sequence,Technique IDs,Technique Names,Tactics,Data Sources,Reasons
1,0,1,False Positive,SESSION_CLOSE SESSION_OPEN,No MITRE Mapping,No MITRE Mapping,,,No ATT&CK-mappable semantic behavior found
5,0,1,False Positive,UNKNOWN_USER AUTH_FAIL,T1110,Brute Force,credential-access,,Mapped from Linux semantic token.
6,0,1,False Positive,SESSION_OPEN SESSION_CLOSE TTY_TIMEOUT,No MITRE Mapping,No MITRE Mapping,,,No ATT&CK-mappable semantic behavior found
7,0,1,False Positive,SESSION_OPEN SESSION_OPEN SESSION_CLOSE SESSION_OPEN SESSION_CLOSE SESSION_CLOSE SESSION_OPEN SESSION_CLOSE,No MITRE Mapping,No MITRE Mapping,,,No ATT&CK-mappable semantic behavior found
8,0,1,False Positive,UNKNOWN_USER AUTH_FAIL UNKNOWN_USER AUTH_FAIL,T1110,Brute Force,credential-access,,Mapped from Linux semantic token.
9,0,1,False Positive,TTY_TIMEOUT TTY_TIMEOUT,No MITRE Mapping,No MITRE Mapping,,,No ATT&CK-mappable semantic behavior found
14,0,1,False Positive,SESSION_CLOSE SESSION_OPEN SESSION_CLOSE,No MITRE Mapping,No MITRE Mapping,,,No ATT&CK-mappable semantic behavior found
23,0,1,False Positive,DNS_LISTEN_IPV4 DNS_LISTEN_IPV4 DNS_LISTEN_IPV4 DNS_LISTEN_IPV4 DNS_LISTEN_IPV4 EVENT_f3dc4e72 EVENT_27a754c7 DNS_LISTEN_IPV4 DNS_LISTEN_IPV4 DNS_LISTEN_IPV4 DNS_LISTEN_IPV4 DNS_LISTEN_IPV4 EVENT_6c31fad9 DNS_LISTEN_IPV4 DNS_LISTEN_IPV4 DNS_LISTEN_IPV4 DNS_LISTEN_IPV4 DNS_LISTEN_IPV4 DNS_LISTEN_IPV4 DNS_LISTEN_IPV4 DNS_LISTEN_IPV4 DNS_LISTEN_IPV4 DNS_LISTEN_IPV4 DNS_LISTEN_IPV4 DNS_LISTEN_IPV4 DNS_LISTEN_IPV4 DNS_LISTEN_IPV4 EVENT_e7715c43 EVENT_e7715c43 EVENT_75101dcd,No MITRE Mapping,No MITRE Mapping,,,No ATT&CK-mappable semantic behavior found
35,0,1,False Positive,UNKNOWN_USER AUTH_FAIL,T1110,Brute Force,credential-access,,Mapped from Linux semantic token.
41,0,1,False Positive,AUTH_FAIL_USER SESSION_OPEN SESSION_OPEN SESSION_CLOSE SESSION_CLOSE,T1110,Brute Force,credential-access,,Mapped from Linux semantic token.
42,0,1,False Positive,FTP_CONNECTION FTP_CONNECTION FTP_CONNECTION FTP_CONNECTION FTP_CONNECTION,T1133,External Remote Services,initial-access; persistence,,Mapped from Linux semantic token.
43,0,1,False Positive,FTP_CONNECTION FTP_CONNECTION FTP_CONNECTION FTP_CONNECTION FTP_CONNECTION FTP_CONNECTION FTP_CONNECTION FTP_CONNECTION FTP_CONNECTION,T1133,External Remote Services,initial-access; persistence,,Mapped from Linux semantic token.
47,0,1,False Positive,KERNEL_TIME_SYNC EVENT_f5c6ea73,No MITRE Mapping,No MITRE Mapping,,,No ATT&CK-mappable semantic behavior found
50,0,1,False Positive,UNKNOWN_USER AUTH_FAIL SESSION_CLOSE,T1110,Brute Force,credential-access,,Mapped from Linux semantic token.
52,0,1,False Positive,EVENT_f5c6ea73 KERNEL_TIME_SYNC,No MITRE Mapping,No MITRE Mapping,,,No ATT&CK-mappable semantic behavior found
55,0,1,False Positive,EVENT_648310d8 EVENT_b05754fa EVENT_0657d962 EVENT_695d8251,No MITRE Mapping,No MITRE Mapping,,,No ATT&CK-mappable semantic behavior found
56,0,1,False Positive,SESSION_CLOSE SESSION_OPEN,No MITRE Mapping,No MITRE Mapping,,,No ATT&CK-mappable semantic behavior found
66,0,1,False Positive,EVENT_4b246f20 EVENT_24da8a29 EVENT_f7c0b007 EVENT_655b0883 KERNEL_TIME_SYNC EVENT_15879ba7 EVENT_8517948b EVENT_853f0e2d DEVICE_NODE_CREATE DEVICE_NODE_CREATE DEVICE_NODE_CREATE DEVICE_NODE_CREATE DEVICE_NODE_CREATE DEVICE_NODE_CREATE DEVICE_NODE_CREATE DEVICE_NODE_CREATE DEVICE_NODE_CREATE DEVICE_NODE_CREATE DEVICE_NODE_REMOVE DEVICE_NODE_REMOVE DEVICE_NODE_REMOVE DEVICE_NODE_REMOVE DEVICE_NODE_REMOVE DEVICE_NODE_REMOVE DEVICE_NODE_REMOVE DEVICE_NODE_REMOVE DEVICE_NODE_REMOVE DEVICE_NODE_REMOVE DEVICE_NODE_CREATE DEVICE_NODE_CREATE DEVICE_NODE_CREATE DEVICE_NODE_CREATE DEVICE_NODE_CREATE DEVICE_NODE_CREATE DEVICE_NODE_CREATE DEVICE_NODE_CREATE DEVICE_NODE_CREATE DEVICE_NODE_CREATE DEVICE_NODE_REMOVE DEVICE_NODE_REMOVE DEVICE_NODE_CREATE DEVICE_NODE_CREATE DEVICE_NODE_CREATE DEVICE_NODE_CREATE,No MITRE Mapping,No MITRE Mapping,,,No ATT&CK-mappable semantic behavior found
69,0,1,False Positive,KERNEL_TIME_SYNC EVENT_f5c6ea73,No MITRE Mapping,No MITRE Mapping,,,No ATT&CK-mappable semantic behavior found
73,0,1,False Positive,SESSION_CLOSE SESSION_CLOSE SESSION_OPEN SESSION_OPEN SESSION_CLOSE SESSION_OPEN SESSION_OPEN SESSION_CLOSE SESSION_OPEN SESSION_OPEN SESSION_OPEN SESSION_OPEN SESSION_OPEN SESSION_OPEN SESSION_CLOSE SESSION_CLOSE SESSION_CLOSE SESSION_CLOSE SESSION_CLOSE SESSION_CLOSE,No MITRE Mapping,No MITRE Mapping,,,No ATT&CK-mappable semantic behavior found
74,0,1,False Positive,SESSION_OPEN SESSION_CLOSE TTY_TIMEOUT,No MITRE Mapping,No MITRE Mapping,,,No ATT&CK-mappable semantic behavior found
78,0,1,False Positive,DEVICE_NODE_CREATE DEVICE_NODE_REMOVE DEVICE_NODE_CREATE DEVICE_NODE_REMOVE DEVICE_NODE_CREATE DEVICE_NODE_CREATE,No MITRE Mapping,No MITRE Mapping,,,No ATT&CK-mappable semantic behavior found
84,0,1,False Positive,TTY_PEER_DIED TTY_PEER_DIED TTY_PEER_DIED,No MITRE Mapping,No MITRE Mapping,,,No ATT&CK-mappable semantic behavior found
85,0,1,False Positive,KERNEL_TIME_SYNC EVENT_f5c6ea73,No MITRE Mapping,No MITRE Mapping,,,No ATT&CK-mappable semantic behavior found
87,0,1,False Positive,EVENT_8db4d1ba EVENT_1f6d8f8d EVENT_e7d54ca8 EVENT_464389b7 EVENT_76d915af EVENT_26de28f7 DEVICE_NODE_CREATE SYSTEM_INFO SYSTEM_INFO EVENT_c80127b9 SESSION_OPEN SESSION_CLOSE EVENT_2de79c1b EVENT_4b246f20 EVENT_f7c0b007 EVENT_24da8a29 EVENT_655b0883 KERNEL_TIME_SYNC EVENT_15879ba7 EVENT_8517948b EVENT_853f0e2d DEVICE_NODE_CREATE DEVICE_NODE_REMOVE DEVICE_NODE_CREATE DEVICE_NODE_CREATE DEVICE_NODE_CREATE DEVICE_NODE_CREATE DEVICE_NODE_CREATE DEVICE_NODE_CREATE DEVICE_NODE_REMOVE DEVICE_NODE_REMOVE DEVICE_NODE_REMOVE DEVICE_NODE_REMOVE DEVICE_NODE_REMOVE DEVICE_NODE_REMOVE DEVICE_NODE_CREATE DEVICE_NODE_REMOVE DEVICE_NODE_CREATE DEVICE_NODE_CREATE DEVICE_NODE_CREATE DEVICE_NODE_CREATE DEVICE_NODE_CREATE DEVICE_NODE_CREATE DEVICE_NODE_CREATE DEVICE_NODE_CREATE DEVICE_NODE_REMOVE DEVICE_NODE_REMOVE DEVICE_NODE_CREATE DEVICE_NODE_CREATE DEVICE_NODE_REMOVE DEVICE_NODE_REMOVE DEVICE_NODE_REMOVE DEVICE_NODE_REMOVE DEVICE_NODE_CREATE DEVICE_NODE_CREATE DEVICE_NODE_CREATE DEVICE_NODE_CREATE DEVICE_NODE_CREATE DEVICE_NODE_CREATE DEVICE_NODE_CREATE DEVICE_NODE_CREATE DEVICE_NODE_CREATE DEVICE_NODE_REMOVE DEVICE_NODE_CREATE DEVICE_NODE_REMOVE,No MITRE Mapping,No MITRE Mapping,,,No ATT&CK-mappable semantic behavior found
94,0,1,False Positive,UNKNOWN_USER AUTH_FAIL,T1110,Brute Force,credential-access,,Mapped from Linux semantic token.
95,0,1,False Positive,AUTH_FAIL_USER AUTH_FAIL_USER AUTH_FAIL_USER AUTH_FAIL_USER,T1110,Brute Force,credential-access,,Mapped from Linux semantic token.
98,0,1,False Positive,EVENT_5c8de6f8 SYSTEM_INFO SYSTEM_INFO EVENT_757281f8,No MITRE Mapping,No MITRE Mapping,,,No ATT&CK-mappable semantic behavior found
104,0,1,False Positive,FTP_CONNECTION FTP_CONNECTION FTP_CONNECTION,T1133,External Remote Services,initial-access; persistence,,Mapped from Linux semantic token.
106,0,1,False Positive,SESSION_CLOSE SESSION_CLOSE SESSION_OPEN SESSION_OPEN SESSION_CLOSE SESSION_OPEN SESSION_OPEN SESSION_CLOSE SESSION_OPEN SESSION_OPEN SESSION_OPEN SESSION_OPEN SESSION_OPEN SESSION_OPEN SESSION_CLOSE SESSION_CLOSE SESSION_CLOSE SESSION_CLOSE SESSION_CLOSE SESSION_CLOSE,No MITRE Mapping,No MITRE Mapping,,,No ATT&CK-mappable semantic behavior found
108,0,1,False Positive,EVENT_b52b9c71 EVENT_b52b9c71 EVENT_b52b9c71,No MITRE Mapping,No MITRE Mapping,,,No ATT&CK-mappable semantic behavior found
109,0,1,False Positive,AUTH_FAIL UNKNOWN_USER UNKNOWN_USER AUTH_FAIL,T1110,Brute Force,credential-access,,Mapped from Linux semantic token.
118,0,1,False Positive,DNS_LISTEN_IPV4 EVENT_6c31fad9 EVENT_f3dc4e72 EVENT_27a754c7 DNS_LISTEN_IPV4 DNS_LISTEN_IPV4 DNS_LISTEN_IPV4 DNS_LISTEN_IPV4 DNS_LISTEN_IPV4 DNS_LISTEN_IPV4 DNS_LISTEN_IPV4 DNS_LISTEN_IPV4 DNS_LISTEN_IPV4 DNS_LISTEN_IPV4 DNS_LISTEN_IPV4 DNS_LISTEN_IPV4 DNS_LISTEN_IPV4 DNS_LISTEN_IPV4 DNS_LISTEN_IPV4 DNS_LISTEN_IPV4 DNS_LISTEN_IPV4 DNS_LISTEN_IPV4 DNS_LISTEN_IPV4 DNS_LISTEN_IPV4 DNS_LISTEN_IPV4 DNS_LISTEN_IPV4 DNS_LISTEN_IPV4 EVENT_75101dcd EVENT_e7715c43 EVENT_e7715c43,No MITRE Mapping,No MITRE Mapping,,,No ATT&CK-mappable semantic behavior found
119,0,1,False Positive,EVENT_d9f1af4c KERBEROS_AUTH_FAIL EVENT_82f006b4 EVENT_82f006b4,T1110,Brute Force,credential-access,,Mapped from Linux semantic token.
123,0,1,False Positive,AUTH_FAIL_USER AUTH_FAIL_USER AUTH_FAIL_USER,T1110,Brute Force,credential-access,,Mapped from Linux semantic token.
137,0,1,False Positive,TTY_TIMEOUT TTY_TIMEOUT,No MITRE Mapping,No MITRE Mapping,,,No ATT&CK-mappable semantic behavior found
138,0,1,False Positive,UNKNOWN_USER AUTH_FAIL,T1110,Brute Force,credential-access,,Mapped from Linux semantic token.
141,0,1,False Positive,FTP_CONNECTION FTP_CONNECTION FTP_CONNECTION FTP_CONNECTION,T1133,External Remote Services,initial-access; persistence,,Mapped from Linux semantic token.
143,0,1,False Positive,FTP_CONNECTION FTP_CONNECTION FTP_CONNECTION FTP_CONNECTION FTP_CONNECTION FTP_CONNECTION,T1133,External Remote Services,initial-access; persistence,,Mapped from Linux semantic token.
145,0,1,False Positive,EVENT_9998416d FTP_PEER_DISCONNECT,T1133,External Remote Services,initial-access; persistence,,Mapped from Linux semantic token.
146,0,1,False Positive,EVENT_8b80494b AUTH_FAIL_USER SESSION_OPEN,T1110,Brute Force,credential-access,,Mapped from Linux semantic token.
147,0,1,False Positive,AUTH_FAIL_USER AUTH_FAIL_USER AUTH_FAIL_USER,T1110,Brute Force,credential-access,,Mapped from Linux semantic token.
152,0,1,False Positive,SESSION_CLOSE SESSION_CLOSE,No MITRE Mapping,No MITRE Mapping,,,No ATT&CK-mappable semantic behavior found
170,0,1,False Positive,SESSION_CLOSE SESSION_OPEN,No MITRE Mapping,No MITRE Mapping,,,No ATT&CK-mappable semantic behavior found
175,0,1,False Positive,TTY_TIMEOUT TTY_TIMEOUT,No MITRE Mapping,No MITRE Mapping,,,No ATT&CK-mappable semantic behavior found
181,0,1,False Positive,EVENT_7ebfe49e DEVICE_NODE_CREATE DEVICE_NODE_REMOVE DEVICE_NODE_CREATE DEVICE_NODE_CREATE DEVICE_NODE_REMOVE DEVICE_NODE_REMOVE DEVICE_NODE_REMOVE DEVICE_NODE_CREATE,No MITRE Mapping,No MITRE Mapping,,,No ATT&CK-mappable semantic behavior found
183,0,1,False Positive,SESSION_CLOSE SESSION_OPEN,No MITRE Mapping,No MITRE Mapping,,,No ATT&CK-mappable semantic behavior found
194,0,1,False Positive,UNKNOWN_USER AUTH_FAIL UNKNOWN_USER AUTH_FAIL,T1110,Brute Force,credential-access,,Mapped from Linux semantic token.
195,0,1,False Positive,DEVICE_NODE_REMOVE DEVICE_NODE_REMOVE DEVICE_NODE_CREATE DEVICE_NODE_CREATE DEVICE_NODE_REMOVE DEVICE_NODE_REMOVE DEVICE_NODE_CREATE DEVICE_NODE_CREATE,No MITRE Mapping,No MITRE Mapping,,,No ATT&CK-mappable semantic behavior found
199,0,1,False Positive,EVENT_f5c6ea73 KERNEL_TIME_SYNC,No MITRE Mapping,No MITRE Mapping,,,No ATT&CK-mappable semantic behavior found
202,0,1,False Positive,EVENT_6c31fad9 EVENT_f3dc4e72 EVENT_27a754c7 DNS_LISTEN_IPV4 DNS_LISTEN_IPV4 DNS_LISTEN_IPV4 DNS_LISTEN_IPV4 DNS_LISTEN_IPV4 DNS_LISTEN_IPV4 DNS_LISTEN_IPV4 DNS_LISTEN_IPV4 DNS_LISTEN_IPV4 DNS_LISTEN_IPV4 DNS_LISTEN_IPV4 DNS_LISTEN_IPV4 DNS_LISTEN_IPV4 DNS_LISTEN_IPV4 DNS_LISTEN_IPV4 DNS_LISTEN_IPV4 DNS_LISTEN_IPV4 DNS_LISTEN_IPV4 DNS_LISTEN_IPV4 DNS_LISTEN_IPV4 DNS_LISTEN_IPV4 DNS_LISTEN_IPV4 DNS_LISTEN_IPV4 DNS_LISTEN_IPV4 EVENT_e7715c43 EVENT_e7715c43 EVENT_75101dcd,No MITRE Mapping,No MITRE Mapping,,,No ATT&CK-mappable semantic behavior found
205,0,1,False Positive,SESSION_OPEN SESSION_OPEN,No MITRE Mapping,No MITRE Mapping,,,No ATT&CK-mappable semantic behavior found
206,0,1,False Positive,SESSION_CLOSE SESSION_OPEN,No MITRE Mapping,No MITRE Mapping,,,No ATT&CK-mappable semantic behavior found
207,0,1,False Positive,TTY_TIMEOUT TTY_TIMEOUT,No MITRE Mapping,No MITRE Mapping,,,No ATT&CK-mappable semantic behavior found
209,0,1,False Positive,SESSION_OPEN SESSION_OPEN SESSION_CLOSE SESSION_OPEN SESSION_CLOSE SESSION_CLOSE SESSION_OPEN SESSION_CLOSE,No MITRE Mapping,No MITRE Mapping,,,No ATT&CK-mappable semantic behavior found
210,0,1,False Positive,FTP_CONNECTION FTP_CONNECTION FTP_CONNECTION FTP_CONNECTION FTP_CONNECTION FTP_CONNECTION FTP_CONNECTION FTP_CONNECTION FTP_CONNECTION,T1133,External Remote Services,initial-access; persistence,,Mapped from Linux semantic token.
211,0,1,False Positive,TTY_PEER_DIED TTY_PEER_DIED TTY_PEER_DIED,No MITRE Mapping,No MITRE Mapping,,,No ATT&CK-mappable semantic behavior found
212,0,1,False Positive,TTY_TIMEOUT TTY_TIMEOUT TTY_TIMEOUT TTY_TIMEOUT,No MITRE Mapping,No MITRE Mapping,,,No ATT&CK-mappable semantic behavior found
213,0,1,False Positive,UNKNOWN_USER AUTH_FAIL,T1110,Brute Force,credential-access,,Mapped from Linux semantic token.
216,0,1,False Positive,UNKNOWN_USER AUTH_FAIL,T1110,Brute Force,credential-access,,Mapped from Linux semantic token.
218,0,1,False Positive,SYSTEM_INFO EVENT_c80127b9 SESSION_OPEN EVENT_496e5f6d,No MITRE Mapping,No MITRE Mapping,,,No ATT&CK-mappable semantic behavior found
220,0,1,False Positive,ROOT_AUTH_FAIL SSHD_EVENT SSHD_EVENT,T1078; T1110,Valid Accounts; Brute Force,credential-access; defense-evasion; initial-access; persistence; privilege-escalation,Logon Session; User Account,Root account authentication activity was observed. Mapped from Linux semantic token. | Mapped from Linux semantic token.
221,0,1,False Positive,FTP_CONNECTION FTP_CONNECTION FTP_CONNECTION FTP_CONNECTION FTP_CONNECTION FTP_CONNECTION FTP_CONNECTION,T1133,External Remote Services,initial-access; persistence,,Mapped from Linux semantic token.
232,0,1,False Positive,EVENT_8db4d1ba EVENT_e7d54ca8 EVENT_464389b7 EVENT_1f6d8f8d EVENT_76d915af DEVICE_NODE_CREATE SYSTEM_INFO EVENT_26de28f7 SYSTEM_INFO EVENT_c80127b9 SESSION_OPEN SESSION_CLOSE EVENT_2de79c1b EVENT_0e8eb195 EVENT_e09949fa,No MITRE Mapping,No MITRE Mapping,,,No ATT&CK-mappable semantic behavior found
235,0,1,False Positive,EVENT_b52b9c71 TTY_PEER_DIED,No MITRE Mapping,No MITRE Mapping,,,No ATT&CK-mappable semantic behavior found
236,0,1,False Positive,TTY_TIMEOUT TTY_TIMEOUT,No MITRE Mapping,No MITRE Mapping,,,No ATT&CK-mappable semantic behavior found
243,0,1,False Positive,DEVICE_NODE_REMOVE DEVICE_NODE_REMOVE SYSTEM_INFO EVENT_c80127b9 EVENT_2a70c8fd EVENT_2c67d635 EVENT_cc67d624 EVENT_1bc825da EVENT_59bfc37a EVENT_648310d8,No MITRE Mapping,No MITRE Mapping,,,No ATT&CK-mappable semantic behavior found
249,0,1,False Positive,SESSION_CLOSE SESSION_OPEN,No MITRE Mapping,No MITRE Mapping,,,No ATT&CK-mappable semantic behavior found
253,0,1,False Positive,UNKNOWN_USER AUTH_FAIL,T1110,Brute Force,credential-access,,Mapped from Linux semantic token.
256,0,1,False Positive,EVENT_6c31fad9 EVENT_f3dc4e72 EVENT_27a754c7 DNS_LISTEN_IPV4 DNS_LISTEN_IPV4 DNS_LISTEN_IPV4 DNS_LISTEN_IPV4 DNS_LISTEN_IPV4 DNS_LISTEN_IPV4 DNS_LISTEN_IPV4 DNS_LISTEN_IPV4 DNS_LISTEN_IPV4 DNS_LISTEN_IPV4 DNS_LISTEN_IPV4 DNS_LISTEN_IPV4 DNS_LISTEN_IPV4 DNS_LISTEN_IPV4 DNS_LISTEN_IPV4 DNS_LISTEN_IPV4 DNS_LISTEN_IPV4 DNS_LISTEN_IPV4 DNS_LISTEN_IPV4 DNS_LISTEN_IPV4 DNS_LISTEN_IPV4 DNS_LISTEN_IPV4 DNS_LISTEN_IPV4 DNS_LISTEN_IPV4 EVENT_e7715c43 EVENT_e7715c43 EVENT_75101dcd,No MITRE Mapping,No MITRE Mapping,,,No ATT&CK-mappable semantic behavior found
258,0,1,False Positive,UNKNOWN_USER AUTH_FAIL UNKNOWN_USER AUTH_FAIL,T1110,Brute Force,credential-access,,Mapped from Linux semantic token.
261,0,1,False Positive,FTP_CONNECTION FTP_CONNECTION FTP_CONNECTION FTP_CONNECTION FTP_CONNECTION FTP_CONNECTION,T1133,External Remote Services,initial-access; persistence,,Mapped from Linux semantic token.
262,0,1,False Positive,EVENT_b97f359a EVENT_6b878d6c EVENT_f0832ece EVENT_9808beac EVENT_94079a98 EVENT_82fec567 EVENT_88f75265 EVENT_d5010182 EVENT_335ca259 EVENT_52e09b9d EVENT_c0d9ffbe EVENT_24406284 EVENT_f681d323 EVENT_bfcc4c57 EVENT_8db4d1ba EVENT_1f6d8f8d EVENT_e7d54ca8 EVENT_464389b7 EVENT_76d915af DEVICE_NODE_CREATE SYSTEM_INFO EVENT_26de28f7 SYSTEM_INFO EVENT_c80127b9 SESSION_CLOSE SESSION_OPEN EVENT_2de79c1b,No MITRE Mapping,No MITRE Mapping,,,No ATT&CK-mappable semantic behavior found
271,0,1,False Positive,SESSION_CLOSE SESSION_OPEN,No MITRE Mapping,No MITRE Mapping,,,No ATT&CK-mappable semantic behavior found
272,0,1,False Positive,EVENT_6c31fad9 EVENT_f3dc4e72 DNS_LISTEN_IPV4 DNS_LISTEN_IPV4 DNS_LISTEN_IPV4 EVENT_27a754c7 DNS_LISTEN_IPV4 DNS_LISTEN_IPV4 DNS_LISTEN_IPV4 DNS_LISTEN_IPV4 DNS_LISTEN_IPV4 DNS_LISTEN_IPV4 DNS_LISTEN_IPV4 DNS_LISTEN_IPV4 DNS_LISTEN_IPV4 DNS_LISTEN_IPV4,No MITRE Mapping,No MITRE Mapping,,,No ATT&CK-mappable semantic behavior found
274,0,1,False Positive,DNS_LISTEN_IPV4 DNS_LISTEN_IPV4 DNS_LISTEN_IPV4 DNS_LISTEN_IPV4 DNS_LISTEN_IPV4 DNS_LISTEN_IPV4 DNS_LISTEN_IPV4 EVENT_27a754c7 DNS_LISTEN_IPV4 DNS_LISTEN_IPV4 DNS_LISTEN_IPV4 DNS_LISTEN_IPV4 DNS_LISTEN_IPV4 DNS_LISTEN_IPV4 DNS_LISTEN_IPV4 DNS_LISTEN_IPV4 DNS_LISTEN_IPV4 DNS_LISTEN_IPV4 DNS_LISTEN_IPV4 DNS_LISTEN_IPV4 DNS_LISTEN_IPV4 DNS_LISTEN_IPV4 DNS_LISTEN_IPV4 DNS_LISTEN_IPV4 DNS_LISTEN_IPV4 EVENT_e7715c43 EVENT_e7715c43 EVENT_75101dcd,No MITRE Mapping,No MITRE Mapping,,,No ATT&CK-mappable semantic behavior found
275,0,1,False Positive,FTP_CONNECTION FTP_CONNECTION FTP_CONNECTION FTP_CONNECTION FTP_CONNECTION FTP_CONNECTION,T1133,External Remote Services,initial-access; persistence,,Mapped from Linux semantic token.
278,0,1,False Positive,SESSION_CLOSE SESSION_OPEN,No MITRE Mapping,No MITRE Mapping,,,No ATT&CK-mappable semantic behavior found
282,0,1,False Positive,EVENT_cc67d624 EVENT_1bc825da EVENT_59bfc37a EVENT_648310d8 EVENT_b05754fa EVENT_0657d962 EVENT_695d8251 EVENT_3924bf80,No MITRE Mapping,No MITRE Mapping,,,No ATT&CK-mappable semantic behavior found
285,0,1,False Positive,FTP_CONNECTION FTP_CONNECTION FTP_CONNECTION FTP_CONNECTION,T1133,External Remote Services,initial-access; persistence,,Mapped from Linux semantic token.
288,0,1,False Positive,FTP_CONNECTION FTP_CONNECTION FTP_CONNECTION FTP_CONNECTION FTP_CONNECTION FTP_CONNECTION,T1133,External Remote Services,initial-access; persistence,,Mapped from Linux semantic token.
289,0,1,False Positive,EVENT_8db4d1ba EVENT_464389b7 EVENT_e7d54ca8 EVENT_1f6d8f8d EVENT_76d915af DEVICE_NODE_CREATE EVENT_c80127b9 SYSTEM_INFO EVENT_26de28f7 SYSTEM_INFO SESSION_OPEN SESSION_CLOSE EVENT_2de79c1b EVENT_4b246f20 EVENT_24da8a29 EVENT_f7c0b007 EVENT_655b0883 KERNEL_TIME_SYNC EVENT_15879ba7 EVENT_8517948b EVENT_853f0e2d DEVICE_NODE_CREATE DEVICE_NODE_CREATE DEVICE_NODE_REMOVE DEVICE_NODE_REMOVE DEVICE_NODE_REMOVE DEVICE_NODE_REMOVE DEVICE_NODE_REMOVE DEVICE_NODE_REMOVE DEVICE_NODE_REMOVE DEVICE_NODE_REMOVE DEVICE_NODE_CREATE DEVICE_NODE_CREATE DEVICE_NODE_CREATE DEVICE_NODE_CREATE DEVICE_NODE_CREATE DEVICE_NODE_CREATE DEVICE_NODE_CREATE DEVICE_NODE_CREATE DEVICE_NODE_CREATE DEVICE_NODE_CREATE DEVICE_NODE_REMOVE DEVICE_NODE_REMOVE DEVICE_NODE_REMOVE DEVICE_NODE_REMOVE DEVICE_NODE_REMOVE DEVICE_NODE_REMOVE DEVICE_NODE_CREATE,No MITRE Mapping,No MITRE Mapping,,,No ATT&CK-mappable semantic behavior found
292,0,1,False Positive,EVENT_b97f359a EVENT_6b878d6c EVENT_f0832ece EVENT_9808beac EVENT_24406284 EVENT_94079a98 EVENT_c0d9ffbe EVENT_88f75265 EVENT_335ca259 EVENT_82fec567 EVENT_d5010182 EVENT_52e09b9d EVENT_bfcc4c57 EVENT_f681d323 EVENT_8db4d1ba EVENT_464389b7 EVENT_e7d54ca8 EVENT_1f6d8f8d EVENT_76d915af DEVICE_NODE_CREATE EVENT_c80127b9 SYSTEM_INFO EVENT_26de28f7 SYSTEM_INFO SESSION_OPEN SESSION_CLOSE EVENT_2de79c1b,No MITRE Mapping,No MITRE Mapping,,,No ATT&CK-mappable semantic behavior found
295,0,1,False Positive,UNKNOWN_USER AUTH_FAIL UNKNOWN_USER AUTH_FAIL,T1110,Brute Force,credential-access,,Mapped from Linux semantic token.
296,0,1,False Positive,AUTH_FAIL UNKNOWN_USER UNKNOWN_USER AUTH_FAIL,T1110,Brute Force,credential-access,,Mapped from Linux semantic token.
297,0,1,False Positive,EVENT_9998416d FTP_PEER_DISCONNECT,T1133,External Remote Services,initial-access; persistence,,Mapped from Linux semantic token.
310,0,1,False Positive,EVENT_4b246f20 EVENT_f7c0b007 EVENT_24da8a29 EVENT_655b0883 KERNEL_TIME_SYNC EVENT_15879ba7 EVENT_8517948b EVENT_853f0e2d DEVICE_NODE_CREATE DEVICE_NODE_CREATE DEVICE_NODE_REMOVE DEVICE_NODE_CREATE DEVICE_NODE_CREATE DEVICE_NODE_CREATE DEVICE_NODE_CREATE DEVICE_NODE_CREATE DEVICE_NODE_CREATE DEVICE_NODE_REMOVE DEVICE_NODE_CREATE DEVICE_NODE_CREATE DEVICE_NODE_CREATE DEVICE_NODE_CREATE DEVICE_NODE_REMOVE DEVICE_NODE_REMOVE DEVICE_NODE_REMOVE DEVICE_NODE_REMOVE DEVICE_NODE_REMOVE DEVICE_NODE_REMOVE DEVICE_NODE_REMOVE DEVICE_NODE_REMOVE DEVICE_NODE_REMOVE DEVICE_NODE_REMOVE DEVICE_NODE_REMOVE DEVICE_NODE_REMOVE DEVICE_NODE_CREATE DEVICE_NODE_CREATE DEVICE_NODE_CREATE DEVICE_NODE_CREATE DEVICE_NODE_CREATE DEVICE_NODE_CREATE DEVICE_NODE_CREATE DEVICE_NODE_CREATE DEVICE_NODE_CREATE DEVICE_NODE_CREATE DEVICE_NODE_CREATE DEVICE_NODE_CREATE DEVICE_NODE_CREATE DEVICE_NODE_CREATE EVENT_0e8eb195 DEVICE_NODE_REMOVE DEVICE_NODE_REMOVE EVENT_e09949fa DEVICE_NODE_CREATE DEVICE_NODE_CREATE,No MITRE Mapping,No MITRE Mapping,,,No ATT&CK-mappable semantic behavior found
313,0,1,False Positive,EVENT_648310d8 EVENT_b05754fa EVENT_0657d962 EVENT_695d8251 EVENT_3924bf80,No MITRE Mapping,No MITRE Mapping,,,No ATT&CK-mappable semantic behavior found
315,0,1,False Positive,EVENT_b97f359a EVENT_6b878d6c EVENT_f0832ece EVENT_9808beac EVENT_24406284 EVENT_94079a98 EVENT_c0d9ffbe EVENT_88f75265 EVENT_335ca259 EVENT_82fec567 EVENT_d5010182 EVENT_52e09b9d EVENT_bfcc4c57 EVENT_f681d323,No MITRE Mapping,No MITRE Mapping,,,No ATT&CK-mappable semantic behavior found
316,0,1,False Positive,EVENT_ea3e4c85 EVENT_03649f38 EVENT_c80127b9 SYSTEM_INFO EVENT_496e5f6d SESSION_OPEN,No MITRE Mapping,No MITRE Mapping,,,No ATT&CK-mappable semantic behavior found
321,0,1,False Positive,SESSION_CLOSE SESSION_OPEN,No MITRE Mapping,No MITRE Mapping,,,No ATT&CK-mappable semantic behavior found
322,0,1,False Positive,EVENT_8b80494b AUTH_FAIL_USER,T1110,Brute Force,credential-access,,Mapped from Linux semantic token.
325,0,1,False Positive,TTY_TIMEOUT TTY_TIMEOUT,No MITRE Mapping,No MITRE Mapping,,,No ATT&CK-mappable semantic behavior found
335,0,1,False Positive,SESSION_CLOSE SESSION_CLOSE,No MITRE Mapping,No MITRE Mapping,,,No ATT&CK-mappable semantic behavior found
336,0,1,False Positive,TTY_PEER_DIED TTY_PEER_DIED EVENT_b52b9c71 TTY_PEER_DIED,No MITRE Mapping,No MITRE Mapping,,,No ATT&CK-mappable semantic behavior found
345,0,1,False Positive,EVENT_e09949fa EVENT_0e8eb195,No MITRE Mapping,No MITRE Mapping,,,No ATT&CK-mappable semantic behavior found
346,0,1,False Positive,SYSTEM_INFO EVENT_0bdbe045,No MITRE Mapping,No MITRE Mapping,,,No ATT&CK-mappable semantic behavior found
356,0,1,False Positive,FTP_CONNECTION FTP_CONNECTION FTP_CONNECTION FTP_CONNECTION FTP_CONNECTION FTP_CONNECTION FTP_CONNECTION FTP_CONNECTION FTP_CONNECTION EVENT_81a1ec4c,T1133,External Remote Services,initial-access; persistence,,Mapped from Linux semantic token.
357,0,1,False Positive,UNKNOWN_USER AUTH_FAIL,T1110,Brute Force,credential-access,,Mapped from Linux semantic token.
360,0,1,False Positive,UNKNOWN_USER AUTH_FAIL,T1110,Brute Force,credential-access,,Mapped from Linux semantic token.
362,0,1,False Positive,EVENT_81a1ec4c EVENT_81a1ec4c EVENT_81a1ec4c EVENT_81a1ec4c EVENT_81a1ec4c EVENT_81a1ec4c EVENT_81a1ec4c FTP_CONNECTION EVENT_81a1ec4c FTP_CONNECTION FTP_CONNECTION FTP_CONNECTION FTP_CONNECTION FTP_CONNECTION FTP_CONNECTION FTP_CONNECTION,T1133,External Remote Services,initial-access; persistence,,Mapped from Linux semantic token.
365,0,1,False Positive,EVENT_b52b9c71 EVENT_b52b9c71 EVENT_b52b9c71,No MITRE Mapping,No MITRE Mapping,,,No ATT&CK-mappable semantic behavior found
370,0,1,False Positive,TTY_TIMEOUT TTY_TIMEOUT,No MITRE Mapping,No MITRE Mapping,,,No ATT&CK-mappable semantic behavior found
371,0,1,False Positive,EVENT_f3dc4e72 EVENT_6c31fad9 DNS_LISTEN_IPV4 DNS_LISTEN_IPV4 DNS_LISTEN_IPV4 DNS_LISTEN_IPV4 DNS_LISTEN_IPV4 DNS_LISTEN_IPV4 DNS_LISTEN_IPV4 EVENT_27a754c7 DNS_LISTEN_IPV4 DNS_LISTEN_IPV4 DNS_LISTEN_IPV4 DNS_LISTEN_IPV4 DNS_LISTEN_IPV4 DNS_LISTEN_IPV4 DNS_LISTEN_IPV4 DNS_LISTEN_IPV4 DNS_LISTEN_IPV4 DNS_LISTEN_IPV4 DNS_LISTEN_IPV4 DNS_LISTEN_IPV4 DNS_LISTEN_IPV4 DNS_LISTEN_IPV4 DNS_LISTEN_IPV4 DNS_LISTEN_IPV4 DNS_LISTEN_IPV4 EVENT_e7715c43 EVENT_e7715c43 EVENT_75101dcd,No MITRE Mapping,No MITRE Mapping,,,No ATT&CK-mappable semantic behavior found
373,0,1,False Positive,TTY_TIMEOUT TTY_TIMEOUT,No MITRE Mapping,No MITRE Mapping,,,No ATT&CK-mappable semantic behavior found
374,0,1,False Positive,EVENT_b52b9c71 TTY_TIMEOUT SESSION_OPEN EVENT_496e5f6d,No MITRE Mapping,No MITRE Mapping,,,No ATT&CK-mappable semantic behavior found
375,0,1,False Positive,SESSION_CLOSE DEVICE_NODE_CREATE DEVICE_NODE_REMOVE DEVICE_NODE_REMOVE DEVICE_NODE_CREATE DEVICE_NODE_CREATE DEVICE_NODE_REMOVE DEVICE_NODE_REMOVE DEVICE_NODE_CREATE,No MITRE Mapping,No MITRE Mapping,,,No ATT&CK-mappable semantic behavior found
379,0,1,False Positive,SESSION_CLOSE SESSION_OPEN,No MITRE Mapping,No MITRE Mapping,,,No ATT&CK-mappable semantic behavior found
380,0,1,False Positive,EVENT_b97f359a EVENT_6b878d6c EVENT_9808beac EVENT_f0832ece EVENT_bfcc4c57 EVENT_c0d9ffbe EVENT_94079a98 EVENT_24406284 EVENT_52e09b9d EVENT_82fec567 EVENT_335ca259 EVENT_88f75265 EVENT_f681d323 EVENT_d5010182 EVENT_8db4d1ba EVENT_1f6d8f8d EVENT_e7d54ca8 EVENT_464389b7 EVENT_76d915af EVENT_26de28f7 DEVICE_NODE_CREATE SYSTEM_INFO SYSTEM_INFO EVENT_c80127b9 SESSION_OPEN SESSION_CLOSE EVENT_2de79c1b,No MITRE Mapping,No MITRE Mapping,,,No ATT&CK-mappable semantic behavior found
388,0,1,False Positive,SESSION_CLOSE SESSION_CLOSE SESSION_CLOSE SESSION_CLOSE SESSION_OPEN SESSION_OPEN SESSION_OPEN SESSION_OPEN SESSION_CLOSE SESSION_CLOSE SESSION_CLOSE SESSION_OPEN SESSION_OPEN SESSION_CLOSE SESSION_OPEN SESSION_OPEN,No MITRE Mapping,No MITRE Mapping,,,No ATT&CK-mappable semantic behavior found
389,0,1,False Positive,UNKNOWN_USER AUTH_FAIL,T1110,Brute Force,credential-access,,Mapped from Linux semantic token.
391,0,1,False Positive,EVENT_735263fa EVENT_ea3e4c85 EVENT_5cec81bf EVENT_735263fa,No MITRE Mapping,No MITRE Mapping,,,No ATT&CK-mappable semantic behavior found
396,0,1,False Positive,EVENT_e7715c43 EVENT_e7715c43 DNS_LISTEN_IPV4 EVENT_75101dcd,No MITRE Mapping,No MITRE Mapping,,,No ATT&CK-mappable semantic behavior found
407,0,1,False Positive,SESSION_CLOSE SESSION_OPEN,No MITRE Mapping,No MITRE Mapping,,,No ATT&CK-mappable semantic behavior found
409,0,1,False Positive,UNKNOWN_USER_TIMEOUT UNKNOWN_USER_TIMEOUT,T1110,Brute Force,credential-access,,Mapped from Linux semantic token.
424,0,1,False Positive,EVENT_f5c6ea73 KERNEL_TIME_SYNC,No MITRE Mapping,No MITRE Mapping,,,No ATT&CK-mappable semantic behavior found
430,0,1,False Positive,TTY_PEER_DIED TTY_PEER_DIED TTY_PEER_DIED,No MITRE Mapping,No MITRE Mapping,,,No ATT&CK-mappable semantic behavior found
433,0,1,False Positive,EVENT_b97f359a EVENT_6b878d6c EVENT_9808beac EVENT_f0832ece EVENT_52e09b9d EVENT_335ca259 EVENT_f681d323 EVENT_82fec567 EVENT_24406284 EVENT_94079a98 EVENT_c0d9ffbe EVENT_88f75265 EVENT_bfcc4c57 EVENT_d5010182 DEVICE_NODE_CREATE EVENT_8db4d1ba EVENT_1f6d8f8d EVENT_e7d54ca8 EVENT_464389b7 EVENT_76d915af SYSTEM_INFO EVENT_26de28f7 SYSTEM_INFO EVENT_c80127b9 EVENT_cbb229f8 SESSION_CLOSE SESSION_OPEN EVENT_2de79c1b,No MITRE Mapping,No MITRE Mapping,,,No ATT&CK-mappable semantic behavior found
435,0,1,False Positive,SESSION_CLOSE SESSION_OPEN,No MITRE Mapping,No MITRE Mapping,,,No ATT&CK-mappable semantic behavior found
437,0,1,False Positive,FTP_CONNECTION FTP_CONNECTION FTP_CONNECTION FTP_CONNECTION FTP_CONNECTION,T1133,External Remote Services,initial-access; persistence,,Mapped from Linux semantic token.
438,0,1,False Positive,AUTH_FAIL_USER SSHD_EVENT,T1110,Brute Force,credential-access,,Mapped from Linux semantic token.
439,0,1,False Positive,KERNEL_TIME_SYNC EVENT_f5c6ea73,No MITRE Mapping,No MITRE Mapping,,,No ATT&CK-mappable semantic behavior found
443,0,1,False Positive,EVENT_5cec81bf EVENT_735263fa EVENT_ea3e4c85 EVENT_735263fa,No MITRE Mapping,No MITRE Mapping,,,No ATT&CK-mappable semantic behavior found
449,0,1,False Positive,EVENT_4b246f20 EVENT_24da8a29 EVENT_f7c0b007 EVENT_655b0883 KERNEL_TIME_SYNC EVENT_15879ba7 EVENT_8517948b EVENT_853f0e2d DEVICE_NODE_CREATE DEVICE_NODE_REMOVE DEVICE_NODE_CREATE DEVICE_NODE_CREATE DEVICE_NODE_CREATE DEVICE_NODE_REMOVE DEVICE_NODE_REMOVE DEVICE_NODE_CREATE DEVICE_NODE_CREATE DEVICE_NODE_CREATE DEVICE_NODE_REMOVE DEVICE_NODE_CREATE DEVICE_NODE_CREATE DEVICE_NODE_CREATE DEVICE_NODE_CREATE DEVICE_NODE_REMOVE DEVICE_NODE_CREATE DEVICE_NODE_REMOVE DEVICE_NODE_REMOVE DEVICE_NODE_CREATE DEVICE_NODE_REMOVE DEVICE_NODE_CREATE DEVICE_NODE_REMOVE DEVICE_NODE_REMOVE DEVICE_NODE_REMOVE DEVICE_NODE_REMOVE DEVICE_NODE_REMOVE DEVICE_NODE_REMOVE DEVICE_NODE_CREATE DEVICE_NODE_CREATE DEVICE_NODE_CREATE DEVICE_NODE_CREATE DEVICE_NODE_CREATE DEVICE_NODE_CREATE DEVICE_NODE_CREATE DEVICE_NODE_CREATE DEVICE_NODE_CREATE DEVICE_NODE_CREATE DEVICE_NODE_CREATE DEVICE_NODE_CREATE DEVICE_NODE_REMOVE DEVICE_NODE_REMOVE DEVICE_NODE_CREATE DEVICE_NODE_CREATE,No MITRE Mapping,No MITRE Mapping,,,No ATT&CK-mappable semantic behavior found
451,0,1,False Positive,UNKNOWN_USER AUTH_FAIL UNKNOWN_USER AUTH_FAIL,T1110,Brute Force,credential-access,,Mapped from Linux semantic token.
454,0,1,False Positive,EVENT_b52b9c71 TTY_PEER_DIED,No MITRE Mapping,No MITRE Mapping,,,No ATT&CK-mappable semantic behavior found
455,0,1,False Positive,SESSION_CLOSE SESSION_OPEN,No MITRE Mapping,No MITRE Mapping,,,No ATT&CK-mappable semantic behavior found
458,0,1,False Positive,EVENT_0e8eb195 EVENT_e09949fa,No MITRE Mapping,No MITRE Mapping,,,No ATT&CK-mappable semantic behavior found
459,0,1,False Positive,UNKNOWN_USER AUTH_FAIL,T1110,Brute Force,credential-access,,Mapped from Linux semantic token.
461,0,1,False Positive,FTP_CONNECTION FTP_CONNECTION FTP_CONNECTION FTP_CONNECTION FTP_CONNECTION FTP_CONNECTION FTP_CONNECTION,T1133,External Remote Services,initial-access; persistence,,Mapped from Linux semantic token.
465,0,1,False Positive,UNKNOWN_USER AUTH_FAIL UNKNOWN_USER AUTH_FAIL,T1110,Brute Force,credential-access,,Mapped from Linux semantic token.
469,0,1,False Positive,DEVICE_NODE_REMOVE DEVICE_NODE_REMOVE DEVICE_NODE_REMOVE DEVICE_NODE_REMOVE DEVICE_NODE_REMOVE DEVICE_NODE_REMOVE DEVICE_NODE_REMOVE DEVICE_NODE_REMOVE DEVICE_NODE_REMOVE DEVICE_NODE_REMOVE SESSION_CLOSE DEVICE_NODE_CREATE DEVICE_NODE_REMOVE DEVICE_NODE_CREATE DEVICE_NODE_REMOVE DEVICE_NODE_REMOVE DEVICE_NODE_REMOVE EVENT_2a70c8fd EVENT_2c67d635 DEVICE_NODE_REMOVE DEVICE_NODE_REMOVE EVENT_cc67d624 DEVICE_NODE_REMOVE EVENT_59bfc37a EVENT_1bc825da EVENT_648310d8 EVENT_b05754fa EVENT_0657d962 EVENT_695d8251 EVENT_3924bf80 DEVICE_NODE_REMOVE,No MITRE Mapping,No MITRE Mapping,,,No ATT&CK-mappable semantic behavior found
471,0,1,False Positive,DEVICE_NODE_CREATE DEVICE_NODE_CREATE DEVICE_NODE_CREATE DEVICE_NODE_REMOVE DEVICE_NODE_REMOVE DEVICE_NODE_CREATE DEVICE_NODE_CREATE,No MITRE Mapping,No MITRE Mapping,,,No ATT&CK-mappable semantic behavior found
472,0,1,False Positive,EVENT_b97f359a EVENT_9808beac EVENT_6b878d6c EVENT_f0832ece EVENT_24406284 EVENT_82fec567 EVENT_52e09b9d EVENT_d5010182 EVENT_335ca259 EVENT_f681d323 EVENT_94079a98 EVENT_c0d9ffbe EVENT_bfcc4c57 EVENT_88f75265,No MITRE Mapping,No MITRE Mapping,,,No ATT&CK-mappable semantic behavior found
477,0,1,False Positive,TTY_TIMEOUT TTY_TIMEOUT,No MITRE Mapping,No MITRE Mapping,,,No ATT&CK-mappable semantic behavior found
478,0,1,False Positive,SESSION_CLOSE SSHD_EVENT,No MITRE Mapping,No MITRE Mapping,,,No ATT&CK-mappable semantic behavior found
479,0,1,False Positive,EVENT_b97f359a EVENT_6b878d6c EVENT_9808beac EVENT_f0832ece EVENT_88f75265 EVENT_c0d9ffbe EVENT_94079a98 EVENT_24406284 EVENT_bfcc4c57 EVENT_f681d323 EVENT_d5010182 EVENT_335ca259 EVENT_52e09b9d EVENT_82fec567,No MITRE Mapping,No MITRE Mapping,,,No ATT&CK-mappable semantic behavior found
489,0,1,False Positive,SESSION_CLOSE DEVICE_NODE_REMOVE DEVICE_NODE_CREATE DEVICE_NODE_CREATE DEVICE_NODE_REMOVE DEVICE_NODE_REMOVE DEVICE_NODE_CREATE DEVICE_NODE_REMOVE DEVICE_NODE_CREATE,No MITRE Mapping,No MITRE Mapping,,,No ATT&CK-mappable semantic behavior found
490,0,1,False Positive,EVENT_2a70c8fd EVENT_2c67d635 DEVICE_NODE_REMOVE DEVICE_NODE_REMOVE EVENT_cc67d624 DEVICE_NODE_REMOVE EVENT_59bfc37a EVENT_1bc825da EVENT_648310d8 EVENT_b05754fa EVENT_0657d962 EVENT_695d8251 EVENT_3924bf80 DEVICE_NODE_REMOVE,No MITRE Mapping,No MITRE Mapping,,,No ATT&CK-mappable semantic behavior found
493,0,1,False Positive,UNKNOWN_USER AUTH_FAIL,T1110,Brute Force,credential-access,,Mapped from Linux semantic token.
496,0,1,False Positive,FTP_CONNECTION FTP_CONNECTION FTP_CONNECTION FTP_CONNECTION,T1133,External Remote Services,initial-access; persistence,,Mapped from Linux semantic token.
497,0,1,False Positive,SESSION_CLOSE DEVICE_NODE_REMOVE DEVICE_NODE_REMOVE DEVICE_NODE_REMOVE DEVICE_NODE_REMOVE DEVICE_NODE_REMOVE DEVICE_NODE_REMOVE DEVICE_NODE_REMOVE DEVICE_NODE_REMOVE DEVICE_NODE_REMOVE DEVICE_NODE_REMOVE DEVICE_NODE_REMOVE DEVICE_NODE_REMOVE EVENT_2a70c8fd EVENT_2c67d635 EVENT_cc67d624 EVENT_59bfc37a EVENT_1bc825da,No MITRE Mapping,No MITRE Mapping,,,No ATT&CK-mappable semantic behavior found
498,0,1,False Positive,EVENT_a132837a EVENT_268d53fc EVENT_7e4970eb EVENT_d1429da6 TTY_PEER_DIED EVENT_ebb83b14 FTP_CONNECTION EVENT_e40c5373 EVENT_6516e5aa EVENT_d9f1af4c KERBEROS_AUTH_FAIL EVENT_d9f1af4c KERBEROS_AUTH_FAIL EVENT_82f006b4 EVENT_82f006b4,T1110; T1133,Brute Force; External Remote Services,credential-access; initial-access; persistence,,Mapped from Linux semantic token. | Mapped from Linux semantic token.
504,0,1,False Positive,TTY_TIMEOUT TTY_TIMEOUT,No MITRE Mapping,No MITRE Mapping,,,No ATT&CK-mappable semantic behavior found
506,0,1,False Positive,TTY_TIMEOUT TTY_TIMEOUT,No MITRE Mapping,No MITRE Mapping,,,No ATT&CK-mappable semantic behavior found
509,0,1,False Positive,KERNEL_TIME_SYNC EVENT_f5c6ea73,No MITRE Mapping,No MITRE Mapping,,,No ATT&CK-mappable semantic behavior found
512,0,1,False Positive,EVENT_b52b9c71 EVENT_c80127b9 SYSTEM_INFO SESSION_OPEN EVENT_496e5f6d,No MITRE Mapping,No MITRE Mapping,,,No ATT&CK-mappable semantic behavior found
515,0,1,False Positive,ROOT_AUTH_FAIL SSHD_EVENT,T1078; T1110,Valid Accounts; Brute Force,credential-access; defense-evasion; initial-access; persistence; privilege-escalation,Logon Session; User Account,Root account authentication activity was observed. Mapped from Linux semantic token. | Mapped from Linux semantic token.
517,0,1,False Positive,AUTH_FAIL_USER SESSION_OPEN,T1110,Brute Force,credential-access,,Mapped from Linux semantic token.
520,0,1,False Positive,FTP_CONNECTION FTP_CONNECTION FTP_CONNECTION FTP_CONNECTION FTP_CONNECTION FTP_CONNECTION,T1133,External Remote Services,initial-access; persistence,,Mapped from Linux semantic token.
521,0,1,False Positive,AUTH_FAIL_USER AUTH_FAIL_USER AUTH_FAIL_USER,T1110,Brute Force,credential-access,,Mapped from Linux semantic token.
522,0,1,False Positive,EVENT_ea3e4c85 EVENT_03649f38,No MITRE Mapping,No MITRE Mapping,,,No ATT&CK-mappable semantic behavior found
526,0,1,False Positive,EVENT_ea3e4c85 EVENT_03649f38 EVENT_ea3e4c85 EVENT_03649f38,No MITRE Mapping,No MITRE Mapping,,,No ATT&CK-mappable semantic behavior found
529,0,1,False Positive,EVENT_ea3e4c85 EVENT_03649f38 EVENT_ea3e4c85 EVENT_03649f38,No MITRE Mapping,No MITRE Mapping,,,No ATT&CK-mappable semantic behavior found
531,0,1,False Positive,SESSION_OPEN TTY_TIMEOUT,No MITRE Mapping,No MITRE Mapping,,,No ATT&CK-mappable semantic behavior found
535,0,1,False Positive,TTY_TIMEOUT TTY_TIMEOUT,No MITRE Mapping,No MITRE Mapping,,,No ATT&CK-mappable semantic behavior found
536,0,1,False Positive,DEVICE_NODE_REMOVE DEVICE_NODE_REMOVE DEVICE_NODE_CREATE DEVICE_NODE_CREATE DEVICE_NODE_REMOVE DEVICE_NODE_REMOVE DEVICE_NODE_CREATE DEVICE_NODE_CREATE,No MITRE Mapping,No MITRE Mapping,,,No ATT&CK-mappable semantic behavior found
537,0,1,False Positive,EVENT_6c31fad9 EVENT_f3dc4e72 DNS_LISTEN_IPV4 DNS_LISTEN_IPV4 DNS_LISTEN_IPV4 DNS_LISTEN_IPV4 DNS_LISTEN_IPV4 DNS_LISTEN_IPV4 DNS_LISTEN_IPV4 DNS_LISTEN_IPV4 EVENT_27a754c7 DNS_LISTEN_IPV4 DNS_LISTEN_IPV4 DNS_LISTEN_IPV4 DNS_LISTEN_IPV4 DNS_LISTEN_IPV4 DNS_LISTEN_IPV4 DNS_LISTEN_IPV4 DNS_LISTEN_IPV4 DNS_LISTEN_IPV4 DNS_LISTEN_IPV4 DNS_LISTEN_IPV4 DNS_LISTEN_IPV4 DNS_LISTEN_IPV4 DNS_LISTEN_IPV4 DNS_LISTEN_IPV4 DNS_LISTEN_IPV4 EVENT_e7715c43 EVENT_e7715c43 EVENT_75101dcd,No MITRE Mapping,No MITRE Mapping,,,No ATT&CK-mappable semantic behavior found
551,0,1,False Positive,TTY_PEER_DIED TTY_PEER_DIED TTY_PEER_DIED,No MITRE Mapping,No MITRE Mapping,,,No ATT&CK-mappable semantic behavior found
553,0,1,False Positive,SESSION_OPEN SESSION_OPEN,No MITRE Mapping,No MITRE Mapping,,,No ATT&CK-mappable semantic behavior found
555,0,1,False Positive,UNKNOWN_USER AUTH_FAIL UNKNOWN_USER AUTH_FAIL,T1110,Brute Force,credential-access,,Mapped from Linux semantic token.
558,0,1,False Positive,AUTH_FAIL UNKNOWN_USER UNKNOWN_USER AUTH_FAIL,T1110,Brute Force,credential-access,,Mapped from Linux semantic token.
560,0,1,False Positive,EVENT_f7c0b007 EVENT_24da8a29 EVENT_655b0883 KERNEL_TIME_SYNC EVENT_15879ba7 EVENT_8517948b EVENT_853f0e2d DEVICE_NODE_CREATE DEVICE_NODE_CREATE DEVICE_NODE_REMOVE DEVICE_NODE_REMOVE DEVICE_NODE_REMOVE DEVICE_NODE_REMOVE DEVICE_NODE_CREATE DEVICE_NODE_CREATE DEVICE_NODE_CREATE DEVICE_NODE_CREATE DEVICE_NODE_CREATE DEVICE_NODE_CREATE DEVICE_NODE_CREATE DEVICE_NODE_CREATE DEVICE_NODE_CREATE DEVICE_NODE_CREATE DEVICE_NODE_CREATE DEVICE_NODE_CREATE DEVICE_NODE_REMOVE DEVICE_NODE_REMOVE DEVICE_NODE_REMOVE DEVICE_NODE_REMOVE DEVICE_NODE_REMOVE DEVICE_NODE_REMOVE DEVICE_NODE_REMOVE DEVICE_NODE_REMOVE DEVICE_NODE_REMOVE DEVICE_NODE_REMOVE DEVICE_NODE_CREATE DEVICE_NODE_CREATE DEVICE_NODE_CREATE DEVICE_NODE_CREATE DEVICE_NODE_CREATE DEVICE_NODE_CREATE DEVICE_NODE_CREATE DEVICE_NODE_CREATE DEVICE_NODE_CREATE DEVICE_NODE_CREATE DEVICE_NODE_CREATE DEVICE_NODE_REMOVE DEVICE_NODE_CREATE DEVICE_NODE_REMOVE DEVICE_NODE_CREATE DEVICE_NODE_CREATE,No MITRE Mapping,No MITRE Mapping,,,No ATT&CK-mappable semantic behavior found
565,0,1,False Positive,FTP_CONNECTION FTP_CONNECTION FTP_CONNECTION FTP_CONNECTION FTP_CONNECTION FTP_CONNECTION FTP_CONNECTION,T1133,External Remote Services,initial-access; persistence,,Mapped from Linux semantic token.
569,0,1,False Positive,UNKNOWN_USER AUTH_FAIL,T1110,Brute Force,credential-access,,Mapped from Linux semantic token.
570,0,1,False Positive,UNKNOWN_USER AUTH_FAIL UNKNOWN_USER AUTH_FAIL,T1110,Brute Force,credential-access,,Mapped from Linux semantic token.
573,0,1,False Positive,EVENT_0e8eb195 EVENT_e09949fa SESSION_OPEN SESSION_CLOSE,No MITRE Mapping,No MITRE Mapping,,,No ATT&CK-mappable semantic behavior found
580,0,1,False Positive,SESSION_OPEN EVENT_8b80494b AUTH_FAIL_USER,T1110,Brute Force,credential-access,,Mapped from Linux semantic token.
583,0,1,False Positive,AUTH_FAIL UNKNOWN_USER UNKNOWN_USER AUTH_FAIL,T1110,Brute Force,credential-access,,Mapped from Linux semantic token.
586,0,1,False Positive,SESSION_CLOSE SESSION_OPEN SESSION_OPEN SESSION_CLOSE SESSION_OPEN SESSION_CLOSE SESSION_OPEN SESSION_OPEN SESSION_CLOSE SESSION_OPEN SESSION_CLOSE SESSION_CLOSE,No MITRE Mapping,No MITRE Mapping,,,No ATT&CK-mappable semantic behavior found
589,0,1,False Positive,EVENT_0e8eb195 EVENT_e09949fa,No MITRE Mapping,No MITRE Mapping,,,No ATT&CK-mappable semantic behavior found
595,0,1,False Positive,EVENT_0e8eb195 EVENT_e09949fa,No MITRE Mapping,No MITRE Mapping,,,No ATT&CK-mappable semantic behavior found
599,0,1,False Positive,UNKNOWN_USER AUTH_FAIL UNKNOWN_USER AUTH_FAIL,T1110,Brute Force,credential-access,,Mapped from Linux semantic token.
601,0,1,False Positive,UNKNOWN_USER_TIMEOUT UNKNOWN_USER_TIMEOUT,T1110,Brute Force,credential-access,,Mapped from Linux semantic token.
605,0,1,False Positive,SESSION_OPEN EVENT_496e5f6d,No MITRE Mapping,No MITRE Mapping,,,No ATT&CK-mappable semantic behavior found
609,0,1,False Positive,SESSION_CLOSE SESSION_OPEN,No MITRE Mapping,No MITRE Mapping,,,No ATT&CK-mappable semantic behavior found
611,0,1,False Positive,SESSION_CLOSE SESSION_CLOSE SESSION_CLOSE SESSION_CLOSE SESSION_OPEN SESSION_OPEN SESSION_OPEN SESSION_OPEN SESSION_CLOSE SESSION_CLOSE SESSION_CLOSE SESSION_OPEN SESSION_OPEN SESSION_CLOSE SESSION_OPEN SESSION_OPEN,No MITRE Mapping,No MITRE Mapping,,,No ATT&CK-mappable semantic behavior found
612,0,1,False Positive,TTY_TIMEOUT TTY_TIMEOUT,No MITRE Mapping,No MITRE Mapping,,,No ATT&CK-mappable semantic behavior found
617,0,1,False Positive,UNKNOWN_USER AUTH_FAIL UNKNOWN_USER AUTH_FAIL,T1110,Brute Force,credential-access,,Mapped from Linux semantic token.
618,0,1,False Positive,AUTH_FAIL_USER AUTH_FAIL_USER AUTH_FAIL_USER,T1110,Brute Force,credential-access,,Mapped from Linux semantic token.
625,0,1,False Positive,FTP_CONNECTION FTP_CONNECTION FTP_CONNECTION FTP_CONNECTION FTP_CONNECTION FTP_CONNECTION FTP_CONNECTION,T1133,External Remote Services,initial-access; persistence,,Mapped from Linux semantic token.
628,0,1,False Positive,EVENT_9998416d FTP_PEER_DISCONNECT EVENT_9998416d,T1133,External Remote Services,initial-access; persistence,,Mapped from Linux semantic token.
630,0,1,False Positive,DEVICE_NODE_REMOVE DEVICE_NODE_REMOVE DEVICE_NODE_CREATE DEVICE_NODE_REMOVE DEVICE_NODE_CREATE DEVICE_NODE_REMOVE DEVICE_NODE_CREATE DEVICE_NODE_CREATE,No MITRE Mapping,No MITRE Mapping,,,No ATT&CK-mappable semantic behavior found
634,0,1,False Positive,EVENT_ea3e4c85 EVENT_03649f38 SYSTEM_INFO EVENT_c80127b9 SESSION_OPEN EVENT_496e5f6d,No MITRE Mapping,No MITRE Mapping,,,No ATT&CK-mappable semantic behavior found
635,0,1,False Positive,TTY_PEER_DIED TTY_PEER_DIED TTY_PEER_DIED TTY_PEER_DIED TTY_PEER_DIED TTY_PEER_DIED TTY_PEER_DIED TTY_PEER_DIED TTY_PEER_DIED TTY_PEER_DIED TTY_PEER_DIED TTY_PEER_DIED TTY_PEER_DIED TTY_PEER_DIED TTY_PEER_DIED TTY_PEER_DIED TTY_PEER_DIED EVENT_b52b9c71 EVENT_b52b9c71 TTY_PEER_DIED TTY_PEER_DIED TTY_PEER_DIED,No MITRE Mapping,No MITRE Mapping,,,No ATT&CK-mappable semantic behavior found
638,0,1,False Positive,UNKNOWN_USER AUTH_FAIL,T1110,Brute Force,credential-access,,Mapped from Linux semantic token.
639,0,1,False Positive,TTY_TIMEOUT TTY_TIMEOUT,No MITRE Mapping,No MITRE Mapping,,,No ATT&CK-mappable semantic behavior found
644,0,1,False Positive,UNKNOWN_USER AUTH_FAIL,T1110,Brute Force,credential-access,,Mapped from Linux semantic token.
656,0,1,False Positive,AUTH_FAIL_USER AUTH_FAIL_USER AUTH_FAIL_USER,T1110,Brute Force,credential-access,,Mapped from Linux semantic token.
661,0,1,False Positive,AUTH_FAIL_USER AUTH_FAIL_USER AUTH_FAIL_USER AUTH_FAIL_USER,T1110,Brute Force,credential-access,,Mapped from Linux semantic token.
665,0,1,False Positive,EVENT_b97f359a EVENT_6b878d6c EVENT_9808beac EVENT_24406284 EVENT_f681d323 EVENT_82fec567 EVENT_335ca259 EVENT_52e09b9d EVENT_f0832ece EVENT_d5010182 EVENT_94079a98 EVENT_c0d9ffbe EVENT_88f75265 EVENT_bfcc4c57 EVENT_8db4d1ba EVENT_76d915af EVENT_464389b7 EVENT_1f6d8f8d EVENT_e7d54ca8 EVENT_26de28f7 SYSTEM_INFO SYSTEM_INFO EVENT_c80127b9 SESSION_OPEN SESSION_CLOSE DEVICE_NODE_CREATE EVENT_2de79c1b EVENT_4b246f20,No MITRE Mapping,No MITRE Mapping,,,No ATT&CK-mappable semantic behavior found
667,0,1,False Positive,EVENT_ea3e4c85 EVENT_03649f38 EVENT_ea3e4c85 EVENT_03649f38 EVENT_c80127b9 SYSTEM_INFO EVENT_496e5f6d SESSION_OPEN,No MITRE Mapping,No MITRE Mapping,,,No ATT&CK-mappable semantic behavior found
669,0,1,False Positive,AUTH_FAIL_USER SSHD_EVENT AUTH_FAIL_USER SSHD_EVENT,T1110,Brute Force,credential-access,,Mapped from Linux semantic token.
675,0,1,False Positive,EVENT_735263fa EVENT_ea3e4c85 EVENT_5cec81bf EVENT_735263fa,No MITRE Mapping,No MITRE Mapping,,,No ATT&CK-mappable semantic behavior found
677,0,1,False Positive,UNKNOWN_USER AUTH_FAIL UNKNOWN_USER AUTH_FAIL,T1110,Brute Force,credential-access,,Mapped from Linux semantic token.
678,0,1,False Positive,EVENT_9998416d FTP_PEER_DISCONNECT,T1133,External Remote Services,initial-access; persistence,,Mapped from Linux semantic token.
682,0,1,False Positive,DEVICE_NODE_CREATE DEVICE_NODE_CREATE DEVICE_NODE_CREATE DEVICE_NODE_CREATE DEVICE_NODE_CREATE DEVICE_NODE_CREATE DEVICE_NODE_CREATE DEVICE_NODE_CREATE DEVICE_NODE_CREATE DEVICE_NODE_CREATE DEVICE_NODE_CREATE DEVICE_NODE_CREATE DEVICE_NODE_CREATE DEVICE_NODE_CREATE DEVICE_NODE_REMOVE DEVICE_NODE_REMOVE DEVICE_NODE_CREATE DEVICE_NODE_CREATE,No MITRE Mapping,No MITRE Mapping,,,No ATT&CK-mappable semantic behavior found
686,0,1,False Positive,UNKNOWN_USER AUTH_FAIL,T1110,Brute Force,credential-access,,Mapped from Linux semantic token.
687,0,1,False Positive,DNS_LISTEN_IPV4 DNS_LISTEN_IPV4 DNS_LISTEN_IPV4 DNS_LISTEN_IPV4 DNS_LISTEN_IPV4 DNS_LISTEN_IPV4 DNS_LISTEN_IPV4 DNS_LISTEN_IPV4 DNS_LISTEN_IPV4 DNS_LISTEN_IPV4 DNS_LISTEN_IPV4 DNS_LISTEN_IPV4 EVENT_e7715c43 EVENT_e7715c43 DNS_LISTEN_IPV4 EVENT_75101dcd,No MITRE Mapping,No MITRE Mapping,,,No ATT&CK-mappable semantic behavior found
689,0,1,False Positive,UNKNOWN_USER AUTH_FAIL,T1110,Brute Force,credential-access,,Mapped from Linux semantic token.
691,0,1,False Positive,SESSION_CLOSE SESSION_CLOSE,No MITRE Mapping,No MITRE Mapping,,,No ATT&CK-mappable semantic behavior found
693,0,1,False Positive,SESSION_CLOSE DEVICE_NODE_REMOVE DEVICE_NODE_REMOVE DEVICE_NODE_REMOVE DEVICE_NODE_REMOVE DEVICE_NODE_REMOVE DEVICE_NODE_REMOVE DEVICE_NODE_REMOVE DEVICE_NODE_REMOVE DEVICE_NODE_REMOVE DEVICE_NODE_REMOVE,No MITRE Mapping,No MITRE Mapping,,,No ATT&CK-mappable semantic behavior found
698,0,1,False Positive,KERNEL_TIME_SYNC EVENT_f5c6ea73,No MITRE Mapping,No MITRE Mapping,,,No ATT&CK-mappable semantic behavior found
699,0,1,False Positive,UNKNOWN_USER AUTH_FAIL,T1110,Brute Force,credential-access,,Mapped from Linux semantic token.
700,0,1,False Positive,AUTH_FAIL UNKNOWN_USER UNKNOWN_USER AUTH_FAIL,T1110,Brute Force,credential-access,,Mapped from Linux semantic token.
705,0,1,False Positive,EVENT_e09949fa EVENT_0e8eb195,No MITRE Mapping,No MITRE Mapping,,,No ATT&CK-mappable semantic behavior found
709,0,1,False Positive,EVENT_f3dc4e72 EVENT_6c31fad9 DNS_LISTEN_IPV4 DNS_LISTEN_IPV4 DNS_LISTEN_IPV4 DNS_LISTEN_IPV4 DNS_LISTEN_IPV4 EVENT_27a754c7 DNS_LISTEN_IPV4 DNS_LISTEN_IPV4 DNS_LISTEN_IPV4 DNS_LISTEN_IPV4 DNS_LISTEN_IPV4 DNS_LISTEN_IPV4 DNS_LISTEN_IPV4 DNS_LISTEN_IPV4 DNS_LISTEN_IPV4 DNS_LISTEN_IPV4 DNS_LISTEN_IPV4 DNS_LISTEN_IPV4 DNS_LISTEN_IPV4 DNS_LISTEN_IPV4 DNS_LISTEN_IPV4 DNS_LISTEN_IPV4 DNS_LISTEN_IPV4 DNS_LISTEN_IPV4 EVENT_e7715c43 DNS_LISTEN_IPV4 EVENT_e7715c43 EVENT_75101dcd,No MITRE Mapping,No MITRE Mapping,,,No ATT&CK-mappable semantic behavior found
715,0,1,False Positive,AUTH_FAIL_USER SESSION_OPEN SESSION_CLOSE,T1110,Brute Force,credential-access,,Mapped from Linux semantic token.
720,0,1,False Positive,AUTH_FAIL_USER AUTH_FAIL_USER AUTH_FAIL_USER AUTH_FAIL_USER,T1110,Brute Force,credential-access,,Mapped from Linux semantic token.
724,0,1,False Positive,FTP_CONNECTION FTP_CONNECTION FTP_CONNECTION FTP_CONNECTION,T1133,External Remote Services,initial-access; persistence,,Mapped from Linux semantic token.
726,0,1,False Positive,EVENT_ea3e4c85 EVENT_c80127b9 SYSTEM_INFO EVENT_03649f38 SESSION_OPEN EVENT_496e5f6d,No MITRE Mapping,No MITRE Mapping,,,No ATT&CK-mappable semantic behavior found
728,0,1,False Positive,FTP_PEER_DISCONNECT EVENT_9998416d EVENT_9998416d FTP_PEER_DISCONNECT FTP_PEER_DISCONNECT FTP_PEER_DISCONNECT,T1133,External Remote Services,initial-access; persistence,,Mapped from Linux semantic token.
729,0,1,False Positive,EVENT_8db4d1ba EVENT_1f6d8f8d EVENT_e7d54ca8 EVENT_464389b7 EVENT_76d915af DEVICE_NODE_CREATE SYSTEM_INFO EVENT_26de28f7 SYSTEM_INFO EVENT_c80127b9 SESSION_CLOSE SESSION_OPEN EVENT_2de79c1b EVENT_4b246f20,No MITRE Mapping,No MITRE Mapping,,,No ATT&CK-mappable semantic behavior found
731,0,1,False Positive,AUTH_FAIL_USER SSHD_EVENT,T1110,Brute Force,credential-access,,Mapped from Linux semantic token.
736,0,1,False Positive,UNKNOWN_USER AUTH_FAIL,T1110,Brute Force,credential-access,,Mapped from Linux semantic token.
742,0,1,False Positive,EVENT_b97f359a EVENT_6b878d6c EVENT_f0832ece EVENT_9808beac EVENT_94079a98 EVENT_82fec567 EVENT_88f75265 EVENT_d5010182 EVENT_335ca259 EVENT_52e09b9d EVENT_c0d9ffbe EVENT_24406284 EVENT_f681d323 EVENT_bfcc4c57,No MITRE Mapping,No MITRE Mapping,,,No ATT&CK-mappable semantic behavior found
743,0,1,False Positive,FTP_CONNECTION FTP_CONNECTION FTP_CONNECTION FTP_CONNECTION FTP_CONNECTION FTP_CONNECTION,T1133,External Remote Services,initial-access; persistence,,Mapped from Linux semantic token.
745,0,1,False Positive,FTP_CONNECTION FTP_CONNECTION FTP_CONNECTION FTP_CONNECTION FTP_CONNECTION FTP_CONNECTION FTP_CONNECTION,T1133,External Remote Services,initial-access; persistence,,Mapped from Linux semantic token.
755,0,1,False Positive,FTP_CONNECTION FTP_CONNECTION FTP_CONNECTION FTP_CONNECTION FTP_CONNECTION FTP_CONNECTION FTP_CONNECTION,T1133,External Remote Services,initial-access; persistence,,Mapped from Linux semantic token.
757,0,1,False Positive,SESSION_OPEN SESSION_OPEN SESSION_CLOSE SESSION_CLOSE SESSION_OPEN SESSION_CLOSE,No MITRE Mapping,No MITRE Mapping,,,No ATT&CK-mappable semantic behavior found
762,0,1,False Positive,TTY_PEER_DIED TTY_PEER_DIED TTY_PEER_DIED TTY_PEER_DIED TTY_PEER_DIED,No MITRE Mapping,No MITRE Mapping,,,No ATT&CK-mappable semantic behavior found
764,0,1,False Positive,UNKNOWN_USER AUTH_FAIL,T1110,Brute Force,credential-access,,Mapped from Linux semantic token.
766,0,1,False Positive,AUTH_FAIL UNKNOWN_USER UNKNOWN_USER AUTH_FAIL,T1110,Brute Force,credential-access,,Mapped from Linux semantic token.
767,0,1,False Positive,EVENT_81a1ec4c EVENT_81a1ec4c EVENT_81a1ec4c EVENT_81a1ec4c EVENT_81a1ec4c EVENT_81a1ec4c EVENT_81a1ec4c FTP_CONNECTION EVENT_81a1ec4c FTP_CONNECTION FTP_CONNECTION FTP_CONNECTION FTP_CONNECTION FTP_CONNECTION FTP_CONNECTION FTP_CONNECTION,T1133,External Remote Services,initial-access; persistence,,Mapped from Linux semantic token.
770,0,1,False Positive,AUTH_FAIL_USER AUTH_FAIL_USER AUTH_FAIL_USER AUTH_FAIL_USER,T1110,Brute Force,credential-access,,Mapped from Linux semantic token.
772,0,1,False Positive,DEVICE_NODE_REMOVE DEVICE_NODE_REMOVE DEVICE_NODE_CREATE DEVICE_NODE_CREATE DEVICE_NODE_REMOVE DEVICE_NODE_REMOVE DEVICE_NODE_CREATE DEVICE_NODE_CREATE,No MITRE Mapping,No MITRE Mapping,,,No ATT&CK-mappable semantic behavior found
779,0,1,False Positive,UNKNOWN_USER AUTH_FAIL,T1110,Brute Force,credential-access,,Mapped from Linux semantic token.
797,0,1,False Positive,EVENT_ea3e4c85 EVENT_03649f38,No MITRE Mapping,No MITRE Mapping,,,No ATT&CK-mappable semantic behavior found
800,1,1,True Positive,FTP_CONNECTION FTP_CONNECTION FTP_CONNECTION FTP_CONNECTION FTP_CONNECTION FTP_CONNECTION FTP_CONNECTION FTP_CONNECTION FTP_CONNECTION FTP_CONNECTION FTP_CONNECTION FTP_CONNECTION FTP_CONNECTION FTP_CONNECTION FTP_CONNECTION FTP_CONNECTION FTP_CONNECTION FTP_CONNECTION FTP_CONNECTION FTP_CONNECTION FTP_CONNECTION FTP_CONNECTION FTP_CONNECTION,T1133,External Remote Services,initial-access; persistence,,Window contains 23 FTP connection events. Mapped from Linux semantic token.
801,1,1,True Positive,FTP_CONNECTION FTP_CONNECTION FTP_CONNECTION FTP_CONNECTION FTP_CONNECTION FTP_CONNECTION FTP_CONNECTION FTP_CONNECTION FTP_CONNECTION FTP_CONNECTION FTP_CONNECTION FTP_CONNECTION FTP_CONNECTION FTP_CONNECTION FTP_CONNECTION FTP_CONNECTION FTP_CONNECTION FTP_CONNECTION FTP_CONNECTION FTP_CONNECTION FTP_CONNECTION FTP_CONNECTION FTP_CONNECTION,T1133,External Remote Services,initial-access; persistence,,Window contains 23 FTP connection events. Mapped from Linux semantic token.
802,1,1,True Positive,AUTH_FAIL_USER AUTH_FAIL_USER AUTH_FAIL_USER AUTH_FAIL_USER AUTH_FAIL_USER AUTH_FAIL_USER AUTH_FAIL_USER AUTH_FAIL_USER AUTH_FAIL_USER AUTH_FAIL_USER,T1110,Brute Force,credential-access,,Window contains 10 authentication failures and 0 unknown-user events. Mapped from Linux semantic token.
803,1,1,True Positive,AUTH_FAIL_USER AUTH_FAIL_USER AUTH_FAIL_USER AUTH_FAIL_USER AUTH_FAIL_USER AUTH_FAIL_USER AUTH_FAIL_USER AUTH_FAIL_USER AUTH_FAIL_USER AUTH_FAIL_USER,T1110,Brute Force,credential-access,,Window contains 10 authentication failures and 0 unknown-user events. Mapped from Linux semantic token.
804,1,1,True Positive,FTP_CONNECTION FTP_CONNECTION FTP_CONNECTION FTP_CONNECTION FTP_CONNECTION FTP_CONNECTION FTP_CONNECTION FTP_CONNECTION FTP_CONNECTION FTP_CONNECTION FTP_CONNECTION FTP_CONNECTION FTP_CONNECTION FTP_CONNECTION FTP_CONNECTION FTP_CONNECTION FTP_CONNECTION FTP_CONNECTION FTP_CONNECTION FTP_CONNECTION FTP_CONNECTION FTP_CONNECTION FTP_CONNECTION,T1133,External Remote Services,initial-access; persistence,,Window contains 23 FTP connection events. Mapped from Linux semantic token.
805,1,1,True Positive,FTP_CONNECTION FTP_CONNECTION FTP_CONNECTION FTP_CONNECTION FTP_CONNECTION FTP_CONNECTION FTP_CONNECTION FTP_CONNECTION FTP_CONNECTION FTP_CONNECTION FTP_CONNECTION FTP_CONNECTION FTP_CONNECTION FTP_CONNECTION FTP_CONNECTION FTP_CONNECTION FTP_CONNECTION FTP_CONNECTION FTP_CONNECTION FTP_CONNECTION FTP_CONNECTION FTP_CONNECTION FTP_CONNECTION,T1133,External Remote Services,initial-access; persistence,,Window contains 23 FTP connection events. Mapped from Linux semantic token.
806,1,1,True Positive,FTP_CONNECTION FTP_CONNECTION FTP_CONNECTION FTP_CONNECTION FTP_CONNECTION FTP_CONNECTION FTP_CONNECTION FTP_CONNECTION FTP_CONNECTION FTP_CONNECTION FTP_CONNECTION FTP_CONNECTION FTP_CONNECTION FTP_CONNECTION,T1133,External Remote Services,initial-access; persistence,,Window contains 14 FTP connection events. Mapped from Linux semantic token.
807,1,1,True Positive,FTP_CONNECTION FTP_CONNECTION FTP_CONNECTION FTP_CONNECTION FTP_CONNECTION FTP_CONNECTION FTP_CONNECTION FTP_CONNECTION FTP_CONNECTION FTP_CONNECTION FTP_CONNECTION,T1133,External Remote Services,initial-access; persistence,,Window contains 11 FTP connection events. Mapped from Linux semantic token.
808,1,1,True Positive,FTP_CONNECTION FTP_CONNECTION FTP_CONNECTION FTP_CONNECTION FTP_CONNECTION FTP_CONNECTION FTP_CONNECTION FTP_CONNECTION FTP_CONNECTION FTP_CONNECTION FTP_CONNECTION FTP_CONNECTION FTP_CONNECTION FTP_CONNECTION FTP_CONNECTION FTP_CONNECTION FTP_CONNECTION FTP_CONNECTION FTP_CONNECTION FTP_CONNECTION FTP_CONNECTION FTP_CONNECTION FTP_CONNECTION,T1133,External Remote Services,initial-access; persistence,,Window contains 23 FTP connection events. Mapped from Linux semantic token.
809,1,1,True Positive,FTP_CONNECTION FTP_CONNECTION FTP_CONNECTION FTP_CONNECTION FTP_CONNECTION FTP_CONNECTION FTP_CONNECTION FTP_CONNECTION FTP_CONNECTION FTP_CONNECTION FTP_CONNECTION FTP_CONNECTION FTP_CONNECTION FTP_CONNECTION FTP_CONNECTION FTP_CONNECTION FTP_CONNECTION FTP_CONNECTION FTP_CONNECTION FTP_CONNECTION FTP_CONNECTION FTP_CONNECTION FTP_CONNECTION,T1133,External Remote Services,initial-access; persistence,,Window contains 23 FTP connection events. Mapped from Linux semantic token.
810,1,1,True Positive,FTP_CONNECTION FTP_CONNECTION FTP_CONNECTION FTP_CONNECTION FTP_CONNECTION FTP_CONNECTION FTP_CONNECTION FTP_CONNECTION FTP_CONNECTION FTP_CONNECTION FTP_CONNECTION FTP_CONNECTION FTP_CONNECTION FTP_CONNECTION FTP_CONNECTION FTP_CONNECTION,T1133,External Remote Services,initial-access; persistence,,Window contains 16 FTP connection events. Mapped from Linux semantic token.
811,1,1,True Positive,FTP_CONNECTION FTP_CONNECTION FTP_CONNECTION FTP_CONNECTION FTP_CONNECTION FTP_CONNECTION FTP_CONNECTION FTP_CONNECTION FTP_CONNECTION FTP_CONNECTION FTP_CONNECTION FTP_CONNECTION FTP_CONNECTION FTP_CONNECTION FTP_CONNECTION FTP_CONNECTION,T1133,External Remote Services,initial-access; persistence,,Window contains 16 FTP connection events. Mapped from Linux semantic token.
812,1,1,True Positive,AUTH_FAIL AUTH_FAIL AUTH_FAIL AUTH_FAIL AUTH_FAIL UNKNOWN_USER UNKNOWN_USER UNKNOWN_USER UNKNOWN_USER UNKNOWN_USER AUTH_FAIL AUTH_FAIL UNKNOWN_USER AUTH_FAIL UNKNOWN_USER AUTH_FAIL UNKNOWN_USER AUTH_FAIL UNKNOWN_USER UNKNOWN_USER,T1110,Brute Force,credential-access,,Window contains 10 authentication failures and 10 unknown-user events. Mapped from Linux semantic token.
813,1,1,True Positive,AUTH_FAIL AUTH_FAIL AUTH_FAIL AUTH_FAIL AUTH_FAIL UNKNOWN_USER UNKNOWN_USER UNKNOWN_USER UNKNOWN_USER UNKNOWN_USER AUTH_FAIL AUTH_FAIL UNKNOWN_USER AUTH_FAIL UNKNOWN_USER AUTH_FAIL UNKNOWN_USER AUTH_FAIL UNKNOWN_USER UNKNOWN_USER,T1110,Brute Force,credential-access,,Window contains 10 authentication failures and 10 unknown-user events. Mapped from Linux semantic token.
814,1,1,True Positive,AUTH_FAIL_USER AUTH_FAIL_USER AUTH_FAIL_USER AUTH_FAIL_USER AUTH_FAIL_USER AUTH_FAIL_USER,T1110,Brute Force,credential-access,,Window contains 6 authentication failures and 0 unknown-user events. Mapped from Linux semantic token.
815,1,1,True Positive,AUTH_FAIL_USER AUTH_FAIL_USER AUTH_FAIL_USER AUTH_FAIL_USER AUTH_FAIL_USER AUTH_FAIL_USER,T1110,Brute Force,credential-access,,Window contains 6 authentication failures and 0 unknown-user events. Mapped from Linux semantic token.
816,1,1,True Positive,ROOT_AUTH_FAIL ROOT_AUTH_FAIL ROOT_AUTH_FAIL ROOT_AUTH_FAIL ROOT_AUTH_FAIL ROOT_AUTH_FAIL ROOT_AUTH_FAIL ROOT_AUTH_FAIL ROOT_AUTH_FAIL ROOT_AUTH_FAIL,T1110; T1078,Brute Force; Valid Accounts,credential-access; defense-evasion; initial-access; persistence; privilege-escalation,Logon Session; User Account,Window contains 10 authentication failures and 0 unknown-user events. Mapped from Linux semantic token. | Root account authentication activity was observed. Mapped from Linux semantic token.
817,1,1,True Positive,ROOT_AUTH_FAIL ROOT_AUTH_FAIL ROOT_AUTH_FAIL ROOT_AUTH_FAIL ROOT_AUTH_FAIL ROOT_AUTH_FAIL ROOT_AUTH_FAIL ROOT_AUTH_FAIL ROOT_AUTH_FAIL ROOT_AUTH_FAIL,T1110; T1078,Brute Force; Valid Accounts,credential-access; defense-evasion; initial-access; persistence; privilege-escalation,Logon Session; User Account,Window contains 10 authentication failures and 0 unknown-user events. Mapped from Linux semantic token. | Root account authentication activity was observed. Mapped from Linux semantic token.
818,1,1,True Positive,FTP_CONNECTION FTP_CONNECTION FTP_CONNECTION FTP_CONNECTION FTP_CONNECTION FTP_CONNECTION FTP_CONNECTION FTP_CONNECTION FTP_CONNECTION FTP_CONNECTION FTP_CONNECTION FTP_CONNECTION FTP_CONNECTION FTP_CONNECTION FTP_CONNECTION FTP_CONNECTION FTP_CONNECTION FTP_CONNECTION FTP_CONNECTION,T1133,External Remote Services,initial-access; persistence,,Window contains 19 FTP connection events. Mapped from Linux semantic token.
819,1,1,True Positive,FTP_CONNECTION FTP_CONNECTION FTP_CONNECTION FTP_CONNECTION FTP_CONNECTION FTP_CONNECTION FTP_CONNECTION FTP_CONNECTION FTP_CONNECTION FTP_CONNECTION FTP_CONNECTION FTP_CONNECTION FTP_CONNECTION FTP_CONNECTION FTP_CONNECTION FTP_CONNECTION FTP_CONNECTION FTP_CONNECTION FTP_CONNECTION FTP_CONNECTION FTP_CONNECTION FTP_CONNECTION FTP_CONNECTION,T1133,External Remote Services,initial-access; persistence,,Window contains 23 FTP connection events. Mapped from Linux semantic token.
820,1,1,True Positive,FTP_CONNECTION FTP_CONNECTION FTP_CONNECTION FTP_CONNECTION FTP_CONNECTION FTP_CONNECTION FTP_CONNECTION FTP_CONNECTION FTP_CONNECTION FTP_CONNECTION FTP_CONNECTION FTP_CONNECTION FTP_CONNECTION FTP_CONNECTION FTP_CONNECTION FTP_CONNECTION FTP_CONNECTION FTP_CONNECTION FTP_CONNECTION FTP_CONNECTION FTP_CONNECTION FTP_CONNECTION FTP_CONNECTION,T1133,External Remote Services,initial-access; persistence,,Window contains 23 FTP connection events. Mapped from Linux semantic token.
821,1,1,True Positive,FTP_CONNECTION FTP_CONNECTION FTP_CONNECTION FTP_CONNECTION FTP_CONNECTION FTP_CONNECTION FTP_CONNECTION FTP_CONNECTION FTP_CONNECTION FTP_CONNECTION FTP_CONNECTION FTP_CONNECTION FTP_CONNECTION FTP_CONNECTION FTP_CONNECTION FTP_CONNECTION FTP_CONNECTION FTP_CONNECTION FTP_CONNECTION FTP_CONNECTION FTP_CONNECTION FTP_CONNECTION FTP_CONNECTION,T1133,External Remote Services,initial-access; persistence,,Window contains 23 FTP connection events. Mapped from Linux semantic token.
822,1,1,True Positive,AUTH_FAIL UNKNOWN_USER AUTH_FAIL UNKNOWN_USER AUTH_FAIL UNKNOWN_USER AUTH_FAIL UNKNOWN_USER,T1110,Brute Force,credential-access,,Window contains 4 authentication failures and 4 unknown-user events. Mapped from Linux semantic token.
823,1,1,True Positive,AUTH_FAIL UNKNOWN_USER AUTH_FAIL UNKNOWN_USER AUTH_FAIL UNKNOWN_USER AUTH_FAIL UNKNOWN_USER,T1110,Brute Force,credential-access,,Window contains 4 authentication failures and 4 unknown-user events. Mapped from Linux semantic token.
824,1,1,True Positive,AUTH_FAIL_USER AUTH_FAIL_USER AUTH_FAIL_USER AUTH_FAIL_USER AUTH_FAIL_USER AUTH_FAIL_USER AUTH_FAIL_USER AUTH_FAIL_USER AUTH_FAIL_USER AUTH_FAIL_USER,T1110,Brute Force,credential-access,,Window contains 10 authentication failures and 0 unknown-user events. Mapped from Linux semantic token.
825,1,1,True Positive,AUTH_FAIL_USER AUTH_FAIL_USER AUTH_FAIL_USER AUTH_FAIL_USER AUTH_FAIL_USER AUTH_FAIL_USER AUTH_FAIL_USER AUTH_FAIL_USER AUTH_FAIL_USER AUTH_FAIL_USER,T1110,Brute Force,credential-access,,Window contains 10 authentication failures and 0 unknown-user events. Mapped from Linux semantic token.
826,1,1,True Positive,FTP_CONNECTION FTP_CONNECTION FTP_CONNECTION FTP_CONNECTION FTP_CONNECTION FTP_CONNECTION FTP_CONNECTION FTP_CONNECTION FTP_CONNECTION FTP_CONNECTION FTP_CONNECTION FTP_CONNECTION FTP_CONNECTION FTP_CONNECTION FTP_CONNECTION FTP_CONNECTION FTP_CONNECTION FTP_CONNECTION FTP_CONNECTION FTP_CONNECTION FTP_CONNECTION FTP_CONNECTION FTP_CONNECTION,T1133,External Remote Services,initial-access; persistence,,Window contains 23 FTP connection events. Mapped from Linux semantic token.
827,1,1,True Positive,FTP_CONNECTION FTP_CONNECTION FTP_CONNECTION FTP_CONNECTION FTP_CONNECTION FTP_CONNECTION FTP_CONNECTION FTP_CONNECTION FTP_CONNECTION FTP_CONNECTION FTP_CONNECTION FTP_CONNECTION FTP_CONNECTION FTP_CONNECTION FTP_CONNECTION FTP_CONNECTION FTP_CONNECTION FTP_CONNECTION FTP_CONNECTION FTP_CONNECTION FTP_CONNECTION FTP_CONNECTION FTP_CONNECTION,T1133,External Remote Services,initial-access; persistence,,Window contains 23 FTP connection events. Mapped from Linux semantic token.
828,1,1,True Positive,AUTH_FAIL_USER AUTH_FAIL_USER AUTH_FAIL_USER AUTH_FAIL_USER AUTH_FAIL_USER AUTH_FAIL_USER AUTH_FAIL_USER AUTH_FAIL_USER AUTH_FAIL_USER,T1110,Brute Force,credential-access,,Window contains 9 authentication failures and 0 unknown-user events. Mapped from Linux semantic token.
829,1,1,True Positive,AUTH_FAIL_USER AUTH_FAIL_USER AUTH_FAIL_USER AUTH_FAIL_USER AUTH_FAIL_USER AUTH_FAIL_USER AUTH_FAIL_USER AUTH_FAIL_USER AUTH_FAIL_USER,T1110,Brute Force,credential-access,,Window contains 9 authentication failures and 0 unknown-user events. Mapped from Linux semantic token.
830,1,1,True Positive,UNKNOWN_USER AUTH_FAIL AUTH_FAIL UNKNOWN_USER UNKNOWN_USER AUTH_FAIL UNKNOWN_USER AUTH_FAIL UNKNOWN_USER AUTH_FAIL UNKNOWN_USER AUTH_FAIL AUTH_FAIL UNKNOWN_USER AUTH_FAIL UNKNOWN_USER UNKNOWN_USER AUTH_FAIL UNKNOWN_USER AUTH_FAIL,T1110,Brute Force,credential-access,,Window contains 10 authentication failures and 10 unknown-user events. Mapped from Linux semantic token.
831,1,1,True Positive,UNKNOWN_USER AUTH_FAIL AUTH_FAIL UNKNOWN_USER UNKNOWN_USER AUTH_FAIL UNKNOWN_USER AUTH_FAIL UNKNOWN_USER AUTH_FAIL UNKNOWN_USER AUTH_FAIL AUTH_FAIL UNKNOWN_USER AUTH_FAIL UNKNOWN_USER UNKNOWN_USER AUTH_FAIL UNKNOWN_USER AUTH_FAIL,T1110,Brute Force,credential-access,,Window contains 10 authentication failures and 10 unknown-user events. Mapped from Linux semantic token.
832,1,1,True Positive,ROOT_AUTH_FAIL ROOT_AUTH_FAIL ROOT_AUTH_FAIL ROOT_AUTH_FAIL ROOT_AUTH_FAIL ROOT_AUTH_FAIL ROOT_AUTH_FAIL ROOT_AUTH_FAIL ROOT_AUTH_FAIL ROOT_AUTH_FAIL ROOT_AUTH_FAIL ROOT_AUTH_FAIL ROOT_AUTH_FAIL ROOT_AUTH_FAIL ROOT_AUTH_FAIL ROOT_AUTH_FAIL,T1110; T1078,Brute Force; Valid Accounts,credential-access; defense-evasion; initial-access; persistence; privilege-escalation,Logon Session; User Account,Window contains 16 authentication failures and 0 unknown-user events. Mapped from Linux semantic token. | Root account authentication activity was observed. Mapped from Linux semantic token.
833,1,1,True Positive,ROOT_AUTH_FAIL ROOT_AUTH_FAIL ROOT_AUTH_FAIL ROOT_AUTH_FAIL ROOT_AUTH_FAIL ROOT_AUTH_FAIL ROOT_AUTH_FAIL ROOT_AUTH_FAIL ROOT_AUTH_FAIL ROOT_AUTH_FAIL ROOT_AUTH_FAIL ROOT_AUTH_FAIL ROOT_AUTH_FAIL ROOT_AUTH_FAIL ROOT_AUTH_FAIL ROOT_AUTH_FAIL,T1110; T1078,Brute Force; Valid Accounts,credential-access; defense-evasion; initial-access; persistence; privilege-escalation,Logon Session; User Account,Window contains 16 authentication failures and 0 unknown-user events. Mapped from Linux semantic token. | Root account authentication activity was observed. Mapped from Linux semantic token.
834,1,1,True Positive,ROOT_AUTH_FAIL ROOT_AUTH_FAIL ROOT_AUTH_FAIL ROOT_AUTH_FAIL ROOT_AUTH_FAIL,T1110; T1078,Brute Force; Valid Accounts,credential-access; defense-evasion; initial-access; persistence; privilege-escalation,Logon Session; User Account,Window contains 5 authentication failures and 0 unknown-user events. Mapped from Linux semantic token. | Root account authentication activity was observed. Mapped from Linux semantic token.
835,1,1,True Positive,ROOT_AUTH_FAIL ROOT_AUTH_FAIL ROOT_AUTH_FAIL ROOT_AUTH_FAIL ROOT_AUTH_FAIL ROOT_AUTH_FAIL ROOT_AUTH_FAIL ROOT_AUTH_FAIL ROOT_AUTH_FAIL ROOT_AUTH_FAIL ROOT_AUTH_FAIL ROOT_AUTH_FAIL ROOT_AUTH_FAIL ROOT_AUTH_FAIL ROOT_AUTH_FAIL ROOT_AUTH_FAIL,T1110; T1078,Brute Force; Valid Accounts,credential-access; defense-evasion; initial-access; persistence; privilege-escalation,Logon Session; User Account,Window contains 16 authentication failures and 0 unknown-user events. Mapped from Linux semantic token. | Root account authentication activity was observed. Mapped from Linux semantic token.
836,1,1,True Positive,ROOT_AUTH_FAIL ROOT_AUTH_FAIL ROOT_AUTH_FAIL ROOT_AUTH_FAIL ROOT_AUTH_FAIL ROOT_AUTH_FAIL ROOT_AUTH_FAIL ROOT_AUTH_FAIL ROOT_AUTH_FAIL ROOT_AUTH_FAIL ROOT_AUTH_FAIL ROOT_AUTH_FAIL,T1110; T1078,Brute Force; Valid Accounts,credential-access; defense-evasion; initial-access; persistence; privilege-escalation,Logon Session; User Account,Window contains 12 authentication failures and 0 unknown-user events. Mapped from Linux semantic token. | Root account authentication activity was observed. Mapped from Linux semantic token.
837,1,1,True Positive,UNKNOWN_USER AUTH_FAIL UNKNOWN_USER AUTH_FAIL UNKNOWN_USER UNKNOWN_USER AUTH_FAIL AUTH_FAIL AUTH_FAIL AUTH_FAIL UNKNOWN_USER AUTH_FAIL UNKNOWN_USER AUTH_FAIL UNKNOWN_USER AUTH_FAIL UNKNOWN_USER UNKNOWN_USER AUTH_FAIL UNKNOWN_USER,T1110,Brute Force,credential-access,,Window contains 10 authentication failures and 10 unknown-user events. Mapped from Linux semantic token.
838,1,1,True Positive,UNKNOWN_USER AUTH_FAIL UNKNOWN_USER AUTH_FAIL UNKNOWN_USER UNKNOWN_USER AUTH_FAIL AUTH_FAIL AUTH_FAIL AUTH_FAIL UNKNOWN_USER AUTH_FAIL UNKNOWN_USER AUTH_FAIL UNKNOWN_USER AUTH_FAIL UNKNOWN_USER UNKNOWN_USER AUTH_FAIL UNKNOWN_USER,T1110,Brute Force,credential-access,,Window contains 10 authentication failures and 10 unknown-user events. Mapped from Linux semantic token.
839,1,1,True Positive,FTP_CONNECTION FTP_CONNECTION FTP_CONNECTION FTP_CONNECTION FTP_CONNECTION FTP_CONNECTION FTP_CONNECTION FTP_CONNECTION FTP_CONNECTION FTP_CONNECTION FTP_CONNECTION FTP_CONNECTION FTP_CONNECTION FTP_CONNECTION FTP_CONNECTION FTP_CONNECTION FTP_CONNECTION FTP_CONNECTION FTP_CONNECTION FTP_CONNECTION FTP_CONNECTION FTP_CONNECTION FTP_CONNECTION,T1133,External Remote Services,initial-access; persistence,,Window contains 23 FTP connection events. Mapped from Linux semantic token.
840,1,1,True Positive,FTP_CONNECTION FTP_CONNECTION FTP_CONNECTION FTP_CONNECTION FTP_CONNECTION FTP_CONNECTION FTP_CONNECTION FTP_CONNECTION FTP_CONNECTION FTP_CONNECTION FTP_CONNECTION FTP_CONNECTION FTP_CONNECTION FTP_CONNECTION FTP_CONNECTION FTP_CONNECTION FTP_CONNECTION FTP_CONNECTION FTP_CONNECTION FTP_CONNECTION FTP_CONNECTION FTP_CONNECTION FTP_CONNECTION,T1133,External Remote Services,initial-access; persistence,,Window contains 23 FTP connection events. Mapped from Linux semantic token.
841,1,1,True Positive,FTP_CONNECTION FTP_CONNECTION FTP_CONNECTION FTP_CONNECTION FTP_CONNECTION FTP_CONNECTION FTP_CONNECTION FTP_CONNECTION FTP_CONNECTION FTP_CONNECTION FTP_CONNECTION FTP_CONNECTION,T1133,External Remote Services,initial-access; persistence,,Window contains 12 FTP connection events. Mapped from Linux semantic token.
842,1,1,True Positive,FTP_CONNECTION FTP_CONNECTION FTP_CONNECTION FTP_CONNECTION FTP_CONNECTION FTP_CONNECTION FTP_CONNECTION FTP_CONNECTION FTP_CONNECTION FTP_CONNECTION FTP_CONNECTION FTP_CONNECTION,T1133,External Remote Services,initial-access; persistence,,Window contains 12 FTP connection events. Mapped from Linux semantic token.
843,1,1,True Positive,ROOT_AUTH_FAIL ROOT_AUTH_FAIL,T1078; T1110,Valid Accounts; Brute Force,credential-access; defense-evasion; initial-access; persistence; privilege-escalation,Logon Session; User Account,Root account authentication activity was observed. Mapped from Linux semantic token. | Mapped from Linux semantic token.
844,1,1,True Positive,ROOT_AUTH_FAIL ROOT_AUTH_FAIL,T1078; T1110,Valid Accounts; Brute Force,credential-access; defense-evasion; initial-access; persistence; privilege-escalation,Logon Session; User Account,Root account authentication activity was observed. Mapped from Linux semantic token. | Mapped from Linux semantic token.
845,1,1,True Positive,AUTH_FAIL UNKNOWN_USER UNKNOWN_USER AUTH_FAIL UNKNOWN_USER AUTH_FAIL UNKNOWN_USER AUTH_FAIL UNKNOWN_USER AUTH_FAIL UNKNOWN_USER AUTH_FAIL UNKNOWN_USER AUTH_FAIL AUTH_FAIL UNKNOWN_USER UNKNOWN_USER AUTH_FAIL,T1110,Brute Force,credential-access,,Window contains 9 authentication failures and 9 unknown-user events. Mapped from Linux semantic token.
846,1,1,True Positive,UNKNOWN_USER AUTH_FAIL UNKNOWN_USER AUTH_FAIL UNKNOWN_USER AUTH_FAIL UNKNOWN_USER AUTH_FAIL UNKNOWN_USER AUTH_FAIL AUTH_FAIL UNKNOWN_USER UNKNOWN_USER AUTH_FAIL UNKNOWN_USER AUTH_FAIL UNKNOWN_USER AUTH_FAIL UNKNOWN_USER AUTH_FAIL AUTH_FAIL UNKNOWN_USER UNKNOWN_USER AUTH_FAIL UNKNOWN_USER AUTH_FAIL UNKNOWN_USER AUTH_FAIL UNKNOWN_USER AUTH_FAIL,T1110,Brute Force,credential-access,,Window contains 15 authentication failures and 15 unknown-user events. Mapped from Linux semantic token.
847,1,1,True Positive,UNKNOWN_USER AUTH_FAIL UNKNOWN_USER AUTH_FAIL UNKNOWN_USER AUTH_FAIL AUTH_FAIL UNKNOWN_USER UNKNOWN_USER AUTH_FAIL UNKNOWN_USER AUTH_FAIL UNKNOWN_USER AUTH_FAIL UNKNOWN_USER AUTH_FAIL UNKNOWN_USER AUTH_FAIL UNKNOWN_USER AUTH_FAIL AUTH_FAIL UNKNOWN_USER AUTH_FAIL UNKNOWN_USER AUTH_FAIL UNKNOWN_USER,T1110,Brute Force,credential-access,,Window contains 13 authentication failures and 13 unknown-user events. Mapped from Linux semantic token.
848,1,1,True Positive,UNKNOWN_USER AUTH_FAIL UNKNOWN_USER AUTH_FAIL AUTH_FAIL UNKNOWN_USER AUTH_FAIL UNKNOWN_USER AUTH_FAIL UNKNOWN_USER,T1110,Brute Force,credential-access,,Window contains 5 authentication failures and 5 unknown-user events. Mapped from Linux semantic token.
849,1,1,True Positive,UNKNOWN_USER AUTH_FAIL UNKNOWN_USER AUTH_FAIL UNKNOWN_USER AUTH_FAIL,T1110,Brute Force,credential-access,,Window contains 3 authentication failures and 3 unknown-user events. Mapped from Linux semantic token.
850,1,1,True Positive,ROOT_AUTH_FAIL ROOT_AUTH_FAIL ROOT_AUTH_FAIL ROOT_AUTH_FAIL ROOT_AUTH_FAIL ROOT_AUTH_FAIL ROOT_AUTH_FAIL ROOT_AUTH_FAIL ROOT_AUTH_FAIL ROOT_AUTH_FAIL,T1110; T1078,Brute Force; Valid Accounts,credential-access; defense-evasion; initial-access; persistence; privilege-escalation,Logon Session; User Account,Window contains 10 authentication failures and 0 unknown-user events. Mapped from Linux semantic token. | Root account authentication activity was observed. Mapped from Linux semantic token.
851,1,1,True Positive,ROOT_AUTH_FAIL ROOT_AUTH_FAIL ROOT_AUTH_FAIL ROOT_AUTH_FAIL ROOT_AUTH_FAIL ROOT_AUTH_FAIL ROOT_AUTH_FAIL ROOT_AUTH_FAIL ROOT_AUTH_FAIL ROOT_AUTH_FAIL,T1110; T1078,Brute Force; Valid Accounts,credential-access; defense-evasion; initial-access; persistence; privilege-escalation,Logon Session; User Account,Window contains 10 authentication failures and 0 unknown-user events. Mapped from Linux semantic token. | Root account authentication activity was observed. Mapped from Linux semantic token.
852,1,1,True Positive,AUTH_FAIL UNKNOWN_USER UNKNOWN_USER AUTH_FAIL AUTH_FAIL UNKNOWN_USER UNKNOWN_USER AUTH_FAIL UNKNOWN_USER AUTH_FAIL UNKNOWN_USER AUTH_FAIL AUTH_FAIL UNKNOWN_USER AUTH_FAIL UNKNOWN_USER UNKNOWN_USER AUTH_FAIL,T1110,Brute Force,credential-access,,Window contains 9 authentication failures and 9 unknown-user events. Mapped from Linux semantic token.
853,1,1,True Positive,AUTH_FAIL UNKNOWN_USER UNKNOWN_USER AUTH_FAIL AUTH_FAIL UNKNOWN_USER UNKNOWN_USER AUTH_FAIL UNKNOWN_USER AUTH_FAIL UNKNOWN_USER AUTH_FAIL AUTH_FAIL UNKNOWN_USER AUTH_FAIL UNKNOWN_USER UNKNOWN_USER AUTH_FAIL UNKNOWN_USER AUTH_FAIL,T1110,Brute Force,credential-access,,Window contains 10 authentication failures and 10 unknown-user events. Mapped from Linux semantic token.
854,1,1,True Positive,AUTH_FAIL UNKNOWN_USER UNKNOWN_USER AUTH_FAIL UNKNOWN_USER AUTH_FAIL UNKNOWN_USER AUTH_FAIL UNKNOWN_USER AUTH_FAIL,T1110,Brute Force,credential-access,,Window contains 5 authentication failures and 5 unknown-user events. Mapped from Linux semantic token.
855,1,1,True Positive,ROOT_AUTH_FAIL ROOT_AUTH_FAIL ROOT_AUTH_FAIL ROOT_AUTH_FAIL ROOT_AUTH_FAIL ROOT_AUTH_FAIL ROOT_AUTH_FAIL ROOT_AUTH_FAIL ROOT_AUTH_FAIL ROOT_AUTH_FAIL ROOT_AUTH_FAIL,T1110; T1078,Brute Force; Valid Accounts,credential-access; defense-evasion; initial-access; persistence; privilege-escalation,Logon Session; User Account,Window contains 11 authentication failures and 0 unknown-user events. Mapped from Linux semantic token. | Root account authentication activity was observed. Mapped from Linux semantic token.
856,1,1,True Positive,ROOT_AUTH_FAIL ROOT_AUTH_FAIL ROOT_AUTH_FAIL ROOT_AUTH_FAIL ROOT_AUTH_FAIL ROOT_AUTH_FAIL ROOT_AUTH_FAIL ROOT_AUTH_FAIL ROOT_AUTH_FAIL ROOT_AUTH_FAIL ROOT_AUTH_FAIL ROOT_AUTH_FAIL ROOT_AUTH_FAIL ROOT_AUTH_FAIL ROOT_AUTH_FAIL ROOT_AUTH_FAIL ROOT_AUTH_FAIL ROOT_AUTH_FAIL ROOT_AUTH_FAIL ROOT_AUTH_FAIL ROOT_AUTH_FAIL ROOT_AUTH_FAIL,T1110; T1078,Brute Force; Valid Accounts,credential-access; defense-evasion; initial-access; persistence; privilege-escalation,Logon Session; User Account,Window contains 22 authentication failures and 0 unknown-user events. Mapped from Linux semantic token. | Root account authentication activity was observed. Mapped from Linux semantic token.
857,1,1,True Positive,ROOT_AUTH_FAIL ROOT_AUTH_FAIL ROOT_AUTH_FAIL ROOT_AUTH_FAIL ROOT_AUTH_FAIL ROOT_AUTH_FAIL ROOT_AUTH_FAIL ROOT_AUTH_FAIL ROOT_AUTH_FAIL ROOT_AUTH_FAIL ROOT_AUTH_FAIL ROOT_AUTH_FAIL,T1110; T1078,Brute Force; Valid Accounts,credential-access; defense-evasion; initial-access; persistence; privilege-escalation,Logon Session; User Account,Window contains 12 authentication failures and 0 unknown-user events. Mapped from Linux semantic token. | Root account authentication activity was observed. Mapped from Linux semantic token.
858,1,1,True Positive,ROOT_AUTH_FAIL ROOT_AUTH_FAIL ROOT_AUTH_FAIL,T1078; T1110,Valid Accounts; Brute Force,credential-access; defense-evasion; initial-access; persistence; privilege-escalation,Logon Session; User Account,Root account authentication activity was observed. Mapped from Linux semantic token. | Mapped from Linux semantic token.
859,1,1,True Positive,ROOT_AUTH_FAIL ROOT_AUTH_FAIL,T1078; T1110,Valid Accounts; Brute Force,credential-access; defense-evasion; initial-access; persistence; privilege-escalation,Logon Session; User Account,Root account authentication activity was observed. Mapped from Linux semantic token. | Mapped from Linux semantic token.
860,1,1,True Positive,AUTH_FAIL UNKNOWN_USER AUTH_FAIL UNKNOWN_USER AUTH_FAIL UNKNOWN_USER UNKNOWN_USER AUTH_FAIL AUTH_FAIL AUTH_FAIL AUTH_FAIL UNKNOWN_USER UNKNOWN_USER AUTH_FAIL UNKNOWN_USER AUTH_FAIL UNKNOWN_USER AUTH_FAIL UNKNOWN_USER UNKNOWN_USER,T1110,Brute Force,credential-access,,Window contains 10 authentication failures and 10 unknown-user events. Mapped from Linux semantic token.
861,1,1,True Positive,AUTH_FAIL UNKNOWN_USER AUTH_FAIL UNKNOWN_USER AUTH_FAIL UNKNOWN_USER UNKNOWN_USER AUTH_FAIL AUTH_FAIL AUTH_FAIL AUTH_FAIL UNKNOWN_USER UNKNOWN_USER AUTH_FAIL UNKNOWN_USER AUTH_FAIL UNKNOWN_USER AUTH_FAIL UNKNOWN_USER UNKNOWN_USER,T1110,Brute Force,credential-access,,Window contains 10 authentication failures and 10 unknown-user events. Mapped from Linux semantic token.
862,1,1,True Positive,FTP_CONNECTION FTP_CONNECTION FTP_CONNECTION FTP_CONNECTION FTP_CONNECTION FTP_CONNECTION FTP_CONNECTION FTP_CONNECTION FTP_CONNECTION FTP_CONNECTION FTP_CONNECTION FTP_CONNECTION FTP_CONNECTION FTP_CONNECTION FTP_CONNECTION FTP_CONNECTION FTP_CONNECTION FTP_CONNECTION FTP_CONNECTION FTP_CONNECTION FTP_CONNECTION FTP_CONNECTION FTP_CONNECTION,T1133,External Remote Services,initial-access; persistence,,Window contains 23 FTP connection events. Mapped from Linux semantic token.
863,1,1,True Positive,FTP_CONNECTION FTP_CONNECTION FTP_CONNECTION FTP_CONNECTION FTP_CONNECTION FTP_CONNECTION FTP_CONNECTION FTP_CONNECTION FTP_CONNECTION FTP_CONNECTION FTP_CONNECTION FTP_CONNECTION FTP_CONNECTION FTP_CONNECTION FTP_CONNECTION FTP_CONNECTION FTP_CONNECTION FTP_CONNECTION FTP_CONNECTION FTP_CONNECTION FTP_CONNECTION FTP_CONNECTION FTP_CONNECTION,T1133,External Remote Services,initial-access; persistence,,Window contains 23 FTP connection events. Mapped from Linux semantic token.
864,1,1,True Positive,ROOT_AUTH_FAIL ROOT_AUTH_FAIL ROOT_AUTH_FAIL ROOT_AUTH_FAIL ROOT_AUTH_FAIL ROOT_AUTH_FAIL ROOT_AUTH_FAIL,T1110; T1078,Brute Force; Valid Accounts,credential-access; defense-evasion; initial-access; persistence; privilege-escalation,Logon Session; User Account,Window contains 7 authentication failures and 0 unknown-user events. Mapped from Linux semantic token. | Root account authentication activity was observed. Mapped from Linux semantic token.
865,1,1,True Positive,ROOT_AUTH_FAIL ROOT_AUTH_FAIL ROOT_AUTH_FAIL ROOT_AUTH_FAIL ROOT_AUTH_FAIL ROOT_AUTH_FAIL ROOT_AUTH_FAIL ROOT_AUTH_FAIL ROOT_AUTH_FAIL ROOT_AUTH_FAIL ROOT_AUTH_FAIL,T1110; T1078,Brute Force; Valid Accounts,credential-access; defense-evasion; initial-access; persistence; privilege-escalation,Logon Session; User Account,Window contains 11 authentication failures and 0 unknown-user events. Mapped from Linux semantic token. | Root account authentication activity was observed. Mapped from Linux semantic token.
866,1,1,True Positive,ROOT_AUTH_FAIL ROOT_AUTH_FAIL ROOT_AUTH_FAIL ROOT_AUTH_FAIL,T1078; T1110,Valid Accounts; Brute Force,credential-access; defense-evasion; initial-access; persistence; privilege-escalation,Logon Session; User Account,Root account authentication activity was observed. Mapped from Linux semantic token. | Mapped from Linux semantic token.
867,1,1,True Positive,ROOT_AUTH_FAIL ROOT_AUTH_FAIL ROOT_AUTH_FAIL,T1078; T1110,Valid Accounts; Brute Force,credential-access; defense-evasion; initial-access; persistence; privilege-escalation,Logon Session; User Account,Root account authentication activity was observed. Mapped from Linux semantic token. | Mapped from Linux semantic token.
868,1,1,True Positive,ROOT_AUTH_FAIL ROOT_AUTH_FAIL ROOT_AUTH_FAIL,T1078; T1110,Valid Accounts; Brute Force,credential-access; defense-evasion; initial-access; persistence; privilege-escalation,Logon Session; User Account,Root account authentication activity was observed. Mapped from Linux semantic token. | Mapped from Linux semantic token.
869,1,1,True Positive,AUTH_FAIL_USER AUTH_FAIL_USER AUTH_FAIL_USER AUTH_FAIL_USER AUTH_FAIL_USER AUTH_FAIL_USER AUTH_FAIL_USER AUTH_FAIL_USER AUTH_FAIL_USER AUTH_FAIL_USER,T1110,Brute Force,credential-access,,Window contains 10 authentication failures and 0 unknown-user events. Mapped from Linux semantic token.
870,1,1,True Positive,AUTH_FAIL_USER AUTH_FAIL_USER AUTH_FAIL_USER AUTH_FAIL_USER AUTH_FAIL_USER AUTH_FAIL_USER AUTH_FAIL_USER AUTH_FAIL_USER AUTH_FAIL_USER AUTH_FAIL_USER,T1110,Brute Force,credential-access,,Window contains 10 authentication failures and 0 unknown-user events. Mapped from Linux semantic token.
871,1,1,True Positive,ROOT_AUTH_FAIL ROOT_AUTH_FAIL ROOT_AUTH_FAIL ROOT_AUTH_FAIL ROOT_AUTH_FAIL ROOT_AUTH_FAIL ROOT_AUTH_FAIL ROOT_AUTH_FAIL ROOT_AUTH_FAIL ROOT_AUTH_FAIL,T1110; T1078,Brute Force; Valid Accounts,credential-access; defense-evasion; initial-access; persistence; privilege-escalation,Logon Session; User Account,Window contains 10 authentication failures and 0 unknown-user events. Mapped from Linux semantic token. | Root account authentication activity was observed. Mapped from Linux semantic token.
872,1,1,True Positive,ROOT_AUTH_FAIL ROOT_AUTH_FAIL ROOT_AUTH_FAIL ROOT_AUTH_FAIL ROOT_AUTH_FAIL ROOT_AUTH_FAIL ROOT_AUTH_FAIL ROOT_AUTH_FAIL ROOT_AUTH_FAIL ROOT_AUTH_FAIL,T1110; T1078,Brute Force; Valid Accounts,credential-access; defense-evasion; initial-access; persistence; privilege-escalation,Logon Session; User Account,Window contains 10 authentication failures and 0 unknown-user events. Mapped from Linux semantic token. | Root account authentication activity was observed. Mapped from Linux semantic token.
873,1,1,True Positive,UNKNOWN_USER AUTH_FAIL UNKNOWN_USER AUTH_FAIL UNKNOWN_USER AUTH_FAIL UNKNOWN_USER AUTH_FAIL UNKNOWN_USER AUTH_FAIL UNKNOWN_USER AUTH_FAIL UNKNOWN_USER AUTH_FAIL AUTH_FAIL UNKNOWN_USER AUTH_FAIL UNKNOWN_USER,T1110,Brute Force,credential-access,,Window contains 9 authentication failures and 9 unknown-user events. Mapped from Linux semantic token.
874,1,1,True Positive,UNKNOWN_USER AUTH_FAIL UNKNOWN_USER AUTH_FAIL UNKNOWN_USER AUTH_FAIL UNKNOWN_USER AUTH_FAIL UNKNOWN_USER AUTH_FAIL UNKNOWN_USER AUTH_FAIL UNKNOWN_USER AUTH_FAIL AUTH_FAIL UNKNOWN_USER AUTH_FAIL UNKNOWN_USER,T1110,Brute Force,credential-access,,Window contains 9 authentication failures and 9 unknown-user events. Mapped from Linux semantic token.
875,1,1,True Positive,ROOT_AUTH_FAIL ROOT_AUTH_FAIL ROOT_AUTH_FAIL ROOT_AUTH_FAIL ROOT_AUTH_FAIL ROOT_AUTH_FAIL ROOT_AUTH_FAIL ROOT_AUTH_FAIL ROOT_AUTH_FAIL ROOT_AUTH_FAIL ROOT_AUTH_FAIL,T1110; T1078,Brute Force; Valid Accounts,credential-access; defense-evasion; initial-access; persistence; privilege-escalation,Logon Session; User Account,Window contains 11 authentication failures and 0 unknown-user events. Mapped from Linux semantic token. | Root account authentication activity was observed. Mapped from Linux semantic token.
876,1,1,True Positive,ROOT_AUTH_FAIL ROOT_AUTH_FAIL ROOT_AUTH_FAIL ROOT_AUTH_FAIL ROOT_AUTH_FAIL ROOT_AUTH_FAIL ROOT_AUTH_FAIL ROOT_AUTH_FAIL ROOT_AUTH_FAIL ROOT_AUTH_FAIL ROOT_AUTH_FAIL,T1110; T1078,Brute Force; Valid Accounts,credential-access; defense-evasion; initial-access; persistence; privilege-escalation,Logon Session; User Account,Window contains 11 authentication failures and 0 unknown-user events. Mapped from Linux semantic token. | Root account authentication activity was observed. Mapped from Linux semantic token.
877,1,1,True Positive,UNKNOWN_USER AUTH_FAIL UNKNOWN_USER AUTH_FAIL UNKNOWN_USER AUTH_FAIL AUTH_FAIL UNKNOWN_USER AUTH_FAIL UNKNOWN_USER UNKNOWN_USER AUTH_FAIL,T1110,Brute Force,credential-access,,Window contains 6 authentication failures and 6 unknown-user events. Mapped from Linux semantic token.
878,1,1,True Positive,UNKNOWN_USER AUTH_FAIL AUTH_FAIL UNKNOWN_USER AUTH_FAIL UNKNOWN_USER UNKNOWN_USER AUTH_FAIL UNKNOWN_USER AUTH_FAIL,T1110,Brute Force,credential-access,,Window contains 5 authentication failures and 5 unknown-user events. Mapped from Linux semantic token.
879,1,1,True Positive,AUTH_FAIL UNKNOWN_USER AUTH_FAIL UNKNOWN_USER AUTH_FAIL AUTH_FAIL UNKNOWN_USER UNKNOWN_USER UNKNOWN_USER AUTH_FAIL UNKNOWN_USER AUTH_FAIL AUTH_FAIL UNKNOWN_USER AUTH_FAIL UNKNOWN_USER AUTH_FAIL UNKNOWN_USER UNKNOWN_USER AUTH_FAIL,T1110,Brute Force,credential-access,,Window contains 10 authentication failures and 10 unknown-user events. Mapped from Linux semantic token.
880,1,1,True Positive,AUTH_FAIL UNKNOWN_USER AUTH_FAIL UNKNOWN_USER AUTH_FAIL AUTH_FAIL UNKNOWN_USER UNKNOWN_USER UNKNOWN_USER AUTH_FAIL UNKNOWN_USER AUTH_FAIL AUTH_FAIL UNKNOWN_USER AUTH_FAIL UNKNOWN_USER AUTH_FAIL UNKNOWN_USER UNKNOWN_USER AUTH_FAIL,T1110,Brute Force,credential-access,,Window contains 10 authentication failures and 10 unknown-user events. Mapped from Linux semantic token.
881,1,1,True Positive,UNKNOWN_USER AUTH_FAIL AUTH_FAIL UNKNOWN_USER AUTH_FAIL UNKNOWN_USER AUTH_FAIL UNKNOWN_USER AUTH_FAIL AUTH_FAIL UNKNOWN_USER AUTH_FAIL UNKNOWN_USER UNKNOWN_USER AUTH_FAIL UNKNOWN_USER UNKNOWN_USER UNKNOWN_USER AUTH_FAIL AUTH_FAIL,T1110,Brute Force,credential-access,,Window contains 10 authentication failures and 10 unknown-user events. Mapped from Linux semantic token.
882,1,1,True Positive,UNKNOWN_USER AUTH_FAIL AUTH_FAIL UNKNOWN_USER AUTH_FAIL UNKNOWN_USER AUTH_FAIL UNKNOWN_USER AUTH_FAIL AUTH_FAIL UNKNOWN_USER AUTH_FAIL UNKNOWN_USER UNKNOWN_USER AUTH_FAIL UNKNOWN_USER UNKNOWN_USER UNKNOWN_USER AUTH_FAIL AUTH_FAIL,T1110,Brute Force,credential-access,,Window contains 10 authentication failures and 10 unknown-user events. Mapped from Linux semantic token.
883,1,1,True Positive,UNKNOWN_USER AUTH_FAIL UNKNOWN_USER AUTH_FAIL AUTH_FAIL UNKNOWN_USER UNKNOWN_USER AUTH_FAIL UNKNOWN_USER AUTH_FAIL UNKNOWN_USER AUTH_FAIL UNKNOWN_USER AUTH_FAIL UNKNOWN_USER AUTH_FAIL UNKNOWN_USER AUTH_FAIL UNKNOWN_USER AUTH_FAIL,T1110,Brute Force,credential-access,,Window contains 10 authentication failures and 10 unknown-user events. Mapped from Linux semantic token.
884,1,1,True Positive,UNKNOWN_USER AUTH_FAIL UNKNOWN_USER AUTH_FAIL AUTH_FAIL UNKNOWN_USER UNKNOWN_USER AUTH_FAIL UNKNOWN_USER AUTH_FAIL UNKNOWN_USER AUTH_FAIL UNKNOWN_USER AUTH_FAIL UNKNOWN_USER AUTH_FAIL UNKNOWN_USER AUTH_FAIL UNKNOWN_USER AUTH_FAIL,T1110,Brute Force,credential-access,,Window contains 10 authentication failures and 10 unknown-user events. Mapped from Linux semantic token.
885,1,1,True Positive,AUTH_FAIL UNKNOWN_USER AUTH_FAIL UNKNOWN_USER AUTH_FAIL UNKNOWN_USER UNKNOWN_USER AUTH_FAIL AUTH_FAIL UNKNOWN_USER AUTH_FAIL UNKNOWN_USER UNKNOWN_USER AUTH_FAIL AUTH_FAIL UNKNOWN_USER UNKNOWN_USER AUTH_FAIL AUTH_FAIL UNKNOWN_USER,T1110,Brute Force,credential-access,,Window contains 10 authentication failures and 10 unknown-user events. Mapped from Linux semantic token.
886,1,1,True Positive,AUTH_FAIL UNKNOWN_USER AUTH_FAIL UNKNOWN_USER AUTH_FAIL UNKNOWN_USER UNKNOWN_USER AUTH_FAIL AUTH_FAIL UNKNOWN_USER AUTH_FAIL UNKNOWN_USER UNKNOWN_USER AUTH_FAIL AUTH_FAIL UNKNOWN_USER UNKNOWN_USER AUTH_FAIL AUTH_FAIL UNKNOWN_USER,T1110,Brute Force,credential-access,,Window contains 10 authentication failures and 10 unknown-user events. Mapped from Linux semantic token.
887,1,1,True Positive,AUTH_FAIL UNKNOWN_USER AUTH_FAIL UNKNOWN_USER AUTH_FAIL UNKNOWN_USER UNKNOWN_USER UNKNOWN_USER AUTH_FAIL UNKNOWN_USER AUTH_FAIL UNKNOWN_USER AUTH_FAIL AUTH_FAIL UNKNOWN_USER AUTH_FAIL UNKNOWN_USER AUTH_FAIL UNKNOWN_USER AUTH_FAIL,T1110,Brute Force,credential-access,,Window contains 10 authentication failures and 10 unknown-user events. Mapped from Linux semantic token.
888,1,1,True Positive,AUTH_FAIL UNKNOWN_USER AUTH_FAIL UNKNOWN_USER AUTH_FAIL UNKNOWN_USER UNKNOWN_USER UNKNOWN_USER AUTH_FAIL UNKNOWN_USER AUTH_FAIL UNKNOWN_USER AUTH_FAIL AUTH_FAIL UNKNOWN_USER AUTH_FAIL UNKNOWN_USER AUTH_FAIL UNKNOWN_USER AUTH_FAIL,T1110,Brute Force,credential-access,,Window contains 10 authentication failures and 10 unknown-user events. Mapped from Linux semantic token.
889,1,1,True Positive,AUTH_FAIL_USER AUTH_FAIL_USER AUTH_FAIL_USER AUTH_FAIL_USER AUTH_FAIL_USER AUTH_FAIL_USER AUTH_FAIL_USER AUTH_FAIL_USER AUTH_FAIL_USER AUTH_FAIL_USER,T1110,Brute Force,credential-access,,Window contains 10 authentication failures and 0 unknown-user events. Mapped from Linux semantic token.
890,1,1,True Positive,AUTH_FAIL_USER AUTH_FAIL_USER AUTH_FAIL_USER AUTH_FAIL_USER AUTH_FAIL_USER AUTH_FAIL_USER AUTH_FAIL_USER AUTH_FAIL_USER AUTH_FAIL_USER AUTH_FAIL_USER,T1110,Brute Force,credential-access,,Window contains 10 authentication failures and 0 unknown-user events. Mapped from Linux semantic token.
891,1,1,True Positive,AUTH_FAIL_USER AUTH_FAIL_USER AUTH_FAIL_USER AUTH_FAIL_USER AUTH_FAIL_USER AUTH_FAIL_USER,T1110,Brute Force,credential-access,,Window contains 6 authentication failures and 0 unknown-user events. Mapped from Linux semantic token.
892,1,1,True Positive,AUTH_FAIL_USER AUTH_FAIL_USER AUTH_FAIL_USER AUTH_FAIL_USER AUTH_FAIL_USER AUTH_FAIL_USER AUTH_FAIL_USER,T1110,Brute Force,credential-access,,Window contains 7 authentication failures and 0 unknown-user events. Mapped from Linux semantic token.
893,1,1,True Positive,AUTH_FAIL UNKNOWN_USER UNKNOWN_USER UNKNOWN_USER AUTH_FAIL AUTH_FAIL UNKNOWN_USER AUTH_FAIL UNKNOWN_USER AUTH_FAIL AUTH_FAIL UNKNOWN_USER AUTH_FAIL UNKNOWN_USER,T1110,Brute Force,credential-access,,Window contains 7 authentication failures and 7 unknown-user events. Mapped from Linux semantic token.
894,1,1,True Positive,AUTH_FAIL UNKNOWN_USER UNKNOWN_USER UNKNOWN_USER AUTH_FAIL AUTH_FAIL UNKNOWN_USER AUTH_FAIL UNKNOWN_USER AUTH_FAIL AUTH_FAIL UNKNOWN_USER AUTH_FAIL UNKNOWN_USER UNKNOWN_USER AUTH_FAIL UNKNOWN_USER AUTH_FAIL,T1110,Brute Force,credential-access,,Window contains 9 authentication failures and 9 unknown-user events. Mapped from Linux semantic token.
895,1,1,True Positive,AUTH_FAIL UNKNOWN_USER UNKNOWN_USER AUTH_FAIL UNKNOWN_USER AUTH_FAIL,T1110,Brute Force,credential-access,,Window contains 3 authentication failures and 3 unknown-user events. Mapped from Linux semantic token.
896,1,1,True Positive,AUTH_FAIL_USER AUTH_FAIL_USER AUTH_FAIL_USER AUTH_FAIL_USER AUTH_FAIL_USER AUTH_FAIL_USER AUTH_FAIL_USER AUTH_FAIL_USER AUTH_FAIL_USER AUTH_FAIL_USER,T1110,Brute Force,credential-access,,Window contains 10 authentication failures and 0 unknown-user events. Mapped from Linux semantic token.
897,1,1,True Positive,AUTH_FAIL_USER AUTH_FAIL_USER AUTH_FAIL_USER AUTH_FAIL_USER AUTH_FAIL_USER AUTH_FAIL_USER AUTH_FAIL_USER AUTH_FAIL_USER AUTH_FAIL_USER AUTH_FAIL_USER,T1110,Brute Force,credential-access,,Window contains 10 authentication failures and 0 unknown-user events. Mapped from Linux semantic token.
898,1,1,True Positive,AUTH_FAIL UNKNOWN_USER UNKNOWN_USER AUTH_FAIL UNKNOWN_USER AUTH_FAIL UNKNOWN_USER AUTH_FAIL UNKNOWN_USER AUTH_FAIL UNKNOWN_USER AUTH_FAIL AUTH_FAIL UNKNOWN_USER,T1110,Brute Force,credential-access,,Window contains 7 authentication failures and 7 unknown-user events. Mapped from Linux semantic token.
899,1,1,True Positive,UNKNOWN_USER AUTH_FAIL UNKNOWN_USER AUTH_FAIL UNKNOWN_USER AUTH_FAIL UNKNOWN_USER AUTH_FAIL AUTH_FAIL UNKNOWN_USER,T1110,Brute Force,credential-access,,Window contains 5 authentication failures and 5 unknown-user events. Mapped from Linux semantic token.
900,1,1,True Positive,AUTH_FAIL UNKNOWN_USER AUTH_FAIL UNKNOWN_USER AUTH_FAIL UNKNOWN_USER AUTH_FAIL UNKNOWN_USER AUTH_FAIL UNKNOWN_USER AUTH_FAIL UNKNOWN_USER AUTH_FAIL UNKNOWN_USER UNKNOWN_USER UNKNOWN_USER AUTH_FAIL AUTH_FAIL AUTH_FAIL UNKNOWN_USER,T1110,Brute Force,credential-access,,Window contains 10 authentication failures and 10 unknown-user events. Mapped from Linux semantic token.
901,1,1,True Positive,AUTH_FAIL UNKNOWN_USER AUTH_FAIL UNKNOWN_USER AUTH_FAIL UNKNOWN_USER AUTH_FAIL UNKNOWN_USER AUTH_FAIL UNKNOWN_USER AUTH_FAIL UNKNOWN_USER AUTH_FAIL UNKNOWN_USER UNKNOWN_USER UNKNOWN_USER AUTH_FAIL AUTH_FAIL AUTH_FAIL UNKNOWN_USER,T1110,Brute Force,credential-access,,Window contains 10 authentication failures and 10 unknown-user events. Mapped from Linux semantic token.
902,1,1,True Positive,AUTH_FAIL_USER AUTH_FAIL_USER AUTH_FAIL_USER AUTH_FAIL_USER AUTH_FAIL_USER AUTH_FAIL_USER AUTH_FAIL_USER AUTH_FAIL_USER AUTH_FAIL_USER AUTH_FAIL UNKNOWN_USER AUTH_FAIL UNKNOWN_USER,T1110,Brute Force,credential-access,,Window contains 11 authentication failures and 2 unknown-user events. Mapped from Linux semantic token.
903,1,1,True Positive,AUTH_FAIL_USER AUTH_FAIL_USER AUTH_FAIL_USER AUTH_FAIL_USER AUTH_FAIL_USER AUTH_FAIL_USER AUTH_FAIL_USER AUTH_FAIL_USER AUTH_FAIL_USER AUTH_FAIL UNKNOWN_USER AUTH_FAIL UNKNOWN_USER,T1110,Brute Force,credential-access,,Window contains 11 authentication failures and 2 unknown-user events. Mapped from Linux semantic token.
904,1,1,True Positive,UNKNOWN_USER AUTH_FAIL UNKNOWN_USER AUTH_FAIL UNKNOWN_USER AUTH_FAIL UNKNOWN_USER AUTH_FAIL UNKNOWN_USER AUTH_FAIL AUTH_FAIL UNKNOWN_USER UNKNOWN_USER AUTH_FAIL UNKNOWN_USER AUTH_FAIL UNKNOWN_USER AUTH_FAIL AUTH_FAIL UNKNOWN_USER,T1110,Brute Force,credential-access,,Window contains 10 authentication failures and 10 unknown-user events. Mapped from Linux semantic token.
905,1,1,True Positive,UNKNOWN_USER AUTH_FAIL UNKNOWN_USER AUTH_FAIL UNKNOWN_USER AUTH_FAIL UNKNOWN_USER AUTH_FAIL UNKNOWN_USER AUTH_FAIL AUTH_FAIL UNKNOWN_USER UNKNOWN_USER AUTH_FAIL UNKNOWN_USER AUTH_FAIL UNKNOWN_USER AUTH_FAIL AUTH_FAIL UNKNOWN_USER,T1110,Brute Force,credential-access,,Window contains 10 authentication failures and 10 unknown-user events. Mapped from Linux semantic token.
906,1,1,True Positive,FTP_CONNECTION FTP_CONNECTION FTP_CONNECTION FTP_CONNECTION FTP_CONNECTION FTP_CONNECTION FTP_CONNECTION FTP_CONNECTION FTP_CONNECTION FTP_CONNECTION FTP_CONNECTION FTP_CONNECTION FTP_CONNECTION FTP_CONNECTION FTP_CONNECTION FTP_CONNECTION FTP_CONNECTION FTP_CONNECTION FTP_CONNECTION FTP_CONNECTION FTP_CONNECTION FTP_CONNECTION FTP_CONNECTION,T1133,External Remote Services,initial-access; persistence,,Window contains 23 FTP connection events. Mapped from Linux semantic token.
907,1,1,True Positive,FTP_CONNECTION FTP_CONNECTION FTP_CONNECTION FTP_CONNECTION FTP_CONNECTION FTP_CONNECTION FTP_CONNECTION FTP_CONNECTION FTP_CONNECTION FTP_CONNECTION FTP_CONNECTION FTP_CONNECTION FTP_CONNECTION FTP_CONNECTION FTP_CONNECTION FTP_CONNECTION FTP_CONNECTION FTP_CONNECTION FTP_CONNECTION FTP_CONNECTION FTP_CONNECTION FTP_CONNECTION FTP_CONNECTION,T1133,External Remote Services,initial-access; persistence,,Window contains 23 FTP connection events. Mapped from Linux semantic token.
908,1,1,True Positive,ROOT_AUTH_FAIL ROOT_AUTH_FAIL ROOT_AUTH_FAIL ROOT_AUTH_FAIL ROOT_AUTH_FAIL ROOT_AUTH_FAIL,T1110; T1078,Brute Force; Valid Accounts,credential-access; defense-evasion; initial-access; persistence; privilege-escalation,Logon Session; User Account,Window contains 6 authentication failures and 0 unknown-user events. Mapped from Linux semantic token. | Root account authentication activity was observed. Mapped from Linux semantic token.
909,1,1,True Positive,ROOT_AUTH_FAIL ROOT_AUTH_FAIL ROOT_AUTH_FAIL ROOT_AUTH_FAIL ROOT_AUTH_FAIL ROOT_AUTH_FAIL,T1110; T1078,Brute Force; Valid Accounts,credential-access; defense-evasion; initial-access; persistence; privilege-escalation,Logon Session; User Account,Window contains 6 authentication failures and 0 unknown-user events. Mapped from Linux semantic token. | Root account authentication activity was observed. Mapped from Linux semantic token.
910,1,1,True Positive,ROOT_AUTH_FAIL ROOT_AUTH_FAIL ROOT_AUTH_FAIL ROOT_AUTH_FAIL ROOT_AUTH_FAIL ROOT_AUTH_FAIL ROOT_AUTH_FAIL ROOT_AUTH_FAIL ROOT_AUTH_FAIL ROOT_AUTH_FAIL ROOT_AUTH_FAIL ROOT_AUTH_FAIL ROOT_AUTH_FAIL ROOT_AUTH_FAIL ROOT_AUTH_FAIL,T1110; T1078,Brute Force; Valid Accounts,credential-access; defense-evasion; initial-access; persistence; privilege-escalation,Logon Session; User Account,Window contains 15 authentication failures and 0 unknown-user events. Mapped from Linux semantic token. | Root account authentication activity was observed. Mapped from Linux semantic token.
911,1,1,True Positive,ROOT_AUTH_FAIL ROOT_AUTH_FAIL ROOT_AUTH_FAIL ROOT_AUTH_FAIL ROOT_AUTH_FAIL ROOT_AUTH_FAIL ROOT_AUTH_FAIL ROOT_AUTH_FAIL ROOT_AUTH_FAIL ROOT_AUTH_FAIL ROOT_AUTH_FAIL ROOT_AUTH_FAIL ROOT_AUTH_FAIL ROOT_AUTH_FAIL ROOT_AUTH_FAIL,T1110; T1078,Brute Force; Valid Accounts,credential-access; defense-evasion; initial-access; persistence; privilege-escalation,Logon Session; User Account,Window contains 15 authentication failures and 0 unknown-user events. Mapped from Linux semantic token. | Root account authentication activity was observed. Mapped from Linux semantic token.
912,1,1,True Positive,AUTH_FAIL_USER AUTH_FAIL_USER AUTH_FAIL_USER AUTH_FAIL_USER AUTH_FAIL_USER AUTH_FAIL_USER AUTH_FAIL_USER AUTH_FAIL_USER AUTH_FAIL_USER AUTH_FAIL_USER,T1110,Brute Force,credential-access,,Window contains 10 authentication failures and 0 unknown-user events. Mapped from Linux semantic token.
913,1,1,True Positive,AUTH_FAIL_USER AUTH_FAIL_USER AUTH_FAIL_USER AUTH_FAIL_USER AUTH_FAIL_USER AUTH_FAIL_USER AUTH_FAIL_USER AUTH_FAIL_USER AUTH_FAIL_USER AUTH_FAIL_USER,T1110,Brute Force,credential-access,,Window contains 10 authentication failures and 0 unknown-user events. Mapped from Linux semantic token.
914,1,1,True Positive,FTP_CONNECTION FTP_CONNECTION FTP_CONNECTION FTP_CONNECTION FTP_CONNECTION FTP_CONNECTION FTP_CONNECTION FTP_CONNECTION FTP_CONNECTION FTP_CONNECTION FTP_CONNECTION FTP_CONNECTION FTP_CONNECTION FTP_CONNECTION FTP_CONNECTION FTP_CONNECTION FTP_CONNECTION FTP_CONNECTION FTP_CONNECTION FTP_CONNECTION FTP_CONNECTION FTP_CONNECTION FTP_CONNECTION,T1133,External Remote Services,initial-access; persistence,,Window contains 23 FTP connection events. Mapped from Linux semantic token.
915,1,1,True Positive,FTP_CONNECTION FTP_CONNECTION FTP_CONNECTION FTP_CONNECTION FTP_CONNECTION FTP_CONNECTION FTP_CONNECTION FTP_CONNECTION FTP_CONNECTION FTP_CONNECTION FTP_CONNECTION FTP_CONNECTION FTP_CONNECTION FTP_CONNECTION FTP_CONNECTION FTP_CONNECTION FTP_CONNECTION FTP_CONNECTION FTP_CONNECTION FTP_CONNECTION FTP_CONNECTION FTP_CONNECTION FTP_CONNECTION,T1133,External Remote Services,initial-access; persistence,,Window contains 23 FTP connection events. Mapped from Linux semantic token.
916,1,1,True Positive,EXPLOIT_PAYLOAD_ATTEMPT EXPLOIT_PAYLOAD_ATTEMPT EXPLOIT_PAYLOAD_ATTEMPT,T1190,Exploit Public-Facing Application,initial-access,,Exploit-like payload was observed in the log sequence. Mapped from Linux semantic token.
917,1,1,True Positive,EXPLOIT_PAYLOAD_ATTEMPT EXPLOIT_PAYLOAD_ATTEMPT EXPLOIT_PAYLOAD_ATTEMPT,T1190,Exploit Public-Facing Application,initial-access,,Exploit-like payload was observed in the log sequence. Mapped from Linux semantic token.
918,1,1,True Positive,ROOT_AUTH_FAIL ROOT_AUTH_FAIL ROOT_AUTH_FAIL ROOT_AUTH_FAIL ROOT_AUTH_FAIL ROOT_AUTH_FAIL ROOT_AUTH_FAIL ROOT_AUTH_FAIL ROOT_AUTH_FAIL,T1110; T1078,Brute Force; Valid Accounts,credential-access; defense-evasion; initial-access; persistence; privilege-escalation,Logon Session; User Account,Window contains 9 authentication failures and 0 unknown-user events. Mapped from Linux semantic token. | Root account authentication activity was observed. Mapped from Linux semantic token.
919,1,1,True Positive,ROOT_AUTH_FAIL ROOT_AUTH_FAIL ROOT_AUTH_FAIL ROOT_AUTH_FAIL ROOT_AUTH_FAIL ROOT_AUTH_FAIL ROOT_AUTH_FAIL ROOT_AUTH_FAIL ROOT_AUTH_FAIL ROOT_AUTH_FAIL,T1110; T1078,Brute Force; Valid Accounts,credential-access; defense-evasion; initial-access; persistence; privilege-escalation,Logon Session; User Account,Window contains 10 authentication failures and 0 unknown-user events. Mapped from Linux semantic token. | Root account authentication activity was observed. Mapped from Linux semantic token.
920,1,1,True Positive,ROOT_AUTH_FAIL ROOT_AUTH_FAIL ROOT_AUTH_FAIL,T1078; T1110,Valid Accounts; Brute Force,credential-access; defense-evasion; initial-access; persistence; privilege-escalation,Logon Session; User Account,Root account authentication activity was observed. Mapped from Linux semantic token. | Mapped from Linux semantic token.
921,1,1,True Positive,FTP_CONNECTION FTP_CONNECTION FTP_CONNECTION FTP_CONNECTION FTP_CONNECTION FTP_CONNECTION FTP_CONNECTION FTP_CONNECTION FTP_CONNECTION FTP_CONNECTION FTP_CONNECTION FTP_CONNECTION FTP_CONNECTION FTP_CONNECTION FTP_CONNECTION FTP_CONNECTION FTP_CONNECTION FTP_CONNECTION FTP_CONNECTION FTP_CONNECTION FTP_CONNECTION FTP_CONNECTION,T1133,External Remote Services,initial-access; persistence,,Window contains 22 FTP connection events. Mapped from Linux semantic token.
922,1,1,True Positive,FTP_CONNECTION FTP_CONNECTION FTP_CONNECTION FTP_CONNECTION FTP_CONNECTION FTP_CONNECTION FTP_CONNECTION FTP_CONNECTION FTP_CONNECTION FTP_CONNECTION FTP_CONNECTION FTP_CONNECTION FTP_CONNECTION FTP_CONNECTION FTP_CONNECTION FTP_CONNECTION FTP_CONNECTION FTP_CONNECTION FTP_CONNECTION FTP_CONNECTION FTP_CONNECTION FTP_CONNECTION,T1133,External Remote Services,initial-access; persistence,,Window contains 22 FTP connection events. Mapped from Linux semantic token.
923,1,1,True Positive,ROOT_AUTH_FAIL ROOT_AUTH_FAIL ROOT_AUTH_FAIL ROOT_AUTH_FAIL ROOT_AUTH_FAIL ROOT_AUTH_FAIL ROOT_AUTH_FAIL ROOT_AUTH_FAIL ROOT_AUTH_FAIL,T1110; T1078,Brute Force; Valid Accounts,credential-access; defense-evasion; initial-access; persistence; privilege-escalation,Logon Session; User Account,Window contains 9 authentication failures and 0 unknown-user events. Mapped from Linux semantic token. | Root account authentication activity was observed. Mapped from Linux semantic token.
924,1,1,True Positive,ROOT_AUTH_FAIL ROOT_AUTH_FAIL ROOT_AUTH_FAIL ROOT_AUTH_FAIL ROOT_AUTH_FAIL ROOT_AUTH_FAIL ROOT_AUTH_FAIL ROOT_AUTH_FAIL ROOT_AUTH_FAIL,T1110; T1078,Brute Force; Valid Accounts,credential-access; defense-evasion; initial-access; persistence; privilege-escalation,Logon Session; User Account,Window contains 9 authentication failures and 0 unknown-user events. Mapped from Linux semantic token. | Root account authentication activity was observed. Mapped from Linux semantic token.
925,1,1,True Positive,ROOT_AUTH_FAIL ROOT_AUTH_FAIL ROOT_AUTH_FAIL ROOT_AUTH_FAIL ROOT_AUTH_FAIL,T1110; T1078,Brute Force; Valid Accounts,credential-access; defense-evasion; initial-access; persistence; privilege-escalation,Logon Session; User Account,Window contains 5 authentication failures and 0 unknown-user events. Mapped from Linux semantic token. | Root account authentication activity was observed. Mapped from Linux semantic token.
926,1,1,True Positive,ROOT_AUTH_FAIL ROOT_AUTH_FAIL ROOT_AUTH_FAIL ROOT_AUTH_FAIL ROOT_AUTH_FAIL,T1110; T1078,Brute Force; Valid Accounts,credential-access; defense-evasion; initial-access; persistence; privilege-escalation,Logon Session; User Account,Window contains 5 authentication failures and 0 unknown-user events. Mapped from Linux semantic token. | Root account authentication activity was observed. Mapped from Linux semantic token.
927,1,1,True Positive,ROOT_AUTH_FAIL ROOT_AUTH_FAIL ROOT_AUTH_FAIL ROOT_AUTH_FAIL ROOT_AUTH_FAIL,T1110; T1078,Brute Force; Valid Accounts,credential-access; defense-evasion; initial-access; persistence; privilege-escalation,Logon Session; User Account,Window contains 5 authentication failures and 0 unknown-user events. Mapped from Linux semantic token. | Root account authentication activity was observed. Mapped from Linux semantic token.
928,1,1,True Positive,ROOT_AUTH_FAIL ROOT_AUTH_FAIL ROOT_AUTH_FAIL ROOT_AUTH_FAIL ROOT_AUTH_FAIL,T1110; T1078,Brute Force; Valid Accounts,credential-access; defense-evasion; initial-access; persistence; privilege-escalation,Logon Session; User Account,Window contains 5 authentication failures and 0 unknown-user events. Mapped from Linux semantic token. | Root account authentication activity was observed. Mapped from Linux semantic token.
929,1,1,True Positive,ROOT_AUTH_FAIL ROOT_AUTH_FAIL ROOT_AUTH_FAIL ROOT_AUTH_FAIL ROOT_AUTH_FAIL,T1110; T1078,Brute Force; Valid Accounts,credential-access; defense-evasion; initial-access; persistence; privilege-escalation,Logon Session; User Account,Window contains 5 authentication failures and 0 unknown-user events. Mapped from Linux semantic token. | Root account authentication activity was observed. Mapped from Linux semantic token.
930,1,1,True Positive,ROOT_AUTH_FAIL ROOT_AUTH_FAIL ROOT_AUTH_FAIL ROOT_AUTH_FAIL ROOT_AUTH_FAIL ROOT_AUTH_FAIL ROOT_AUTH_FAIL ROOT_AUTH_FAIL ROOT_AUTH_FAIL ROOT_AUTH_FAIL,T1110; T1078,Brute Force; Valid Accounts,credential-access; defense-evasion; initial-access; persistence; privilege-escalation,Logon Session; User Account,Window contains 10 authentication failures and 0 unknown-user events. Mapped from Linux semantic token. | Root account authentication activity was observed. Mapped from Linux semantic token.
931,1,1,True Positive,ROOT_AUTH_FAIL ROOT_AUTH_FAIL ROOT_AUTH_FAIL ROOT_AUTH_FAIL ROOT_AUTH_FAIL ROOT_AUTH_FAIL ROOT_AUTH_FAIL ROOT_AUTH_FAIL ROOT_AUTH_FAIL ROOT_AUTH_FAIL ROOT_AUTH_FAIL,T1110; T1078,Brute Force; Valid Accounts,credential-access; defense-evasion; initial-access; persistence; privilege-escalation,Logon Session; User Account,Window contains 11 authentication failures and 0 unknown-user events. Mapped from Linux semantic token. | Root account authentication activity was observed. Mapped from Linux semantic token.
932,1,1,True Positive,ROOT_AUTH_FAIL ROOT_AUTH_FAIL ROOT_AUTH_FAIL ROOT_AUTH_FAIL ROOT_AUTH_FAIL,T1110; T1078,Brute Force; Valid Accounts,credential-access; defense-evasion; initial-access; persistence; privilege-escalation,Logon Session; User Account,Window contains 5 authentication failures and 0 unknown-user events. Mapped from Linux semantic token. | Root account authentication activity was observed. Mapped from Linux semantic token.
933,1,1,True Positive,ROOT_AUTH_FAIL ROOT_AUTH_FAIL ROOT_AUTH_FAIL ROOT_AUTH_FAIL ROOT_AUTH_FAIL ROOT_AUTH_FAIL ROOT_AUTH_FAIL ROOT_AUTH_FAIL ROOT_AUTH_FAIL ROOT_AUTH_FAIL,T1110; T1078,Brute Force; Valid Accounts,credential-access; defense-evasion; initial-access; persistence; privilege-escalation,Logon Session; User Account,Window contains 10 authentication failures and 0 unknown-user events. Mapped from Linux semantic token. | Root account authentication activity was observed. Mapped from Linux semantic token.
934,1,1,True Positive,ROOT_AUTH_FAIL ROOT_AUTH_FAIL ROOT_AUTH_FAIL ROOT_AUTH_FAIL ROOT_AUTH_FAIL ROOT_AUTH_FAIL ROOT_AUTH_FAIL ROOT_AUTH_FAIL ROOT_AUTH_FAIL ROOT_AUTH_FAIL,T1110; T1078,Brute Force; Valid Accounts,credential-access; defense-evasion; initial-access; persistence; privilege-escalation,Logon Session; User Account,Window contains 10 authentication failures and 0 unknown-user events. Mapped from Linux semantic token. | Root account authentication activity was observed. Mapped from Linux semantic token.
935,1,1,True Positive,AUTH_FAIL UNKNOWN_USER AUTH_FAIL UNKNOWN_USER UNKNOWN_USER AUTH_FAIL UNKNOWN_USER AUTH_FAIL UNKNOWN_USER AUTH_FAIL UNKNOWN_USER AUTH_FAIL AUTH_FAIL UNKNOWN_USER,T1110,Brute Force,credential-access,,Window contains 7 authentication failures and 7 unknown-user events. Mapped from Linux semantic token.
936,1,1,True Positive,AUTH_FAIL UNKNOWN_USER AUTH_FAIL UNKNOWN_USER UNKNOWN_USER AUTH_FAIL UNKNOWN_USER AUTH_FAIL UNKNOWN_USER AUTH_FAIL UNKNOWN_USER AUTH_FAIL AUTH_FAIL UNKNOWN_USER,T1110,Brute Force,credential-access,,Window contains 7 authentication failures and 7 unknown-user events. Mapped from Linux semantic token.
937,1,1,True Positive,UNKNOWN_USER AUTH_FAIL UNKNOWN_USER AUTH_FAIL UNKNOWN_USER UNKNOWN_USER AUTH_FAIL AUTH_FAIL AUTH_FAIL AUTH_FAIL AUTH_FAIL UNKNOWN_USER UNKNOWN_USER AUTH_FAIL UNKNOWN_USER AUTH_FAIL UNKNOWN_USER UNKNOWN_USER AUTH_FAIL UNKNOWN_USER,T1110,Brute Force,credential-access,,Window contains 10 authentication failures and 10 unknown-user events. Mapped from Linux semantic token.
938,1,1,True Positive,UNKNOWN_USER AUTH_FAIL UNKNOWN_USER AUTH_FAIL UNKNOWN_USER UNKNOWN_USER AUTH_FAIL AUTH_FAIL AUTH_FAIL AUTH_FAIL AUTH_FAIL UNKNOWN_USER UNKNOWN_USER AUTH_FAIL UNKNOWN_USER AUTH_FAIL UNKNOWN_USER UNKNOWN_USER AUTH_FAIL UNKNOWN_USER,T1110,Brute Force,credential-access,,Window contains 10 authentication failures and 10 unknown-user events. Mapped from Linux semantic token.
939,1,1,True Positive,AUTH_FAIL_USER AUTH_FAIL_USER AUTH_FAIL_USER AUTH_FAIL_USER AUTH_FAIL_USER AUTH_FAIL_USER AUTH_FAIL_USER AUTH_FAIL_USER AUTH_FAIL_USER AUTH_FAIL_USER,T1110,Brute Force,credential-access,,Window contains 10 authentication failures and 0 unknown-user events. Mapped from Linux semantic token.
940,1,1,True Positive,AUTH_FAIL_USER AUTH_FAIL_USER AUTH_FAIL_USER AUTH_FAIL_USER AUTH_FAIL_USER AUTH_FAIL_USER AUTH_FAIL_USER AUTH_FAIL_USER AUTH_FAIL_USER AUTH_FAIL_USER,T1110,Brute Force,credential-access,,Window contains 10 authentication failures and 0 unknown-user events. Mapped from Linux semantic token.
941,1,1,True Positive,ROOT_AUTH_FAIL ROOT_AUTH_FAIL ROOT_AUTH_FAIL ROOT_AUTH_FAIL ROOT_AUTH_FAIL ROOT_AUTH_FAIL ROOT_AUTH_FAIL ROOT_AUTH_FAIL ROOT_AUTH_FAIL ROOT_AUTH_FAIL,T1110; T1078,Brute Force; Valid Accounts,credential-access; defense-evasion; initial-access; persistence; privilege-escalation,Logon Session; User Account,Window contains 10 authentication failures and 0 unknown-user events. Mapped from Linux semantic token. | Root account authentication activity was observed. Mapped from Linux semantic token.
942,1,1,True Positive,ROOT_AUTH_FAIL ROOT_AUTH_FAIL ROOT_AUTH_FAIL ROOT_AUTH_FAIL ROOT_AUTH_FAIL ROOT_AUTH_FAIL ROOT_AUTH_FAIL ROOT_AUTH_FAIL ROOT_AUTH_FAIL ROOT_AUTH_FAIL,T1110; T1078,Brute Force; Valid Accounts,credential-access; defense-evasion; initial-access; persistence; privilege-escalation,Logon Session; User Account,Window contains 10 authentication failures and 0 unknown-user events. Mapped from Linux semantic token. | Root account authentication activity was observed. Mapped from Linux semantic token.
943,1,1,True Positive,AUTH_FAIL UNKNOWN_USER AUTH_FAIL AUTH_FAIL UNKNOWN_USER AUTH_FAIL UNKNOWN_USER UNKNOWN_USER,T1110,Brute Force,credential-access,,Window contains 4 authentication failures and 4 unknown-user events. Mapped from Linux semantic token.
944,1,1,True Positive,AUTH_FAIL UNKNOWN_USER AUTH_FAIL AUTH_FAIL UNKNOWN_USER AUTH_FAIL UNKNOWN_USER UNKNOWN_USER,T1110,Brute Force,credential-access,,Window contains 4 authentication failures and 4 unknown-user events. Mapped from Linux semantic token.
945,1,1,True Positive,ROOT_AUTH_FAIL ROOT_AUTH_FAIL ROOT_AUTH_FAIL ROOT_AUTH_FAIL ROOT_AUTH_FAIL ROOT_AUTH_FAIL ROOT_AUTH_FAIL ROOT_AUTH_FAIL ROOT_AUTH_FAIL ROOT_AUTH_FAIL,T1110; T1078,Brute Force; Valid Accounts,credential-access; defense-evasion; initial-access; persistence; privilege-escalation,Logon Session; User Account,Window contains 10 authentication failures and 0 unknown-user events. Mapped from Linux semantic token. | Root account authentication activity was observed. Mapped from Linux semantic token.
946,1,1,True Positive,ROOT_AUTH_FAIL ROOT_AUTH_FAIL ROOT_AUTH_FAIL ROOT_AUTH_FAIL ROOT_AUTH_FAIL ROOT_AUTH_FAIL ROOT_AUTH_FAIL ROOT_AUTH_FAIL ROOT_AUTH_FAIL ROOT_AUTH_FAIL,T1110; T1078,Brute Force; Valid Accounts,credential-access; defense-evasion; initial-access; persistence; privilege-escalation,Logon Session; User Account,Window contains 10 authentication failures and 0 unknown-user events. Mapped from Linux semantic token. | Root account authentication activity was observed. Mapped from Linux semantic token.
947,1,1,True Positive,AUTH_FAIL AUTH_FAIL UNKNOWN_USER AUTH_FAIL UNKNOWN_USER AUTH_FAIL UNKNOWN_USER AUTH_FAIL UNKNOWN_USER AUTH_FAIL AUTH_FAIL UNKNOWN_USER AUTH_FAIL UNKNOWN_USER UNKNOWN_USER UNKNOWN_USER AUTH_FAIL UNKNOWN_USER UNKNOWN_USER AUTH_FAIL,T1110,Brute Force,credential-access,,Window contains 10 authentication failures and 10 unknown-user events. Mapped from Linux semantic token.
948,1,1,True Positive,AUTH_FAIL AUTH_FAIL UNKNOWN_USER AUTH_FAIL UNKNOWN_USER AUTH_FAIL UNKNOWN_USER AUTH_FAIL UNKNOWN_USER AUTH_FAIL AUTH_FAIL UNKNOWN_USER AUTH_FAIL UNKNOWN_USER UNKNOWN_USER UNKNOWN_USER AUTH_FAIL UNKNOWN_USER UNKNOWN_USER AUTH_FAIL,T1110,Brute Force,credential-access,,Window contains 10 authentication failures and 10 unknown-user events. Mapped from Linux semantic token.
949,1,1,True Positive,ROOT_AUTH_FAIL ROOT_AUTH_FAIL ROOT_AUTH_FAIL ROOT_AUTH_FAIL ROOT_AUTH_FAIL ROOT_AUTH_FAIL ROOT_AUTH_FAIL ROOT_AUTH_FAIL ROOT_AUTH_FAIL,T1110; T1078,Brute Force; Valid Accounts,credential-access; defense-evasion; initial-access; persistence; privilege-escalation,Logon Session; User Account,Window contains 9 authentication failures and 0 unknown-user events. Mapped from Linux semantic token. | Root account authentication activity was observed. Mapped from Linux semantic token.
950,1,1,True Positive,ROOT_AUTH_FAIL ROOT_AUTH_FAIL ROOT_AUTH_FAIL ROOT_AUTH_FAIL ROOT_AUTH_FAIL ROOT_AUTH_FAIL ROOT_AUTH_FAIL ROOT_AUTH_FAIL ROOT_AUTH_FAIL,T1110; T1078,Brute Force; Valid Accounts,credential-access; defense-evasion; initial-access; persistence; privilege-escalation,Logon Session; User Account,Window contains 9 authentication failures and 0 unknown-user events. Mapped from Linux semantic token. | Root account authentication activity was observed. Mapped from Linux semantic token.
951,1,1,True Positive,ROOT_AUTH_FAIL ROOT_AUTH_FAIL ROOT_AUTH_FAIL ROOT_AUTH_FAIL ROOT_AUTH_FAIL ROOT_AUTH_FAIL ROOT_AUTH_FAIL ROOT_AUTH_FAIL ROOT_AUTH_FAIL,T1110; T1078,Brute Force; Valid Accounts,credential-access; defense-evasion; initial-access; persistence; privilege-escalation,Logon Session; User Account,Window contains 9 authentication failures and 0 unknown-user events. Mapped from Linux semantic token. | Root account authentication activity was observed. Mapped from Linux semantic token.
952,1,1,True Positive,ROOT_AUTH_FAIL ROOT_AUTH_FAIL ROOT_AUTH_FAIL ROOT_AUTH_FAIL ROOT_AUTH_FAIL ROOT_AUTH_FAIL ROOT_AUTH_FAIL ROOT_AUTH_FAIL ROOT_AUTH_FAIL,T1110; T1078,Brute Force; Valid Accounts,credential-access; defense-evasion; initial-access; persistence; privilege-escalation,Logon Session; User Account,Window contains 9 authentication failures and 0 unknown-user events. Mapped from Linux semantic token. | Root account authentication activity was observed. Mapped from Linux semantic token.
953,1,1,True Positive,ROOT_AUTH_FAIL ROOT_AUTH_FAIL ROOT_AUTH_FAIL ROOT_AUTH_FAIL ROOT_AUTH_FAIL ROOT_AUTH_FAIL ROOT_AUTH_FAIL ROOT_AUTH_FAIL ROOT_AUTH_FAIL,T1110; T1078,Brute Force; Valid Accounts,credential-access; defense-evasion; initial-access; persistence; privilege-escalation,Logon Session; User Account,Window contains 9 authentication failures and 0 unknown-user events. Mapped from Linux semantic token. | Root account authentication activity was observed. Mapped from Linux semantic token.
954,1,1,True Positive,ROOT_AUTH_FAIL ROOT_AUTH_FAIL ROOT_AUTH_FAIL ROOT_AUTH_FAIL ROOT_AUTH_FAIL ROOT_AUTH_FAIL ROOT_AUTH_FAIL ROOT_AUTH_FAIL ROOT_AUTH_FAIL,T1110; T1078,Brute Force; Valid Accounts,credential-access; defense-evasion; initial-access; persistence; privilege-escalation,Logon Session; User Account,Window contains 9 authentication failures and 0 unknown-user events. Mapped from Linux semantic token. | Root account authentication activity was observed. Mapped from Linux semantic token.
955,1,1,True Positive,ROOT_AUTH_FAIL ROOT_AUTH_FAIL ROOT_AUTH_FAIL,T1078; T1110,Valid Accounts; Brute Force,credential-access; defense-evasion; initial-access; persistence; privilege-escalation,Logon Session; User Account,Root account authentication activity was observed. Mapped from Linux semantic token. | Mapped from Linux semantic token.
956,1,1,True Positive,ROOT_AUTH_FAIL ROOT_AUTH_FAIL ROOT_AUTH_FAIL ROOT_AUTH_FAIL ROOT_AUTH_FAIL ROOT_AUTH_FAIL ROOT_AUTH_FAIL ROOT_AUTH_FAIL ROOT_AUTH_FAIL,T1110; T1078,Brute Force; Valid Accounts,credential-access; defense-evasion; initial-access; persistence; privilege-escalation,Logon Session; User Account,Window contains 9 authentication failures and 0 unknown-user events. Mapped from Linux semantic token. | Root account authentication activity was observed. Mapped from Linux semantic token.
957,1,1,True Positive,ROOT_AUTH_FAIL ROOT_AUTH_FAIL ROOT_AUTH_FAIL ROOT_AUTH_FAIL ROOT_AUTH_FAIL ROOT_AUTH_FAIL ROOT_AUTH_FAIL ROOT_AUTH_FAIL ROOT_AUTH_FAIL,T1110; T1078,Brute Force; Valid Accounts,credential-access; defense-evasion; initial-access; persistence; privilege-escalation,Logon Session; User Account,Window contains 9 authentication failures and 0 unknown-user events. Mapped from Linux semantic token. | Root account authentication activity was observed. Mapped from Linux semantic token.
958,1,1,True Positive,AUTH_FAIL AUTH_FAIL AUTH_FAIL UNKNOWN_USER UNKNOWN_USER UNKNOWN_USER UNKNOWN_USER AUTH_FAIL UNKNOWN_USER AUTH_FAIL UNKNOWN_USER AUTH_FAIL UNKNOWN_USER UNKNOWN_USER AUTH_FAIL UNKNOWN_USER AUTH_FAIL AUTH_FAIL UNKNOWN_USER AUTH_FAIL,T1110,Brute Force,credential-access,,Window contains 10 authentication failures and 10 unknown-user events. Mapped from Linux semantic token.
959,1,1,True Positive,AUTH_FAIL AUTH_FAIL AUTH_FAIL UNKNOWN_USER UNKNOWN_USER UNKNOWN_USER UNKNOWN_USER AUTH_FAIL UNKNOWN_USER AUTH_FAIL UNKNOWN_USER AUTH_FAIL UNKNOWN_USER UNKNOWN_USER AUTH_FAIL UNKNOWN_USER AUTH_FAIL AUTH_FAIL UNKNOWN_USER AUTH_FAIL,T1110,Brute Force,credential-access,,Window contains 10 authentication failures and 10 unknown-user events. Mapped from Linux semantic token.
960,1,1,True Positive,ROOT_AUTH_FAIL ROOT_AUTH_FAIL ROOT_AUTH_FAIL ROOT_AUTH_FAIL ROOT_AUTH_FAIL ROOT_AUTH_FAIL ROOT_AUTH_FAIL ROOT_AUTH_FAIL ROOT_AUTH_FAIL,T1110; T1078,Brute Force; Valid Accounts,credential-access; defense-evasion; initial-access; persistence; privilege-escalation,Logon Session; User Account,Window contains 9 authentication failures and 0 unknown-user events. Mapped from Linux semantic token. | Root account authentication activity was observed. Mapped from Linux semantic token.
961,1,1,True Positive,ROOT_AUTH_FAIL ROOT_AUTH_FAIL ROOT_AUTH_FAIL ROOT_AUTH_FAIL ROOT_AUTH_FAIL ROOT_AUTH_FAIL ROOT_AUTH_FAIL ROOT_AUTH_FAIL ROOT_AUTH_FAIL,T1110; T1078,Brute Force; Valid Accounts,credential-access; defense-evasion; initial-access; persistence; privilege-escalation,Logon Session; User Account,Window contains 9 authentication failures and 0 unknown-user events. Mapped from Linux semantic token. | Root account authentication activity was observed. Mapped from Linux semantic token.
962,1,1,True Positive,ROOT_AUTH_FAIL ROOT_AUTH_FAIL ROOT_AUTH_FAIL ROOT_AUTH_FAIL ROOT_AUTH_FAIL ROOT_AUTH_FAIL ROOT_AUTH_FAIL ROOT_AUTH_FAIL ROOT_AUTH_FAIL,T1110; T1078,Brute Force; Valid Accounts,credential-access; defense-evasion; initial-access; persistence; privilege-escalation,Logon Session; User Account,Window contains 9 authentication failures and 0 unknown-user events. Mapped from Linux semantic token. | Root account authentication activity was observed. Mapped from Linux semantic token.
963,1,1,True Positive,ROOT_AUTH_FAIL ROOT_AUTH_FAIL ROOT_AUTH_FAIL ROOT_AUTH_FAIL ROOT_AUTH_FAIL ROOT_AUTH_FAIL ROOT_AUTH_FAIL ROOT_AUTH_FAIL ROOT_AUTH_FAIL,T1110; T1078,Brute Force; Valid Accounts,credential-access; defense-evasion; initial-access; persistence; privilege-escalation,Logon Session; User Account,Window contains 9 authentication failures and 0 unknown-user events. Mapped from Linux semantic token. | Root account authentication activity was observed. Mapped from Linux semantic token.
964,1,1,True Positive,ROOT_AUTH_FAIL ROOT_AUTH_FAIL ROOT_AUTH_FAIL ROOT_AUTH_FAIL ROOT_AUTH_FAIL ROOT_AUTH_FAIL ROOT_AUTH_FAIL ROOT_AUTH_FAIL ROOT_AUTH_FAIL,T1110; T1078,Brute Force; Valid Accounts,credential-access; defense-evasion; initial-access; persistence; privilege-escalation,Logon Session; User Account,Window contains 9 authentication failures and 0 unknown-user events. Mapped from Linux semantic token. | Root account authentication activity was observed. Mapped from Linux semantic token.
965,1,1,True Positive,ROOT_AUTH_FAIL ROOT_AUTH_FAIL ROOT_AUTH_FAIL ROOT_AUTH_FAIL ROOT_AUTH_FAIL ROOT_AUTH_FAIL ROOT_AUTH_FAIL ROOT_AUTH_FAIL ROOT_AUTH_FAIL,T1110; T1078,Brute Force; Valid Accounts,credential-access; defense-evasion; initial-access; persistence; privilege-escalation,Logon Session; User Account,Window contains 9 authentication failures and 0 unknown-user events. Mapped from Linux semantic token. | Root account authentication activity was observed. Mapped from Linux semantic token.
966,1,1,True Positive,ROOT_AUTH_FAIL ROOT_AUTH_FAIL ROOT_AUTH_FAIL ROOT_AUTH_FAIL ROOT_AUTH_FAIL ROOT_AUTH_FAIL ROOT_AUTH_FAIL ROOT_AUTH_FAIL ROOT_AUTH_FAIL,T1110; T1078,Brute Force; Valid Accounts,credential-access; defense-evasion; initial-access; persistence; privilege-escalation,Logon Session; User Account,Window contains 9 authentication failures and 0 unknown-user events. Mapped from Linux semantic token. | Root account authentication activity was observed. Mapped from Linux semantic token.
967,1,1,True Positive,ROOT_AUTH_FAIL ROOT_AUTH_FAIL ROOT_AUTH_FAIL ROOT_AUTH_FAIL ROOT_AUTH_FAIL ROOT_AUTH_FAIL ROOT_AUTH_FAIL ROOT_AUTH_FAIL ROOT_AUTH_FAIL,T1110; T1078,Brute Force; Valid Accounts,credential-access; defense-evasion; initial-access; persistence; privilege-escalation,Logon Session; User Account,Window contains 9 authentication failures and 0 unknown-user events. Mapped from Linux semantic token. | Root account authentication activity was observed. Mapped from Linux semantic token.
968,1,1,True Positive,FTP_CONNECTION FTP_CONNECTION FTP_CONNECTION FTP_CONNECTION FTP_CONNECTION FTP_CONNECTION FTP_CONNECTION FTP_CONNECTION FTP_CONNECTION FTP_CONNECTION FTP_CONNECTION FTP_CONNECTION FTP_CONNECTION FTP_CONNECTION FTP_CONNECTION FTP_CONNECTION FTP_CONNECTION FTP_CONNECTION FTP_CONNECTION FTP_CONNECTION,T1133,External Remote Services,initial-access; persistence,,Window contains 20 FTP connection events. Mapped from Linux semantic token.
969,1,1,True Positive,FTP_CONNECTION FTP_CONNECTION FTP_CONNECTION FTP_CONNECTION FTP_CONNECTION FTP_CONNECTION FTP_CONNECTION FTP_CONNECTION FTP_CONNECTION FTP_CONNECTION FTP_CONNECTION FTP_CONNECTION FTP_CONNECTION FTP_CONNECTION FTP_CONNECTION FTP_CONNECTION FTP_CONNECTION FTP_CONNECTION FTP_CONNECTION FTP_CONNECTION,T1133,External Remote Services,initial-access; persistence,,Window contains 20 FTP connection events. Mapped from Linux semantic token.
970,1,1,True Positive,ROOT_AUTH_FAIL ROOT_AUTH_FAIL ROOT_AUTH_FAIL ROOT_AUTH_FAIL ROOT_AUTH_FAIL ROOT_AUTH_FAIL ROOT_AUTH_FAIL ROOT_AUTH_FAIL ROOT_AUTH_FAIL,T1110; T1078,Brute Force; Valid Accounts,credential-access; defense-evasion; initial-access; persistence; privilege-escalation,Logon Session; User Account,Window contains 9 authentication failures and 0 unknown-user events. Mapped from Linux semantic token. | Root account authentication activity was observed. Mapped from Linux semantic token.
971,1,1,True Positive,ROOT_AUTH_FAIL ROOT_AUTH_FAIL ROOT_AUTH_FAIL ROOT_AUTH_FAIL ROOT_AUTH_FAIL ROOT_AUTH_FAIL ROOT_AUTH_FAIL ROOT_AUTH_FAIL ROOT_AUTH_FAIL,T1110; T1078,Brute Force; Valid Accounts,credential-access; defense-evasion; initial-access; persistence; privilege-escalation,Logon Session; User Account,Window contains 9 authentication failures and 0 unknown-user events. Mapped from Linux semantic token. | Root account authentication activity was observed. Mapped from Linux semantic token.
972,1,1,True Positive,ROOT_AUTH_FAIL ROOT_AUTH_FAIL ROOT_AUTH_FAIL ROOT_AUTH_FAIL ROOT_AUTH_FAIL ROOT_AUTH_FAIL ROOT_AUTH_FAIL ROOT_AUTH_FAIL ROOT_AUTH_FAIL,T1110; T1078,Brute Force; Valid Accounts,credential-access; defense-evasion; initial-access; persistence; privilege-escalation,Logon Session; User Account,Window contains 9 authentication failures and 0 unknown-user events. Mapped from Linux semantic token. | Root account authentication activity was observed. Mapped from Linux semantic token.
973,1,1,True Positive,ROOT_AUTH_FAIL ROOT_AUTH_FAIL ROOT_AUTH_FAIL ROOT_AUTH_FAIL ROOT_AUTH_FAIL ROOT_AUTH_FAIL ROOT_AUTH_FAIL ROOT_AUTH_FAIL ROOT_AUTH_FAIL,T1110; T1078,Brute Force; Valid Accounts,credential-access; defense-evasion; initial-access; persistence; privilege-escalation,Logon Session; User Account,Window contains 9 authentication failures and 0 unknown-user events. Mapped from Linux semantic token. | Root account authentication activity was observed. Mapped from Linux semantic token.
974,1,1,True Positive,ROOT_AUTH_FAIL ROOT_AUTH_FAIL ROOT_AUTH_FAIL ROOT_AUTH_FAIL ROOT_AUTH_FAIL ROOT_AUTH_FAIL ROOT_AUTH_FAIL ROOT_AUTH_FAIL ROOT_AUTH_FAIL,T1110; T1078,Brute Force; Valid Accounts,credential-access; defense-evasion; initial-access; persistence; privilege-escalation,Logon Session; User Account,Window contains 9 authentication failures and 0 unknown-user events. Mapped from Linux semantic token. | Root account authentication activity was observed. Mapped from Linux semantic token.
975,1,1,True Positive,ROOT_AUTH_FAIL ROOT_AUTH_FAIL ROOT_AUTH_FAIL ROOT_AUTH_FAIL ROOT_AUTH_FAIL ROOT_AUTH_FAIL ROOT_AUTH_FAIL ROOT_AUTH_FAIL ROOT_AUTH_FAIL,T1110; T1078,Brute Force; Valid Accounts,credential-access; defense-evasion; initial-access; persistence; privilege-escalation,Logon Session; User Account,Window contains 9 authentication failures and 0 unknown-user events. Mapped from Linux semantic token. | Root account authentication activity was observed. Mapped from Linux semantic token.
976,1,1,True Positive,ROOT_AUTH_FAIL ROOT_AUTH_FAIL ROOT_AUTH_FAIL ROOT_AUTH_FAIL ROOT_AUTH_FAIL ROOT_AUTH_FAIL ROOT_AUTH_FAIL ROOT_AUTH_FAIL ROOT_AUTH_FAIL,T1110; T1078,Brute Force; Valid Accounts,credential-access; defense-evasion; initial-access; persistence; privilege-escalation,Logon Session; User Account,Window contains 9 authentication failures and 0 unknown-user events. Mapped from Linux semantic token. | Root account authentication activity was observed. Mapped from Linux semantic token.
977,1,1,True Positive,ROOT_AUTH_FAIL ROOT_AUTH_FAIL ROOT_AUTH_FAIL ROOT_AUTH_FAIL ROOT_AUTH_FAIL ROOT_AUTH_FAIL ROOT_AUTH_FAIL ROOT_AUTH_FAIL ROOT_AUTH_FAIL,T1110; T1078,Brute Force; Valid Accounts,credential-access; defense-evasion; initial-access; persistence; privilege-escalation,Logon Session; User Account,Window contains 9 authentication failures and 0 unknown-user events. Mapped from Linux semantic token. | Root account authentication activity was observed. Mapped from Linux semantic token.
978,1,1,True Positive,AUTH_FAIL_USER AUTH_FAIL_USER AUTH_FAIL_USER AUTH_FAIL_USER AUTH_FAIL_USER AUTH_FAIL_USER AUTH_FAIL_USER AUTH_FAIL_USER AUTH_FAIL_USER AUTH_FAIL_USER,T1110,Brute Force,credential-access,,Window contains 10 authentication failures and 0 unknown-user events. Mapped from Linux semantic token.
979,1,1,True Positive,AUTH_FAIL_USER AUTH_FAIL_USER AUTH_FAIL_USER AUTH_FAIL_USER AUTH_FAIL_USER AUTH_FAIL_USER AUTH_FAIL_USER AUTH_FAIL_USER AUTH_FAIL_USER AUTH_FAIL_USER,T1110,Brute Force,credential-access,,Window contains 10 authentication failures and 0 unknown-user events. Mapped from Linux semantic token.
980,1,1,True Positive,ROOT_AUTH_FAIL ROOT_AUTH_FAIL ROOT_AUTH_FAIL ROOT_AUTH_FAIL ROOT_AUTH_FAIL ROOT_AUTH_FAIL ROOT_AUTH_FAIL ROOT_AUTH_FAIL ROOT_AUTH_FAIL,T1110; T1078,Brute Force; Valid Accounts,credential-access; defense-evasion; initial-access; persistence; privilege-escalation,Logon Session; User Account,Window contains 9 authentication failures and 0 unknown-user events. Mapped from Linux semantic token. | Root account authentication activity was observed. Mapped from Linux semantic token.
981,1,1,True Positive,ROOT_AUTH_FAIL ROOT_AUTH_FAIL ROOT_AUTH_FAIL ROOT_AUTH_FAIL ROOT_AUTH_FAIL ROOT_AUTH_FAIL ROOT_AUTH_FAIL ROOT_AUTH_FAIL ROOT_AUTH_FAIL,T1110; T1078,Brute Force; Valid Accounts,credential-access; defense-evasion; initial-access; persistence; privilege-escalation,Logon Session; User Account,Window contains 9 authentication failures and 0 unknown-user events. Mapped from Linux semantic token. | Root account authentication activity was observed. Mapped from Linux semantic token.
982,1,1,True Positive,ROOT_AUTH_FAIL ROOT_AUTH_FAIL ROOT_AUTH_FAIL ROOT_AUTH_FAIL ROOT_AUTH_FAIL ROOT_AUTH_FAIL ROOT_AUTH_FAIL ROOT_AUTH_FAIL ROOT_AUTH_FAIL,T1110; T1078,Brute Force; Valid Accounts,credential-access; defense-evasion; initial-access; persistence; privilege-escalation,Logon Session; User Account,Window contains 9 authentication failures and 0 unknown-user events. Mapped from Linux semantic token. | Root account authentication activity was observed. Mapped from Linux semantic token.
983,1,1,True Positive,ROOT_AUTH_FAIL ROOT_AUTH_FAIL ROOT_AUTH_FAIL ROOT_AUTH_FAIL ROOT_AUTH_FAIL ROOT_AUTH_FAIL ROOT_AUTH_FAIL ROOT_AUTH_FAIL ROOT_AUTH_FAIL,T1110; T1078,Brute Force; Valid Accounts,credential-access; defense-evasion; initial-access; persistence; privilege-escalation,Logon Session; User Account,Window contains 9 authentication failures and 0 unknown-user events. Mapped from Linux semantic token. | Root account authentication activity was observed. Mapped from Linux semantic token.
984,1,1,True Positive,ROOT_AUTH_FAIL ROOT_AUTH_FAIL ROOT_AUTH_FAIL ROOT_AUTH_FAIL ROOT_AUTH_FAIL ROOT_AUTH_FAIL ROOT_AUTH_FAIL ROOT_AUTH_FAIL ROOT_AUTH_FAIL ROOT_AUTH_FAIL,T1110; T1078,Brute Force; Valid Accounts,credential-access; defense-evasion; initial-access; persistence; privilege-escalation,Logon Session; User Account,Window contains 10 authentication failures and 0 unknown-user events. Mapped from Linux semantic token. | Root account authentication activity was observed. Mapped from Linux semantic token.
985,1,1,True Positive,ROOT_AUTH_FAIL ROOT_AUTH_FAIL ROOT_AUTH_FAIL ROOT_AUTH_FAIL ROOT_AUTH_FAIL ROOT_AUTH_FAIL ROOT_AUTH_FAIL ROOT_AUTH_FAIL ROOT_AUTH_FAIL ROOT_AUTH_FAIL,T1110; T1078,Brute Force; Valid Accounts,credential-access; defense-evasion; initial-access; persistence; privilege-escalation,Logon Session; User Account,Window contains 10 authentication failures and 0 unknown-user events. Mapped from Linux semantic token. | Root account authentication activity was observed. Mapped from Linux semantic token.
986,1,1,True Positive,UNKNOWN_USER AUTH_FAIL UNKNOWN_USER AUTH_FAIL AUTH_FAIL UNKNOWN_USER AUTH_FAIL UNKNOWN_USER UNKNOWN_USER AUTH_FAIL UNKNOWN_USER AUTH_FAIL UNKNOWN_USER AUTH_FAIL,T1110,Brute Force,credential-access,,Window contains 7 authentication failures and 7 unknown-user events. Mapped from Linux semantic token.
987,1,1,True Positive,UNKNOWN_USER AUTH_FAIL UNKNOWN_USER AUTH_FAIL AUTH_FAIL UNKNOWN_USER AUTH_FAIL UNKNOWN_USER UNKNOWN_USER AUTH_FAIL UNKNOWN_USER AUTH_FAIL UNKNOWN_USER AUTH_FAIL,T1110,Brute Force,credential-access,,Window contains 7 authentication failures and 7 unknown-user events. Mapped from Linux semantic token.
988,1,1,True Positive,EXPLOIT_PAYLOAD_ATTEMPT EXPLOIT_PAYLOAD_ATTEMPT EXPLOIT_PAYLOAD_ATTEMPT EXPLOIT_PAYLOAD_ATTEMPT,T1190,Exploit Public-Facing Application,initial-access,,Exploit-like payload was observed in the log sequence. Mapped from Linux semantic token.
989,1,1,True Positive,EXPLOIT_PAYLOAD_ATTEMPT EXPLOIT_PAYLOAD_ATTEMPT EXPLOIT_PAYLOAD_ATTEMPT EXPLOIT_PAYLOAD_ATTEMPT EXPLOIT_PAYLOAD_ATTEMPT,T1190,Exploit Public-Facing Application,initial-access,,Exploit-like payload was observed in the log sequence. Mapped from Linux semantic token.
990,1,1,True Positive,ROOT_AUTH_FAIL ROOT_AUTH_FAIL ROOT_AUTH_FAIL ROOT_AUTH_FAIL ROOT_AUTH_FAIL ROOT_AUTH_FAIL ROOT_AUTH_FAIL ROOT_AUTH_FAIL ROOT_AUTH_FAIL ROOT_AUTH_FAIL ROOT_AUTH_FAIL ROOT_AUTH_FAIL ROOT_AUTH_FAIL ROOT_AUTH_FAIL ROOT_AUTH_FAIL ROOT_AUTH_FAIL ROOT_AUTH_FAIL,T1110; T1078,Brute Force; Valid Accounts,credential-access; defense-evasion; initial-access; persistence; privilege-escalation,Logon Session; User Account,Window contains 17 authentication failures and 0 unknown-user events. Mapped from Linux semantic token. | Root account authentication activity was observed. Mapped from Linux semantic token.
991,1,1,True Positive,ROOT_AUTH_FAIL ROOT_AUTH_FAIL ROOT_AUTH_FAIL ROOT_AUTH_FAIL ROOT_AUTH_FAIL ROOT_AUTH_FAIL ROOT_AUTH_FAIL ROOT_AUTH_FAIL ROOT_AUTH_FAIL ROOT_AUTH_FAIL ROOT_AUTH_FAIL ROOT_AUTH_FAIL ROOT_AUTH_FAIL ROOT_AUTH_FAIL ROOT_AUTH_FAIL ROOT_AUTH_FAIL ROOT_AUTH_FAIL,T1110; T1078,Brute Force; Valid Accounts,credential-access; defense-evasion; initial-access; persistence; privilege-escalation,Logon Session; User Account,Window contains 17 authentication failures and 0 unknown-user events. Mapped from Linux semantic token. | Root account authentication activity was observed. Mapped from Linux semantic token.
992,1,1,True Positive,FTP_CONNECTION FTP_CONNECTION FTP_CONNECTION FTP_CONNECTION FTP_CONNECTION FTP_CONNECTION FTP_CONNECTION FTP_CONNECTION FTP_CONNECTION FTP_CONNECTION FTP_CONNECTION FTP_CONNECTION FTP_CONNECTION FTP_CONNECTION FTP_CONNECTION FTP_CONNECTION FTP_CONNECTION FTP_CONNECTION FTP_CONNECTION FTP_CONNECTION FTP_CONNECTION FTP_CONNECTION FTP_CONNECTION,T1133,External Remote Services,initial-access; persistence,,Window contains 23 FTP connection events. Mapped from Linux semantic token.
993,1,1,True Positive,FTP_CONNECTION FTP_CONNECTION FTP_CONNECTION FTP_CONNECTION FTP_CONNECTION FTP_CONNECTION FTP_CONNECTION FTP_CONNECTION FTP_CONNECTION FTP_CONNECTION FTP_CONNECTION FTP_CONNECTION FTP_CONNECTION FTP_CONNECTION FTP_CONNECTION FTP_CONNECTION FTP_CONNECTION FTP_CONNECTION FTP_CONNECTION FTP_CONNECTION FTP_CONNECTION FTP_CONNECTION FTP_CONNECTION,T1133,External Remote Services,initial-access; persistence,,Window contains 23 FTP connection events. Mapped from Linux semantic token.
994,1,1,True Positive,FTP_CONNECTION FTP_CONNECTION FTP_CONNECTION FTP_CONNECTION FTP_CONNECTION FTP_CONNECTION FTP_CONNECTION FTP_CONNECTION FTP_CONNECTION FTP_CONNECTION FTP_CONNECTION FTP_CONNECTION FTP_CONNECTION FTP_CONNECTION FTP_CONNECTION FTP_CONNECTION FTP_CONNECTION FTP_CONNECTION FTP_CONNECTION FTP_CONNECTION FTP_CONNECTION FTP_CONNECTION FTP_CONNECTION,T1133,External Remote Services,initial-access; persistence,,Window contains 23 FTP connection events. Mapped from Linux semantic token.
995,1,1,True Positive,FTP_CONNECTION FTP_CONNECTION FTP_CONNECTION FTP_CONNECTION FTP_CONNECTION FTP_CONNECTION FTP_CONNECTION FTP_CONNECTION FTP_CONNECTION FTP_CONNECTION FTP_CONNECTION FTP_CONNECTION FTP_CONNECTION FTP_CONNECTION FTP_CONNECTION FTP_CONNECTION FTP_CONNECTION FTP_CONNECTION FTP_CONNECTION FTP_CONNECTION FTP_CONNECTION FTP_CONNECTION FTP_CONNECTION,T1133,External Remote Services,initial-access; persistence,,Window contains 23 FTP connection events. Mapped from Linux semantic token.
996,1,1,True Positive,AUTH_FAIL_USER AUTH_FAIL_USER AUTH_FAIL_USER AUTH_FAIL_USER AUTH_FAIL_USER AUTH_FAIL_USER AUTH_FAIL_USER AUTH_FAIL_USER AUTH_FAIL_USER,T1110,Brute Force,credential-access,,Window contains 9 authentication failures and 0 unknown-user events. Mapped from Linux semantic token.
997,1,1,True Positive,AUTH_FAIL_USER AUTH_FAIL_USER AUTH_FAIL_USER AUTH_FAIL_USER AUTH_FAIL_USER AUTH_FAIL_USER AUTH_FAIL_USER AUTH_FAIL_USER AUTH_FAIL_USER AUTH_FAIL_USER AUTH_FAIL_USER AUTH_FAIL_USER AUTH_FAIL_USER AUTH_FAIL_USER AUTH_FAIL_USER AUTH_FAIL_USER AUTH_FAIL_USER AUTH_FAIL_USER AUTH_FAIL_USER AUTH_FAIL_USER AUTH_FAIL_USER,T1110,Brute Force,credential-access,,Window contains 21 authentication failures and 0 unknown-user events. Mapped from Linux semantic token.
998,1,1,True Positive,AUTH_FAIL_USER AUTH_FAIL_USER AUTH_FAIL_USER AUTH_FAIL_USER AUTH_FAIL_USER AUTH_FAIL_USER AUTH_FAIL_USER AUTH_FAIL_USER AUTH_FAIL_USER AUTH_FAIL_USER AUTH_FAIL_USER AUTH_FAIL_USER AUTH_FAIL_USER AUTH_FAIL_USER,T1110,Brute Force,credential-access,,Window contains 14 authentication failures and 0 unknown-user events. Mapped from Linux semantic token.
999,1,1,True Positive,ROOT_AUTH_FAIL ROOT_AUTH_FAIL ROOT_AUTH_FAIL ROOT_AUTH_FAIL,T1078; T1110,Valid Accounts; Brute Force,credential-access; defense-evasion; initial-access; persistence; privilege-escalation,Logon Session; User Account,Root account authentication activity was observed. Mapped from Linux semantic token. | Mapped from Linux semantic token.
1000,1,1,True Positive,ROOT_AUTH_FAIL ROOT_AUTH_FAIL ROOT_AUTH_FAIL ROOT_AUTH_FAIL,T1078; T1110,Valid Accounts; Brute Force,credential-access; defense-evasion; initial-access; persistence; privilege-escalation,Logon Session; User Account,Root account authentication activity was observed. Mapped from Linux semantic token. | Mapped from Linux semantic token.
1001,1,1,True Positive,AUTH_FAIL_USER AUTH_FAIL_USER AUTH_FAIL_USER AUTH_FAIL_USER AUTH_FAIL_USER AUTH_FAIL_USER AUTH_FAIL_USER,T1110,Brute Force,credential-access,,Window contains 7 authentication failures and 0 unknown-user events. Mapped from Linux semantic token.
1002,1,1,True Positive,AUTH_FAIL_USER AUTH_FAIL_USER AUTH_FAIL_USER AUTH_FAIL_USER AUTH_FAIL_USER AUTH_FAIL_USER AUTH_FAIL_USER,T1110,Brute Force,credential-access,,Window contains 7 authentication failures and 0 unknown-user events. Mapped from Linux semantic token.
1003,1,1,True Positive,AUTH_FAIL_USER AUTH_FAIL_USER AUTH_FAIL_USER AUTH_FAIL_USER AUTH_FAIL_USER AUTH_FAIL_USER AUTH_FAIL_USER AUTH_FAIL_USER AUTH_FAIL_USER AUTH_FAIL_USER,T1110,Brute Force,credential-access,,Window contains 10 authentication failures and 0 unknown-user events. Mapped from Linux semantic token.
1004,1,1,True Positive,AUTH_FAIL_USER AUTH_FAIL_USER AUTH_FAIL_USER AUTH_FAIL_USER AUTH_FAIL_USER AUTH_FAIL_USER AUTH_FAIL_USER AUTH_FAIL_USER AUTH_FAIL_USER AUTH_FAIL_USER,T1110,Brute Force,credential-access,,Window contains 10 authentication failures and 0 unknown-user events. Mapped from Linux semantic token.
1005,1,1,True Positive,AUTH_FAIL_USER AUTH_FAIL_USER AUTH_FAIL_USER AUTH_FAIL_USER AUTH_FAIL_USER AUTH_FAIL_USER AUTH_FAIL_USER AUTH_FAIL_USER AUTH_FAIL_USER AUTH_FAIL_USER,T1110,Brute Force,credential-access,,Window contains 10 authentication failures and 0 unknown-user events. Mapped from Linux semantic token.
1006,1,1,True Positive,AUTH_FAIL_USER AUTH_FAIL_USER AUTH_FAIL_USER AUTH_FAIL_USER AUTH_FAIL_USER AUTH_FAIL_USER AUTH_FAIL_USER AUTH_FAIL_USER AUTH_FAIL_USER AUTH_FAIL_USER,T1110,Brute Force,credential-access,,Window contains 10 authentication failures and 0 unknown-user events. Mapped from Linux semantic token.
1007,1,1,True Positive,ROOT_AUTH_FAIL ROOT_AUTH_FAIL ROOT_AUTH_FAIL ROOT_AUTH_FAIL ROOT_AUTH_FAIL ROOT_AUTH_FAIL ROOT_AUTH_FAIL ROOT_AUTH_FAIL ROOT_AUTH_FAIL ROOT_AUTH_FAIL,T1110; T1078,Brute Force; Valid Accounts,credential-access; defense-evasion; initial-access; persistence; privilege-escalation,Logon Session; User Account,Window contains 10 authentication failures and 0 unknown-user events. Mapped from Linux semantic token. | Root account authentication activity was observed. Mapped from Linux semantic token.
1008,1,1,True Positive,ROOT_AUTH_FAIL ROOT_AUTH_FAIL ROOT_AUTH_FAIL ROOT_AUTH_FAIL ROOT_AUTH_FAIL ROOT_AUTH_FAIL ROOT_AUTH_FAIL ROOT_AUTH_FAIL ROOT_AUTH_FAIL ROOT_AUTH_FAIL,T1110; T1078,Brute Force; Valid Accounts,credential-access; defense-evasion; initial-access; persistence; privilege-escalation,Logon Session; User Account,Window contains 10 authentication failures and 0 unknown-user events. Mapped from Linux semantic token. | Root account authentication activity was observed. Mapped from Linux semantic token.
1009,1,1,True Positive,AUTH_FAIL UNKNOWN_USER AUTH_FAIL UNKNOWN_USER UNKNOWN_USER AUTH_FAIL UNKNOWN_USER AUTH_FAIL UNKNOWN_USER AUTH_FAIL UNKNOWN_USER AUTH_FAIL UNKNOWN_USER AUTH_FAIL AUTH_FAIL UNKNOWN_USER UNKNOWN_USER UNKNOWN_USER AUTH_FAIL AUTH_FAIL,T1110,Brute Force,credential-access,,Window contains 10 authentication failures and 10 unknown-user events. Mapped from Linux semantic token.
1010,1,1,True Positive,AUTH_FAIL UNKNOWN_USER AUTH_FAIL UNKNOWN_USER UNKNOWN_USER AUTH_FAIL UNKNOWN_USER AUTH_FAIL UNKNOWN_USER AUTH_FAIL UNKNOWN_USER AUTH_FAIL UNKNOWN_USER AUTH_FAIL AUTH_FAIL UNKNOWN_USER UNKNOWN_USER UNKNOWN_USER AUTH_FAIL AUTH_FAIL,T1110,Brute Force,credential-access,,Window contains 10 authentication failures and 10 unknown-user events. Mapped from Linux semantic token.
1011,1,1,True Positive,AUTH_FAIL_USER AUTH_FAIL_USER AUTH_FAIL_USER AUTH_FAIL_USER AUTH_FAIL_USER,T1110,Brute Force,credential-access,,Window contains 5 authentication failures and 0 unknown-user events. Mapped from Linux semantic token.
1012,1,1,True Positive,AUTH_FAIL_USER AUTH_FAIL_USER AUTH_FAIL_USER AUTH_FAIL_USER AUTH_FAIL_USER ROOT_AUTH_FAIL ROOT_AUTH_FAIL,T1110; T1078,Brute Force; Valid Accounts,credential-access; defense-evasion; initial-access; persistence; privilege-escalation,Logon Session; User Account,Window contains 7 authentication failures and 0 unknown-user events. Mapped from Linux semantic token. | Root account authentication activity was observed. Mapped from Linux semantic token.
1013,1,1,True Positive,ROOT_AUTH_FAIL ROOT_AUTH_FAIL,T1078; T1110,Valid Accounts; Brute Force,credential-access; defense-evasion; initial-access; persistence; privilege-escalation,Logon Session; User Account,Root account authentication activity was observed. Mapped from Linux semantic token. | Mapped from Linux semantic token.
1014,1,1,True Positive,AUTH_FAIL_USER AUTH_FAIL_USER AUTH_FAIL_USER AUTH_FAIL_USER AUTH_FAIL_USER AUTH_FAIL_USER,T1110,Brute Force,credential-access,,Window contains 6 authentication failures and 0 unknown-user events. Mapped from Linux semantic token.
1015,1,1,True Positive,AUTH_FAIL_USER AUTH_FAIL_USER AUTH_FAIL_USER AUTH_FAIL_USER AUTH_FAIL_USER AUTH_FAIL_USER,T1110,Brute Force,credential-access,,Window contains 6 authentication failures and 0 unknown-user events. Mapped from Linux semantic token.
1016,1,1,True Positive,UNKNOWN_USER AUTH_FAIL UNKNOWN_USER AUTH_FAIL AUTH_FAIL UNKNOWN_USER UNKNOWN_USER AUTH_FAIL UNKNOWN_USER AUTH_FAIL UNKNOWN_USER AUTH_FAIL UNKNOWN_USER AUTH_FAIL UNKNOWN_USER AUTH_FAIL,T1110,Brute Force,credential-access,,Window contains 8 authentication failures and 8 unknown-user events. Mapped from Linux semantic token.
1017,1,1,True Positive,UNKNOWN_USER AUTH_FAIL UNKNOWN_USER AUTH_FAIL AUTH_FAIL UNKNOWN_USER UNKNOWN_USER AUTH_FAIL UNKNOWN_USER AUTH_FAIL UNKNOWN_USER AUTH_FAIL UNKNOWN_USER AUTH_FAIL UNKNOWN_USER AUTH_FAIL,T1110,Brute Force,credential-access,,Window contains 8 authentication failures and 8 unknown-user events. Mapped from Linux semantic token.
1018,1,1,True Positive,AUTH_FAIL_USER AUTH_FAIL_USER AUTH_FAIL_USER AUTH_FAIL_USER AUTH_FAIL_USER AUTH_FAIL_USER AUTH_FAIL_USER AUTH_FAIL_USER AUTH_FAIL_USER AUTH_FAIL_USER AUTH_FAIL_USER AUTH_FAIL_USER,T1110,Brute Force,credential-access,,Window contains 12 authentication failures and 0 unknown-user events. Mapped from Linux semantic token.
1019,1,1,True Positive,AUTH_FAIL_USER AUTH_FAIL_USER AUTH_FAIL_USER AUTH_FAIL_USER AUTH_FAIL_USER AUTH_FAIL_USER AUTH_FAIL_USER AUTH_FAIL_USER AUTH_FAIL_USER AUTH_FAIL_USER AUTH_FAIL_USER AUTH_FAIL_USER AUTH_FAIL_USER AUTH_FAIL_USER AUTH_FAIL_USER AUTH_FAIL_USER AUTH_FAIL_USER AUTH_FAIL_USER AUTH_FAIL_USER,T1110,Brute Force,credential-access,,Window contains 19 authentication failures and 0 unknown-user events. Mapped from Linux semantic token.
1020,1,1,True Positive,AUTH_FAIL_USER AUTH_FAIL_USER AUTH_FAIL_USER AUTH_FAIL_USER AUTH_FAIL_USER AUTH_FAIL_USER AUTH_FAIL_USER AUTH_FAIL_USER AUTH_FAIL_USER,T1110,Brute Force,credential-access,,Window contains 9 authentication failures and 0 unknown-user events. Mapped from Linux semantic token.
1021,1,1,True Positive,AUTH_FAIL AUTH_FAIL UNKNOWN_USER AUTH_FAIL UNKNOWN_USER AUTH_FAIL UNKNOWN_USER UNKNOWN_USER AUTH_FAIL UNKNOWN_USER AUTH_FAIL UNKNOWN_USER AUTH_FAIL UNKNOWN_USER AUTH_FAIL UNKNOWN_USER AUTH_FAIL UNKNOWN_USER UNKNOWN_USER AUTH_FAIL,T1110,Brute Force,credential-access,,Window contains 10 authentication failures and 10 unknown-user events. Mapped from Linux semantic token.
1022,1,1,True Positive,AUTH_FAIL AUTH_FAIL UNKNOWN_USER AUTH_FAIL UNKNOWN_USER AUTH_FAIL UNKNOWN_USER UNKNOWN_USER AUTH_FAIL UNKNOWN_USER AUTH_FAIL UNKNOWN_USER AUTH_FAIL UNKNOWN_USER AUTH_FAIL UNKNOWN_USER AUTH_FAIL UNKNOWN_USER UNKNOWN_USER AUTH_FAIL,T1110,Brute Force,credential-access,,Window contains 10 authentication failures and 10 unknown-user events. Mapped from Linux semantic token.
1023,1,1,True Positive,FTP_CONNECTION FTP_CONNECTION FTP_CONNECTION FTP_CONNECTION FTP_CONNECTION FTP_CONNECTION FTP_CONNECTION FTP_CONNECTION FTP_CONNECTION FTP_CONNECTION FTP_CONNECTION FTP_CONNECTION FTP_CONNECTION FTP_CONNECTION FTP_CONNECTION FTP_CONNECTION FTP_CONNECTION FTP_CONNECTION FTP_CONNECTION FTP_CONNECTION,T1133,External Remote Services,initial-access; persistence,,Window contains 20 FTP connection events. Mapped from Linux semantic token.
1024,1,1,True Positive,FTP_CONNECTION FTP_CONNECTION FTP_CONNECTION FTP_CONNECTION FTP_CONNECTION FTP_CONNECTION FTP_CONNECTION FTP_CONNECTION FTP_CONNECTION FTP_CONNECTION FTP_CONNECTION FTP_CONNECTION FTP_CONNECTION FTP_CONNECTION FTP_CONNECTION FTP_CONNECTION FTP_CONNECTION FTP_CONNECTION FTP_CONNECTION FTP_CONNECTION,T1133,External Remote Services,initial-access; persistence,,Window contains 20 FTP connection events. Mapped from Linux semantic token.
1025,1,1,True Positive,AUTH_FAIL_USER AUTH_FAIL_USER AUTH_FAIL_USER AUTH_FAIL_USER AUTH_FAIL_USER AUTH_FAIL_USER AUTH_FAIL_USER AUTH_FAIL_USER AUTH_FAIL_USER,T1110,Brute Force,credential-access,,Window contains 9 authentication failures and 0 unknown-user events. Mapped from Linux semantic token.
1026,1,1,True Positive,AUTH_FAIL_USER AUTH_FAIL_USER AUTH_FAIL_USER AUTH_FAIL_USER AUTH_FAIL_USER AUTH_FAIL_USER AUTH_FAIL_USER AUTH_FAIL_USER AUTH_FAIL_USER,T1110,Brute Force,credential-access,,Window contains 9 authentication failures and 0 unknown-user events. Mapped from Linux semantic token.
1027,1,1,True Positive,ROOT_AUTH_FAIL ROOT_AUTH_FAIL ROOT_AUTH_FAIL ROOT_AUTH_FAIL ROOT_AUTH_FAIL ROOT_AUTH_FAIL ROOT_AUTH_FAIL ROOT_AUTH_FAIL ROOT_AUTH_FAIL ROOT_AUTH_FAIL ROOT_AUTH_FAIL ROOT_AUTH_FAIL ROOT_AUTH_FAIL,T1110; T1078,Brute Force; Valid Accounts,credential-access; defense-evasion; initial-access; persistence; privilege-escalation,Logon Session; User Account,Window contains 13 authentication failures and 0 unknown-user events. Mapped from Linux semantic token. | Root account authentication activity was observed. Mapped from Linux semantic token.
1028,1,1,True Positive,ROOT_AUTH_FAIL ROOT_AUTH_FAIL ROOT_AUTH_FAIL ROOT_AUTH_FAIL ROOT_AUTH_FAIL ROOT_AUTH_FAIL ROOT_AUTH_FAIL ROOT_AUTH_FAIL ROOT_AUTH_FAIL ROOT_AUTH_FAIL ROOT_AUTH_FAIL ROOT_AUTH_FAIL ROOT_AUTH_FAIL,T1110; T1078,Brute Force; Valid Accounts,credential-access; defense-evasion; initial-access; persistence; privilege-escalation,Logon Session; User Account,Window contains 13 authentication failures and 0 unknown-user events. Mapped from Linux semantic token. | Root account authentication activity was observed. Mapped from Linux semantic token.
1029,1,1,True Positive,ROOT_AUTH_FAIL ROOT_AUTH_FAIL ROOT_AUTH_FAIL ROOT_AUTH_FAIL ROOT_AUTH_FAIL ROOT_AUTH_FAIL ROOT_AUTH_FAIL ROOT_AUTH_FAIL ROOT_AUTH_FAIL ROOT_AUTH_FAIL,T1110; T1078,Brute Force; Valid Accounts,credential-access; defense-evasion; initial-access; persistence; privilege-escalation,Logon Session; User Account,Window contains 10 authentication failures and 0 unknown-user events. Mapped from Linux semantic token. | Root account authentication activity was observed. Mapped from Linux semantic token.
1030,1,1,True Positive,ROOT_AUTH_FAIL ROOT_AUTH_FAIL ROOT_AUTH_FAIL ROOT_AUTH_FAIL ROOT_AUTH_FAIL ROOT_AUTH_FAIL ROOT_AUTH_FAIL ROOT_AUTH_FAIL ROOT_AUTH_FAIL ROOT_AUTH_FAIL,T1110; T1078,Brute Force; Valid Accounts,credential-access; defense-evasion; initial-access; persistence; privilege-escalation,Logon Session; User Account,Window contains 10 authentication failures and 0 unknown-user events. Mapped from Linux semantic token. | Root account authentication activity was observed. Mapped from Linux semantic token.
1031,1,1,True Positive,ROOT_AUTH_FAIL ROOT_AUTH_FAIL ROOT_AUTH_FAIL ROOT_AUTH_FAIL ROOT_AUTH_FAIL ROOT_AUTH_FAIL ROOT_AUTH_FAIL ROOT_AUTH_FAIL,T1110; T1078,Brute Force; Valid Accounts,credential-access; defense-evasion; initial-access; persistence; privilege-escalation,Logon Session; User Account,Window contains 8 authentication failures and 0 unknown-user events. Mapped from Linux semantic token. | Root account authentication activity was observed. Mapped from Linux semantic token.
1032,1,1,True Positive,ROOT_AUTH_FAIL ROOT_AUTH_FAIL ROOT_AUTH_FAIL ROOT_AUTH_FAIL ROOT_AUTH_FAIL ROOT_AUTH_FAIL ROOT_AUTH_FAIL ROOT_AUTH_FAIL ROOT_AUTH_FAIL ROOT_AUTH_FAIL,T1110; T1078,Brute Force; Valid Accounts,credential-access; defense-evasion; initial-access; persistence; privilege-escalation,Logon Session; User Account,Window contains 10 authentication failures and 0 unknown-user events. Mapped from Linux semantic token. | Root account authentication activity was observed. Mapped from Linux semantic token.
1033,1,1,True Positive,ROOT_AUTH_FAIL ROOT_AUTH_FAIL,T1078; T1110,Valid Accounts; Brute Force,credential-access; defense-evasion; initial-access; persistence; privilege-escalation,Logon Session; User Account,Root account authentication activity was observed. Mapped from Linux semantic token. | Mapped from Linux semantic token.
1034,1,1,True Positive,AUTH_FAIL_USER AUTH_FAIL_USER AUTH_FAIL_USER AUTH_FAIL_USER AUTH_FAIL_USER AUTH_FAIL_USER AUTH_FAIL_USER AUTH_FAIL_USER AUTH_FAIL_USER AUTH_FAIL_USER AUTH_FAIL_USER,T1110,Brute Force,credential-access,,Window contains 11 authentication failures and 0 unknown-user events. Mapped from Linux semantic token.
1035,1,1,True Positive,AUTH_FAIL_USER AUTH_FAIL_USER AUTH_FAIL_USER AUTH_FAIL_USER AUTH_FAIL_USER AUTH_FAIL_USER AUTH_FAIL_USER AUTH_FAIL_USER AUTH_FAIL_USER AUTH_FAIL_USER AUTH_FAIL_USER AUTH_FAIL_USER AUTH_FAIL_USER AUTH_FAIL_USER AUTH_FAIL_USER AUTH_FAIL_USER AUTH_FAIL_USER AUTH_FAIL_USER AUTH_FAIL_USER AUTH_FAIL_USER AUTH_FAIL_USER,T1110,Brute Force,credential-access,,Window contains 21 authentication failures and 0 unknown-user events. Mapped from Linux semantic token.
1036,1,1,True Positive,AUTH_FAIL_USER AUTH_FAIL_USER AUTH_FAIL_USER AUTH_FAIL_USER AUTH_FAIL_USER AUTH_FAIL_USER AUTH_FAIL_USER AUTH_FAIL_USER AUTH_FAIL_USER AUTH_FAIL_USER AUTH_FAIL_USER,T1110,Brute Force,credential-access,,Window contains 11 authentication failures and 0 unknown-user events. Mapped from Linux semantic token.
1037,1,1,True Positive,AUTH_FAIL_USER AUTH_FAIL_USER AUTH_FAIL_USER AUTH_FAIL_USER AUTH_FAIL_USER AUTH_FAIL_USER AUTH_FAIL_USER AUTH_FAIL_USER AUTH_FAIL_USER,T1110,Brute Force,credential-access,,Window contains 9 authentication failures and 0 unknown-user events. Mapped from Linux semantic token.
1038,1,1,True Positive,AUTH_FAIL_USER AUTH_FAIL_USER AUTH_FAIL_USER AUTH_FAIL_USER AUTH_FAIL_USER AUTH_FAIL_USER AUTH_FAIL_USER AUTH_FAIL_USER AUTH_FAIL_USER,T1110,Brute Force,credential-access,,Window contains 9 authentication failures and 0 unknown-user events. Mapped from Linux semantic token.
1039,1,1,True Positive,AUTH_FAIL UNKNOWN_USER AUTH_FAIL UNKNOWN_USER AUTH_FAIL UNKNOWN_USER AUTH_FAIL UNKNOWN_USER AUTH_FAIL UNKNOWN_USER UNKNOWN_USER AUTH_FAIL,T1110,Brute Force,credential-access,,Window contains 6 authentication failures and 6 unknown-user events. Mapped from Linux semantic token.
1040,1,1,True Positive,AUTH_FAIL UNKNOWN_USER AUTH_FAIL UNKNOWN_USER AUTH_FAIL UNKNOWN_USER AUTH_FAIL UNKNOWN_USER AUTH_FAIL UNKNOWN_USER UNKNOWN_USER AUTH_FAIL,T1110,Brute Force,credential-access,,Window contains 6 authentication failures and 6 unknown-user events. Mapped from Linux semantic token.
1041,1,1,True Positive,ROOT_AUTH_FAIL ROOT_AUTH_FAIL ROOT_AUTH_FAIL ROOT_AUTH_FAIL ROOT_AUTH_FAIL ROOT_AUTH_FAIL ROOT_AUTH_FAIL ROOT_AUTH_FAIL ROOT_AUTH_FAIL ROOT_AUTH_FAIL ROOT_AUTH_FAIL,T1110; T1078,Brute Force; Valid Accounts,credential-access; defense-evasion; initial-access; persistence; privilege-escalation,Logon Session; User Account,Window contains 11 authentication failures and 0 unknown-user events. Mapped from Linux semantic token. | Root account authentication activity was observed. Mapped from Linux semantic token.
1042,1,1,True Positive,ROOT_AUTH_FAIL ROOT_AUTH_FAIL ROOT_AUTH_FAIL ROOT_AUTH_FAIL ROOT_AUTH_FAIL ROOT_AUTH_FAIL ROOT_AUTH_FAIL ROOT_AUTH_FAIL ROOT_AUTH_FAIL ROOT_AUTH_FAIL ROOT_AUTH_FAIL,T1110; T1078,Brute Force; Valid Accounts,credential-access; defense-evasion; initial-access; persistence; privilege-escalation,Logon Session; User Account,Window contains 11 authentication failures and 0 unknown-user events. Mapped from Linux semantic token. | Root account authentication activity was observed. Mapped from Linux semantic token.
1043,1,1,True Positive,ROOT_AUTH_FAIL ROOT_AUTH_FAIL,T1078; T1110,Valid Accounts; Brute Force,credential-access; defense-evasion; initial-access; persistence; privilege-escalation,Logon Session; User Account,Root account authentication activity was observed. Mapped from Linux semantic token. | Mapped from Linux semantic token.
1044,1,1,True Positive,ROOT_AUTH_FAIL ROOT_AUTH_FAIL ROOT_AUTH_FAIL ROOT_AUTH_FAIL ROOT_AUTH_FAIL ROOT_AUTH_FAIL ROOT_AUTH_FAIL,T1110; T1078,Brute Force; Valid Accounts,credential-access; defense-evasion; initial-access; persistence; privilege-escalation,Logon Session; User Account,Window contains 7 authentication failures and 0 unknown-user events. Mapped from Linux semantic token. | Root account authentication activity was observed. Mapped from Linux semantic token.
1045,1,1,True Positive,ROOT_AUTH_FAIL ROOT_AUTH_FAIL ROOT_AUTH_FAIL ROOT_AUTH_FAIL ROOT_AUTH_FAIL ROOT_AUTH_FAIL ROOT_AUTH_FAIL,T1110; T1078,Brute Force; Valid Accounts,credential-access; defense-evasion; initial-access; persistence; privilege-escalation,Logon Session; User Account,Window contains 7 authentication failures and 0 unknown-user events. Mapped from Linux semantic token. | Root account authentication activity was observed. Mapped from Linux semantic token.
1046,1,1,True Positive,ROOT_AUTH_FAIL ROOT_AUTH_FAIL,T1078; T1110,Valid Accounts; Brute Force,credential-access; defense-evasion; initial-access; persistence; privilege-escalation,Logon Session; User Account,Root account authentication activity was observed. Mapped from Linux semantic token. | Mapped from Linux semantic token.
1047,1,1,True Positive,ROOT_AUTH_FAIL ROOT_AUTH_FAIL,T1078; T1110,Valid Accounts; Brute Force,credential-access; defense-evasion; initial-access; persistence; privilege-escalation,Logon Session; User Account,Root account authentication activity was observed. Mapped from Linux semantic token. | Mapped from Linux semantic token.
1048,1,1,True Positive,UNKNOWN_USER UNKNOWN_USER AUTH_FAIL AUTH_FAIL UNKNOWN_USER AUTH_FAIL UNKNOWN_USER AUTH_FAIL AUTH_FAIL UNKNOWN_USER AUTH_FAIL UNKNOWN_USER UNKNOWN_USER AUTH_FAIL,T1110,Brute Force,credential-access,,Window contains 7 authentication failures and 7 unknown-user events. Mapped from Linux semantic token.
1049,1,1,True Positive,UNKNOWN_USER UNKNOWN_USER AUTH_FAIL AUTH_FAIL UNKNOWN_USER AUTH_FAIL UNKNOWN_USER AUTH_FAIL AUTH_FAIL UNKNOWN_USER AUTH_FAIL UNKNOWN_USER UNKNOWN_USER AUTH_FAIL,T1110,Brute Force,credential-access,,Window contains 7 authentication failures and 7 unknown-user events. Mapped from Linux semantic token.
1050,1,1,True Positive,ROOT_AUTH_FAIL ROOT_AUTH_FAIL ROOT_AUTH_FAIL,T1078; T1110,Valid Accounts; Brute Force,credential-access; defense-evasion; initial-access; persistence; privilege-escalation,Logon Session; User Account,Root account authentication activity was observed. Mapped from Linux semantic token. | Mapped from Linux semantic token.
1051,1,1,True Positive,ROOT_AUTH_FAIL ROOT_AUTH_FAIL ROOT_AUTH_FAIL ROOT_AUTH_FAIL ROOT_AUTH_FAIL ROOT_AUTH_FAIL ROOT_AUTH_FAIL ROOT_AUTH_FAIL ROOT_AUTH_FAIL ROOT_AUTH_FAIL ROOT_AUTH_FAIL ROOT_AUTH_FAIL ROOT_AUTH_FAIL ROOT_AUTH_FAIL ROOT_AUTH_FAIL ROOT_AUTH_FAIL ROOT_AUTH_FAIL ROOT_AUTH_FAIL ROOT_AUTH_FAIL ROOT_AUTH_FAIL,T1110; T1078,Brute Force; Valid Accounts,credential-access; defense-evasion; initial-access; persistence; privilege-escalation,Logon Session; User Account,Window contains 20 authentication failures and 0 unknown-user events. Mapped from Linux semantic token. | Root account authentication activity was observed. Mapped from Linux semantic token.
1052,1,1,True Positive,ROOT_AUTH_FAIL ROOT_AUTH_FAIL ROOT_AUTH_FAIL ROOT_AUTH_FAIL ROOT_AUTH_FAIL ROOT_AUTH_FAIL ROOT_AUTH_FAIL ROOT_AUTH_FAIL ROOT_AUTH_FAIL ROOT_AUTH_FAIL ROOT_AUTH_FAIL ROOT_AUTH_FAIL ROOT_AUTH_FAIL ROOT_AUTH_FAIL ROOT_AUTH_FAIL ROOT_AUTH_FAIL ROOT_AUTH_FAIL,T1110; T1078,Brute Force; Valid Accounts,credential-access; defense-evasion; initial-access; persistence; privilege-escalation,Logon Session; User Account,Window contains 17 authentication failures and 0 unknown-user events. Mapped from Linux semantic token. | Root account authentication activity was observed. Mapped from Linux semantic token.
1053,1,1,True Positive,ROOT_AUTH_FAIL ROOT_AUTH_FAIL ROOT_AUTH_FAIL ROOT_AUTH_FAIL ROOT_AUTH_FAIL ROOT_AUTH_FAIL ROOT_AUTH_FAIL ROOT_AUTH_FAIL ROOT_AUTH_FAIL ROOT_AUTH_FAIL,T1110; T1078,Brute Force; Valid Accounts,credential-access; defense-evasion; initial-access; persistence; privilege-escalation,Logon Session; User Account,Window contains 10 authentication failures and 0 unknown-user events. Mapped from Linux semantic token. | Root account authentication activity was observed. Mapped from Linux semantic token.
1054,1,1,True Positive,ROOT_AUTH_FAIL ROOT_AUTH_FAIL ROOT_AUTH_FAIL ROOT_AUTH_FAIL ROOT_AUTH_FAIL ROOT_AUTH_FAIL ROOT_AUTH_FAIL ROOT_AUTH_FAIL ROOT_AUTH_FAIL ROOT_AUTH_FAIL,T1110; T1078,Brute Force; Valid Accounts,credential-access; defense-evasion; initial-access; persistence; privilege-escalation,Logon Session; User Account,Window contains 10 authentication failures and 0 unknown-user events. Mapped from Linux semantic token. | Root account authentication activity was observed. Mapped from Linux semantic token.
1055,1,1,True Positive,FTP_CONNECTION FTP_CONNECTION FTP_CONNECTION FTP_CONNECTION FTP_CONNECTION FTP_CONNECTION FTP_CONNECTION FTP_CONNECTION FTP_CONNECTION FTP_CONNECTION FTP_CONNECTION FTP_CONNECTION FTP_CONNECTION FTP_CONNECTION FTP_CONNECTION FTP_CONNECTION FTP_CONNECTION FTP_CONNECTION FTP_CONNECTION FTP_CONNECTION FTP_CONNECTION FTP_CONNECTION FTP_CONNECTION,T1133,External Remote Services,initial-access; persistence,,Window contains 23 FTP connection events. Mapped from Linux semantic token.
1056,1,1,True Positive,FTP_CONNECTION FTP_CONNECTION FTP_CONNECTION FTP_CONNECTION FTP_CONNECTION FTP_CONNECTION FTP_CONNECTION FTP_CONNECTION FTP_CONNECTION FTP_CONNECTION FTP_CONNECTION FTP_CONNECTION FTP_CONNECTION FTP_CONNECTION FTP_CONNECTION FTP_CONNECTION FTP_CONNECTION FTP_CONNECTION FTP_CONNECTION FTP_CONNECTION FTP_CONNECTION FTP_CONNECTION FTP_CONNECTION,T1133,External Remote Services,initial-access; persistence,,Window contains 23 FTP connection events. Mapped from Linux semantic token.
1057,1,1,True Positive,UNKNOWN_USER_TIMEOUT UNKNOWN_USER_TIMEOUT UNKNOWN_USER_TIMEOUT UNKNOWN_USER_TIMEOUT UNKNOWN_USER_TIMEOUT UNKNOWN_USER_TIMEOUT UNKNOWN_USER_TIMEOUT UNKNOWN_USER_TIMEOUT UNKNOWN_USER_TIMEOUT UNKNOWN_USER_TIMEOUT UNKNOWN_USER_TIMEOUT UNKNOWN_USER_TIMEOUT UNKNOWN_USER_TIMEOUT UNKNOWN_USER_TIMEOUT UNKNOWN_USER_TIMEOUT UNKNOWN_USER_TIMEOUT UNKNOWN_USER_TIMEOUT UNKNOWN_USER_TIMEOUT UNKNOWN_USER_TIMEOUT UNKNOWN_USER_TIMEOUT UNKNOWN_USER_TIMEOUT UNKNOWN_USER_TIMEOUT UNKNOWN_USER_TIMEOUT,T1110,Brute Force,credential-access,,Window contains 0 authentication failures and 23 unknown-user events. Mapped from Linux semantic token.
1058,1,1,True Positive,UNKNOWN_USER_TIMEOUT UNKNOWN_USER_TIMEOUT UNKNOWN_USER_TIMEOUT UNKNOWN_USER_TIMEOUT UNKNOWN_USER_TIMEOUT UNKNOWN_USER_TIMEOUT UNKNOWN_USER_TIMEOUT UNKNOWN_USER_TIMEOUT UNKNOWN_USER_TIMEOUT UNKNOWN_USER_TIMEOUT UNKNOWN_USER_TIMEOUT UNKNOWN_USER_TIMEOUT UNKNOWN_USER_TIMEOUT UNKNOWN_USER_TIMEOUT UNKNOWN_USER_TIMEOUT UNKNOWN_USER_TIMEOUT UNKNOWN_USER_TIMEOUT UNKNOWN_USER_TIMEOUT UNKNOWN_USER_TIMEOUT UNKNOWN_USER_TIMEOUT UNKNOWN_USER_TIMEOUT UNKNOWN_USER_TIMEOUT UNKNOWN_USER_TIMEOUT,T1110,Brute Force,credential-access,,Window contains 0 authentication failures and 23 unknown-user events. Mapped from Linux semantic token.
1059,1,1,True Positive,ROOT_AUTH_FAIL ROOT_AUTH_FAIL ROOT_AUTH_FAIL,T1078; T1110,Valid Accounts; Brute Force,credential-access; defense-evasion; initial-access; persistence; privilege-escalation,Logon Session; User Account,Root account authentication activity was observed. Mapped from Linux semantic token. | Mapped from Linux semantic token.
1060,1,1,True Positive,ROOT_AUTH_FAIL ROOT_AUTH_FAIL ROOT_AUTH_FAIL ROOT_AUTH_FAIL ROOT_AUTH_FAIL ROOT_AUTH_FAIL ROOT_AUTH_FAIL ROOT_AUTH_FAIL ROOT_AUTH_FAIL ROOT_AUTH_FAIL ROOT_AUTH_FAIL ROOT_AUTH_FAIL ROOT_AUTH_FAIL,T1110; T1078,Brute Force; Valid Accounts,credential-access; defense-evasion; initial-access; persistence; privilege-escalation,Logon Session; User Account,Window contains 13 authentication failures and 0 unknown-user events. Mapped from Linux semantic token. | Root account authentication activity was observed. Mapped from Linux semantic token.
1061,1,1,True Positive,ROOT_AUTH_FAIL ROOT_AUTH_FAIL ROOT_AUTH_FAIL ROOT_AUTH_FAIL ROOT_AUTH_FAIL ROOT_AUTH_FAIL ROOT_AUTH_FAIL ROOT_AUTH_FAIL ROOT_AUTH_FAIL ROOT_AUTH_FAIL ROOT_AUTH_FAIL ROOT_AUTH_FAIL ROOT_AUTH_FAIL,T1110; T1078,Brute Force; Valid Accounts,credential-access; defense-evasion; initial-access; persistence; privilege-escalation,Logon Session; User Account,Window contains 13 authentication failures and 0 unknown-user events. Mapped from Linux semantic token. | Root account authentication activity was observed. Mapped from Linux semantic token.
1062,1,1,True Positive,ROOT_AUTH_FAIL ROOT_AUTH_FAIL ROOT_AUTH_FAIL ROOT_AUTH_FAIL ROOT_AUTH_FAIL ROOT_AUTH_FAIL ROOT_AUTH_FAIL ROOT_AUTH_FAIL ROOT_AUTH_FAIL ROOT_AUTH_FAIL,T1110; T1078,Brute Force; Valid Accounts,credential-access; defense-evasion; initial-access; persistence; privilege-escalation,Logon Session; User Account,Window contains 10 authentication failures and 0 unknown-user events. Mapped from Linux semantic token. | Root account authentication activity was observed. Mapped from Linux semantic token.
1063,1,1,True Positive,ROOT_AUTH_FAIL ROOT_AUTH_FAIL ROOT_AUTH_FAIL ROOT_AUTH_FAIL ROOT_AUTH_FAIL ROOT_AUTH_FAIL ROOT_AUTH_FAIL ROOT_AUTH_FAIL ROOT_AUTH_FAIL ROOT_AUTH_FAIL,T1110; T1078,Brute Force; Valid Accounts,credential-access; defense-evasion; initial-access; persistence; privilege-escalation,Logon Session; User Account,Window contains 10 authentication failures and 0 unknown-user events. Mapped from Linux semantic token. | Root account authentication activity was observed. Mapped from Linux semantic token.
1064,1,1,True Positive,UNKNOWN_USER AUTH_FAIL UNKNOWN_USER AUTH_FAIL AUTH_FAIL UNKNOWN_USER UNKNOWN_USER AUTH_FAIL UNKNOWN_USER AUTH_FAIL UNKNOWN_USER AUTH_FAIL AUTH_FAIL UNKNOWN_USER,T1110,Brute Force,credential-access,,Window contains 7 authentication failures and 7 unknown-user events. Mapped from Linux semantic token.
1065,1,1,True Positive,UNKNOWN_USER AUTH_FAIL UNKNOWN_USER AUTH_FAIL AUTH_FAIL UNKNOWN_USER UNKNOWN_USER AUTH_FAIL UNKNOWN_USER AUTH_FAIL UNKNOWN_USER AUTH_FAIL AUTH_FAIL UNKNOWN_USER,T1110,Brute Force,credential-access,,Window contains 7 authentication failures and 7 unknown-user events. Mapped from Linux semantic token.
1066,1,1,True Positive,UNKNOWN_USER AUTH_FAIL UNKNOWN_USER UNKNOWN_USER UNKNOWN_USER AUTH_FAIL AUTH_FAIL AUTH_FAIL AUTH_FAIL UNKNOWN_USER UNKNOWN_USER AUTH_FAIL UNKNOWN_USER AUTH_FAIL AUTH_FAIL UNKNOWN_USER UNKNOWN_USER AUTH_FAIL UNKNOWN_USER AUTH_FAIL,T1110,Brute Force,credential-access,,Window contains 10 authentication failures and 10 unknown-user events. Mapped from Linux semantic token.
1067,1,1,True Positive,UNKNOWN_USER AUTH_FAIL UNKNOWN_USER UNKNOWN_USER UNKNOWN_USER AUTH_FAIL AUTH_FAIL AUTH_FAIL AUTH_FAIL UNKNOWN_USER UNKNOWN_USER AUTH_FAIL UNKNOWN_USER AUTH_FAIL AUTH_FAIL UNKNOWN_USER UNKNOWN_USER AUTH_FAIL UNKNOWN_USER AUTH_FAIL AUTH_FAIL UNKNOWN_USER AUTH_FAIL UNKNOWN_USER UNKNOWN_USER AUTH_FAIL UNKNOWN_USER AUTH_FAIL UNKNOWN_USER AUTH_FAIL UNKNOWN_USER AUTH_FAIL,T1110,Brute Force,credential-access,,Window contains 16 authentication failures and 16 unknown-user events. Mapped from Linux semantic token.
1068,1,1,True Positive,AUTH_FAIL UNKNOWN_USER AUTH_FAIL UNKNOWN_USER UNKNOWN_USER AUTH_FAIL UNKNOWN_USER AUTH_FAIL UNKNOWN_USER AUTH_FAIL UNKNOWN_USER AUTH_FAIL,T1110,Brute Force,credential-access,,Window contains 6 authentication failures and 6 unknown-user events. Mapped from Linux semantic token.
1069,1,1,True Positive,ROOT_AUTH_FAIL ROOT_AUTH_FAIL ROOT_AUTH_FAIL ROOT_AUTH_FAIL ROOT_AUTH_FAIL ROOT_AUTH_FAIL ROOT_AUTH_FAIL ROOT_AUTH_FAIL ROOT_AUTH_FAIL ROOT_AUTH_FAIL ROOT_AUTH_FAIL,T1110; T1078,Brute Force; Valid Accounts,credential-access; defense-evasion; initial-access; persistence; privilege-escalation,Logon Session; User Account,Window contains 11 authentication failures and 0 unknown-user events. Mapped from Linux semantic token. | Root account authentication activity was observed. Mapped from Linux semantic token.
1070,1,1,True Positive,ROOT_AUTH_FAIL ROOT_AUTH_FAIL ROOT_AUTH_FAIL ROOT_AUTH_FAIL ROOT_AUTH_FAIL ROOT_AUTH_FAIL ROOT_AUTH_FAIL ROOT_AUTH_FAIL ROOT_AUTH_FAIL ROOT_AUTH_FAIL ROOT_AUTH_FAIL,T1110; T1078,Brute Force; Valid Accounts,credential-access; defense-evasion; initial-access; persistence; privilege-escalation,Logon Session; User Account,Window contains 11 authentication failures and 0 unknown-user events. Mapped from Linux semantic token. | Root account authentication activity was observed. Mapped from Linux semantic token.
1071,1,1,True Positive,ROOT_AUTH_FAIL ROOT_AUTH_FAIL,T1078; T1110,Valid Accounts; Brute Force,credential-access; defense-evasion; initial-access; persistence; privilege-escalation,Logon Session; User Account,Root account authentication activity was observed. Mapped from Linux semantic token. | Mapped from Linux semantic token.
1072,1,1,True Positive,ROOT_AUTH_FAIL ROOT_AUTH_FAIL,T1078; T1110,Valid Accounts; Brute Force,credential-access; defense-evasion; initial-access; persistence; privilege-escalation,Logon Session; User Account,Root account authentication activity was observed. Mapped from Linux semantic token. | Mapped from Linux semantic token.
1073,1,1,True Positive,AUTH_FAIL_USER AUTH_FAIL_USER AUTH_FAIL_USER AUTH_FAIL_USER AUTH_FAIL_USER AUTH_FAIL_USER AUTH_FAIL_USER AUTH_FAIL_USER AUTH_FAIL_USER AUTH_FAIL_USER,T1110,Brute Force,credential-access,,Window contains 10 authentication failures and 0 unknown-user events. Mapped from Linux semantic token.
1074,1,1,True Positive,AUTH_FAIL_USER AUTH_FAIL_USER AUTH_FAIL_USER AUTH_FAIL_USER AUTH_FAIL_USER AUTH_FAIL_USER AUTH_FAIL_USER AUTH_FAIL_USER AUTH_FAIL_USER AUTH_FAIL_USER,T1110,Brute Force,credential-access,,Window contains 10 authentication failures and 0 unknown-user events. Mapped from Linux semantic token.
1075,1,1,True Positive,AUTH_FAIL_USER AUTH_FAIL_USER AUTH_FAIL_USER AUTH_FAIL_USER AUTH_FAIL_USER AUTH_FAIL_USER AUTH_FAIL_USER AUTH_FAIL_USER,T1110,Brute Force,credential-access,,Window contains 8 authentication failures and 0 unknown-user events. Mapped from Linux semantic token.
1076,1,1,True Positive,AUTH_FAIL_USER AUTH_FAIL_USER AUTH_FAIL_USER AUTH_FAIL_USER AUTH_FAIL_USER AUTH_FAIL_USER AUTH_FAIL_USER AUTH_FAIL_USER,T1110,Brute Force,credential-access,,Window contains 8 authentication failures and 0 unknown-user events. Mapped from Linux semantic token.
1077,1,1,True Positive,ROOT_AUTH_FAIL ROOT_AUTH_FAIL ROOT_AUTH_FAIL ROOT_AUTH_FAIL ROOT_AUTH_FAIL ROOT_AUTH_FAIL ROOT_AUTH_FAIL,T1110; T1078,Brute Force; Valid Accounts,credential-access; defense-evasion; initial-access; persistence; privilege-escalation,Logon Session; User Account,Window contains 7 authentication failures and 0 unknown-user events. Mapped from Linux semantic token. | Root account authentication activity was observed. Mapped from Linux semantic token.
1078,1,1,True Positive,ROOT_AUTH_FAIL ROOT_AUTH_FAIL ROOT_AUTH_FAIL ROOT_AUTH_FAIL ROOT_AUTH_FAIL ROOT_AUTH_FAIL ROOT_AUTH_FAIL ROOT_AUTH_FAIL ROOT_AUTH_FAIL ROOT_AUTH_FAIL,T1110; T1078,Brute Force; Valid Accounts,credential-access; defense-evasion; initial-access; persistence; privilege-escalation,Logon Session; User Account,Window contains 10 authentication failures and 0 unknown-user events. Mapped from Linux semantic token. | Root account authentication activity was observed. Mapped from Linux semantic token.
1079,1,1,True Positive,ROOT_AUTH_FAIL ROOT_AUTH_FAIL ROOT_AUTH_FAIL ROOT_AUTH_FAIL ROOT_AUTH_FAIL ROOT_AUTH_FAIL ROOT_AUTH_FAIL ROOT_AUTH_FAIL ROOT_AUTH_FAIL ROOT_AUTH_FAIL,T1110; T1078,Brute Force; Valid Accounts,credential-access; defense-evasion; initial-access; persistence; privilege-escalation,Logon Session; User Account,Window contains 10 authentication failures and 0 unknown-user events. Mapped from Linux semantic token. | Root account authentication activity was observed. Mapped from Linux semantic token.
1080,1,1,True Positive,ROOT_AUTH_FAIL ROOT_AUTH_FAIL ROOT_AUTH_FAIL ROOT_AUTH_FAIL ROOT_AUTH_FAIL ROOT_AUTH_FAIL ROOT_AUTH_FAIL ROOT_AUTH_FAIL ROOT_AUTH_FAIL ROOT_AUTH_FAIL ROOT_AUTH_FAIL ROOT_AUTH_FAIL ROOT_AUTH_FAIL ROOT_AUTH_FAIL ROOT_AUTH_FAIL ROOT_AUTH_FAIL ROOT_AUTH_FAIL,T1110; T1078,Brute Force; Valid Accounts,credential-access; defense-evasion; initial-access; persistence; privilege-escalation,Logon Session; User Account,Window contains 17 authentication failures and 0 unknown-user events. Mapped from Linux semantic token. | Root account authentication activity was observed. Mapped from Linux semantic token.
1081,1,1,True Positive,ROOT_AUTH_FAIL ROOT_AUTH_FAIL ROOT_AUTH_FAIL ROOT_AUTH_FAIL ROOT_AUTH_FAIL ROOT_AUTH_FAIL ROOT_AUTH_FAIL ROOT_AUTH_FAIL ROOT_AUTH_FAIL ROOT_AUTH_FAIL ROOT_AUTH_FAIL ROOT_AUTH_FAIL ROOT_AUTH_FAIL ROOT_AUTH_FAIL ROOT_AUTH_FAIL ROOT_AUTH_FAIL,T1110; T1078,Brute Force; Valid Accounts,credential-access; defense-evasion; initial-access; persistence; privilege-escalation,Logon Session; User Account,Window contains 16 authentication failures and 0 unknown-user events. Mapped from Linux semantic token. | Root account authentication activity was observed. Mapped from Linux semantic token.
1082,1,1,True Positive,ROOT_AUTH_FAIL ROOT_AUTH_FAIL ROOT_AUTH_FAIL,T1078; T1110,Valid Accounts; Brute Force,credential-access; defense-evasion; initial-access; persistence; privilege-escalation,Logon Session; User Account,Root account authentication activity was observed. Mapped from Linux semantic token. | Mapped from Linux semantic token.
1083,1,1,True Positive,ROOT_AUTH_FAIL ROOT_AUTH_FAIL ROOT_AUTH_FAIL,T1078; T1110,Valid Accounts; Brute Force,credential-access; defense-evasion; initial-access; persistence; privilege-escalation,Logon Session; User Account,Root account authentication activity was observed. Mapped from Linux semantic token. | Mapped from Linux semantic token.
1084,1,1,True Positive,UNKNOWN_USER AUTH_FAIL AUTH_FAIL AUTH_FAIL AUTH_FAIL AUTH_FAIL UNKNOWN_USER UNKNOWN_USER AUTH_FAIL UNKNOWN_USER UNKNOWN_USER AUTH_FAIL UNKNOWN_USER AUTH_FAIL UNKNOWN_USER AUTH_FAIL UNKNOWN_USER AUTH_FAIL UNKNOWN_USER UNKNOWN_USER,T1110,Brute Force,credential-access,,Window contains 10 authentication failures and 10 unknown-user events. Mapped from Linux semantic token.
1085,1,1,True Positive,UNKNOWN_USER AUTH_FAIL AUTH_FAIL AUTH_FAIL AUTH_FAIL AUTH_FAIL UNKNOWN_USER UNKNOWN_USER AUTH_FAIL UNKNOWN_USER UNKNOWN_USER AUTH_FAIL UNKNOWN_USER AUTH_FAIL UNKNOWN_USER AUTH_FAIL UNKNOWN_USER AUTH_FAIL UNKNOWN_USER UNKNOWN_USER,T1110,Brute Force,credential-access,,Window contains 10 authentication failures and 10 unknown-user events. Mapped from Linux semantic token.
1086,1,1,True Positive,FTP_CONNECTION FTP_CONNECTION FTP_CONNECTION FTP_CONNECTION FTP_CONNECTION FTP_CONNECTION FTP_CONNECTION FTP_CONNECTION FTP_CONNECTION FTP_CONNECTION FTP_CONNECTION FTP_CONNECTION FTP_CONNECTION FTP_CONNECTION FTP_CONNECTION FTP_CONNECTION FTP_CONNECTION FTP_CONNECTION FTP_CONNECTION FTP_CONNECTION FTP_CONNECTION FTP_CONNECTION FTP_CONNECTION,T1133,External Remote Services,initial-access; persistence,,Window contains 23 FTP connection events. Mapped from Linux semantic token.
1087,1,1,True Positive,FTP_CONNECTION FTP_CONNECTION FTP_CONNECTION FTP_CONNECTION FTP_CONNECTION FTP_CONNECTION FTP_CONNECTION FTP_CONNECTION FTP_CONNECTION FTP_CONNECTION FTP_CONNECTION FTP_CONNECTION FTP_CONNECTION FTP_CONNECTION FTP_CONNECTION FTP_CONNECTION FTP_CONNECTION FTP_CONNECTION FTP_CONNECTION FTP_CONNECTION FTP_CONNECTION FTP_CONNECTION FTP_CONNECTION,T1133,External Remote Services,initial-access; persistence,,Window contains 23 FTP connection events. Mapped from Linux semantic token.
1088,1,1,True Positive,FTP_CONNECTION FTP_CONNECTION FTP_CONNECTION FTP_CONNECTION FTP_CONNECTION FTP_CONNECTION FTP_CONNECTION FTP_CONNECTION FTP_CONNECTION FTP_CONNECTION,T1133,External Remote Services,initial-access; persistence,,Window contains 10 FTP connection events. Mapped from Linux semantic token.
1089,1,1,True Positive,FTP_CONNECTION FTP_CONNECTION FTP_CONNECTION FTP_CONNECTION FTP_CONNECTION FTP_CONNECTION FTP_CONNECTION FTP_CONNECTION FTP_CONNECTION FTP_CONNECTION FTP_CONNECTION FTP_CONNECTION,T1133,External Remote Services,initial-access; persistence,,Window contains 12 FTP connection events. Mapped from Linux semantic token.
1090,1,1,True Positive,FTP_CONNECTION FTP_CONNECTION FTP_CONNECTION FTP_CONNECTION FTP_CONNECTION FTP_CONNECTION FTP_CONNECTION FTP_CONNECTION FTP_CONNECTION FTP_CONNECTION FTP_CONNECTION FTP_CONNECTION FTP_CONNECTION FTP_CONNECTION FTP_CONNECTION FTP_CONNECTION FTP_CONNECTION FTP_CONNECTION FTP_CONNECTION,T1133,External Remote Services,initial-access; persistence,,Window contains 19 FTP connection events. Mapped from Linux semantic token.
1091,1,1,True Positive,FTP_CONNECTION FTP_CONNECTION FTP_CONNECTION FTP_CONNECTION FTP_CONNECTION FTP_CONNECTION FTP_CONNECTION FTP_CONNECTION FTP_CONNECTION FTP_CONNECTION FTP_CONNECTION FTP_CONNECTION FTP_CONNECTION FTP_CONNECTION FTP_CONNECTION FTP_CONNECTION FTP_CONNECTION FTP_CONNECTION FTP_CONNECTION,T1133,External Remote Services,initial-access; persistence,,Window contains 19 FTP connection events. Mapped from Linux semantic token.
1092,1,1,True Positive,AUTH_FAIL_USER AUTH_FAIL_USER AUTH_FAIL_USER AUTH_FAIL_USER AUTH_FAIL_USER AUTH_FAIL_USER AUTH_FAIL_USER AUTH_FAIL_USER AUTH_FAIL_USER AUTH_FAIL_USER,T1110,Brute Force,credential-access,,Window contains 10 authentication failures and 0 unknown-user events. Mapped from Linux semantic token.
1093,1,1,True Positive,AUTH_FAIL_USER AUTH_FAIL_USER AUTH_FAIL_USER AUTH_FAIL_USER AUTH_FAIL_USER AUTH_FAIL_USER AUTH_FAIL_USER AUTH_FAIL_USER AUTH_FAIL_USER AUTH_FAIL_USER,T1110,Brute Force,credential-access,,Window contains 10 authentication failures and 0 unknown-user events. Mapped from Linux semantic token.
1094,1,1,True Positive,FTP_CONNECTION FTP_CONNECTION FTP_CONNECTION FTP_CONNECTION FTP_CONNECTION FTP_CONNECTION FTP_CONNECTION FTP_CONNECTION FTP_CONNECTION FTP_CONNECTION FTP_CONNECTION FTP_CONNECTION FTP_CONNECTION FTP_CONNECTION FTP_CONNECTION FTP_CONNECTION FTP_CONNECTION FTP_CONNECTION FTP_CONNECTION FTP_CONNECTION FTP_CONNECTION FTP_CONNECTION FTP_CONNECTION,T1133,External Remote Services,initial-access; persistence,,Window contains 23 FTP connection events. Mapped from Linux semantic token.
1095,1,1,True Positive,FTP_CONNECTION FTP_CONNECTION FTP_CONNECTION FTP_CONNECTION FTP_CONNECTION FTP_CONNECTION FTP_CONNECTION FTP_CONNECTION FTP_CONNECTION FTP_CONNECTION FTP_CONNECTION FTP_CONNECTION FTP_CONNECTION FTP_CONNECTION FTP_CONNECTION FTP_CONNECTION FTP_CONNECTION FTP_CONNECTION FTP_CONNECTION FTP_CONNECTION FTP_CONNECTION FTP_CONNECTION FTP_CONNECTION,T1133,External Remote Services,initial-access; persistence,,Window contains 23 FTP connection events. Mapped from Linux semantic token.
1096,1,1,True Positive,ROOT_AUTH_FAIL ROOT_AUTH_FAIL ROOT_AUTH_FAIL,T1078; T1110,Valid Accounts; Brute Force,credential-access; defense-evasion; initial-access; persistence; privilege-escalation,Logon Session; User Account,Root account authentication activity was observed. Mapped from Linux semantic token. | Mapped from Linux semantic token.
1097,1,1,True Positive,ROOT_AUTH_FAIL ROOT_AUTH_FAIL ROOT_AUTH_FAIL,T1078; T1110,Valid Accounts; Brute Force,credential-access; defense-evasion; initial-access; persistence; privilege-escalation,Logon Session; User Account,Root account authentication activity was observed. Mapped from Linux semantic token. | Mapped from Linux semantic token.
1098,1,1,True Positive,ROOT_AUTH_FAIL ROOT_AUTH_FAIL,T1078; T1110,Valid Accounts; Brute Force,credential-access; defense-evasion; initial-access; persistence; privilege-escalation,Logon Session; User Account,Root account authentication activity was observed. Mapped from Linux semantic token. | Mapped from Linux semantic token.
1099,1,1,True Positive,ROOT_AUTH_FAIL ROOT_AUTH_FAIL,T1078; T1110,Valid Accounts; Brute Force,credential-access; defense-evasion; initial-access; persistence; privilege-escalation,Logon Session; User Account,Root account authentication activity was observed. Mapped from Linux semantic token. | Mapped from Linux semantic token.
1100,1,1,True Positive,ROOT_AUTH_FAIL ROOT_AUTH_FAIL ROOT_AUTH_FAIL ROOT_AUTH_FAIL ROOT_AUTH_FAIL ROOT_AUTH_FAIL ROOT_AUTH_FAIL ROOT_AUTH_FAIL ROOT_AUTH_FAIL ROOT_AUTH_FAIL,T1110; T1078,Brute Force; Valid Accounts,credential-access; defense-evasion; initial-access; persistence; privilege-escalation,Logon Session; User Account,Window contains 10 authentication failures and 0 unknown-user events. Mapped from Linux semantic token. | Root account authentication activity was observed. Mapped from Linux semantic token.
1101,1,1,True Positive,ROOT_AUTH_FAIL ROOT_AUTH_FAIL ROOT_AUTH_FAIL ROOT_AUTH_FAIL ROOT_AUTH_FAIL ROOT_AUTH_FAIL ROOT_AUTH_FAIL ROOT_AUTH_FAIL ROOT_AUTH_FAIL ROOT_AUTH_FAIL,T1110; T1078,Brute Force; Valid Accounts,credential-access; defense-evasion; initial-access; persistence; privilege-escalation,Logon Session; User Account,Window contains 10 authentication failures and 0 unknown-user events. Mapped from Linux semantic token. | Root account authentication activity was observed. Mapped from Linux semantic token.
1102,1,1,True Positive,EVENT_9998416d EVENT_9998416d EVENT_9998416d EVENT_9998416d EVENT_9998416d EVENT_9998416d EVENT_9998416d FTP_PEER_DISCONNECT EVENT_be4a4c82 EVENT_be4a4c82 FTP_PEER_DISCONNECT EVENT_be4a4c82 EVENT_be4a4c82 EVENT_be4a4c82 EVENT_be4a4c82 EVENT_9998416d FTP_PEER_DISCONNECT FTP_PEER_DISCONNECT FTP_PEER_DISCONNECT FTP_PEER_DISCONNECT FTP_PEER_DISCONNECT FTP_PEER_DISCONNECT FTP_PEER_DISCONNECT FTP_PEER_DISCONNECT FTP_PEER_DISCONNECT FTP_PEER_DISCONNECT EVENT_9998416d FTP_PEER_DISCONNECT FTP_PEER_DISCONNECT FTP_PEER_DISCONNECT FTP_PEER_DISCONNECT FTP_PEER_DISCONNECT FTP_CONNECTION FTP_CONNECTION FTP_CONNECTION FTP_CONNECTION FTP_CONNECTION FTP_CONNECTION,T1133,External Remote Services,initial-access; persistence,,Mapped from Linux semantic token.
1103,1,1,True Positive,EVENT_9998416d EVENT_9998416d EVENT_9998416d EVENT_9998416d EVENT_9998416d EVENT_9998416d EVENT_9998416d FTP_PEER_DISCONNECT EVENT_be4a4c82 EVENT_be4a4c82 FTP_PEER_DISCONNECT EVENT_be4a4c82 EVENT_be4a4c82 EVENT_be4a4c82 EVENT_be4a4c82 EVENT_9998416d FTP_PEER_DISCONNECT FTP_PEER_DISCONNECT FTP_PEER_DISCONNECT FTP_PEER_DISCONNECT FTP_PEER_DISCONNECT FTP_PEER_DISCONNECT FTP_PEER_DISCONNECT FTP_PEER_DISCONNECT FTP_PEER_DISCONNECT FTP_PEER_DISCONNECT EVENT_9998416d FTP_PEER_DISCONNECT FTP_PEER_DISCONNECT FTP_PEER_DISCONNECT FTP_PEER_DISCONNECT FTP_PEER_DISCONNECT FTP_CONNECTION FTP_CONNECTION FTP_CONNECTION FTP_CONNECTION FTP_CONNECTION FTP_CONNECTION,T1133,External Remote Services,initial-access; persistence,,Mapped from Linux semantic token.
1104,1,1,True Positive,FTP_CONNECTION FTP_CONNECTION FTP_CONNECTION FTP_CONNECTION FTP_CONNECTION FTP_CONNECTION FTP_CONNECTION FTP_CONNECTION FTP_CONNECTION FTP_CONNECTION FTP_CONNECTION FTP_CONNECTION FTP_CONNECTION FTP_CONNECTION FTP_CONNECTION FTP_CONNECTION FTP_CONNECTION FTP_CONNECTION FTP_CONNECTION FTP_CONNECTION FTP_CONNECTION FTP_CONNECTION FTP_CONNECTION,T1133,External Remote Services,initial-access; persistence,,Window contains 23 FTP connection events. Mapped from Linux semantic token.
1105,1,1,True Positive,FTP_CONNECTION FTP_CONNECTION FTP_CONNECTION FTP_CONNECTION FTP_CONNECTION FTP_CONNECTION FTP_CONNECTION FTP_CONNECTION FTP_CONNECTION FTP_CONNECTION FTP_CONNECTION FTP_CONNECTION FTP_CONNECTION FTP_CONNECTION FTP_CONNECTION FTP_CONNECTION FTP_CONNECTION FTP_CONNECTION FTP_CONNECTION FTP_CONNECTION FTP_CONNECTION FTP_CONNECTION FTP_CONNECTION,T1133,External Remote Services,initial-access; persistence,,Window contains 23 FTP connection events. Mapped from Linux semantic token.
1106,1,1,True Positive,AUTH_FAIL_USER AUTH_FAIL_USER AUTH_FAIL_USER AUTH_FAIL_USER AUTH_FAIL_USER AUTH_FAIL_USER AUTH_FAIL_USER AUTH_FAIL_USER AUTH_FAIL_USER AUTH_FAIL_USER,T1110,Brute Force,credential-access,,Window contains 10 authentication failures and 0 unknown-user events. Mapped from Linux semantic token.
1107,1,1,True Positive,AUTH_FAIL_USER AUTH_FAIL_USER AUTH_FAIL_USER AUTH_FAIL_USER AUTH_FAIL_USER AUTH_FAIL_USER AUTH_FAIL_USER AUTH_FAIL_USER AUTH_FAIL_USER AUTH_FAIL_USER,T1110,Brute Force,credential-access,,Window contains 10 authentication failures and 0 unknown-user events. Mapped from Linux semantic token.
1108,1,1,True Positive,ROOT_AUTH_FAIL ROOT_AUTH_FAIL,T1078; T1110,Valid Accounts; Brute Force,credential-access; defense-evasion; initial-access; persistence; privilege-escalation,Logon Session; User Account,Root account authentication activity was observed. Mapped from Linux semantic token. | Mapped from Linux semantic token.
1109,1,1,True Positive,ROOT_AUTH_FAIL ROOT_AUTH_FAIL ROOT_AUTH_FAIL ROOT_AUTH_FAIL ROOT_AUTH_FAIL ROOT_AUTH_FAIL ROOT_AUTH_FAIL ROOT_AUTH_FAIL,T1110; T1078,Brute Force; Valid Accounts,credential-access; defense-evasion; initial-access; persistence; privilege-escalation,Logon Session; User Account,Window contains 8 authentication failures and 0 unknown-user events. Mapped from Linux semantic token. | Root account authentication activity was observed. Mapped from Linux semantic token.
1110,1,1,True Positive,ROOT_AUTH_FAIL ROOT_AUTH_FAIL ROOT_AUTH_FAIL ROOT_AUTH_FAIL ROOT_AUTH_FAIL ROOT_AUTH_FAIL ROOT_AUTH_FAIL,T1110; T1078,Brute Force; Valid Accounts,credential-access; defense-evasion; initial-access; persistence; privilege-escalation,Logon Session; User Account,Window contains 7 authentication failures and 0 unknown-user events. Mapped from Linux semantic token. | Root account authentication activity was observed. Mapped from Linux semantic token.
1111,1,1,True Positive,FTP_CONNECTION FTP_CONNECTION FTP_CONNECTION FTP_CONNECTION FTP_CONNECTION FTP_CONNECTION FTP_CONNECTION FTP_CONNECTION FTP_CONNECTION FTP_CONNECTION FTP_CONNECTION FTP_CONNECTION FTP_CONNECTION FTP_CONNECTION FTP_CONNECTION FTP_CONNECTION FTP_CONNECTION FTP_CONNECTION FTP_CONNECTION FTP_CONNECTION FTP_CONNECTION FTP_CONNECTION,T1133,External Remote Services,initial-access; persistence,,Window contains 22 FTP connection events. Mapped from Linux semantic token.
1112,1,1,True Positive,FTP_CONNECTION FTP_CONNECTION FTP_CONNECTION FTP_CONNECTION FTP_CONNECTION FTP_CONNECTION FTP_CONNECTION FTP_CONNECTION FTP_CONNECTION FTP_CONNECTION FTP_CONNECTION FTP_CONNECTION FTP_CONNECTION FTP_CONNECTION FTP_CONNECTION FTP_CONNECTION FTP_CONNECTION FTP_CONNECTION FTP_CONNECTION FTP_CONNECTION FTP_CONNECTION FTP_CONNECTION,T1133,External Remote Services,initial-access; persistence,,Window contains 22 FTP connection events. Mapped from Linux semantic token.
1113,1,1,True Positive,UNKNOWN_USER UNKNOWN_USER UNKNOWN_USER AUTH_FAIL AUTH_FAIL AUTH_FAIL UNKNOWN_USER AUTH_FAIL AUTH_FAIL UNKNOWN_USER AUTH_FAIL UNKNOWN_USER UNKNOWN_USER AUTH_FAIL AUTH_FAIL UNKNOWN_USER UNKNOWN_USER AUTH_FAIL UNKNOWN_USER AUTH_FAIL,T1110,Brute Force,credential-access,,Window contains 10 authentication failures and 10 unknown-user events. Mapped from Linux semantic token.
1114,1,1,True Positive,UNKNOWN_USER UNKNOWN_USER UNKNOWN_USER AUTH_FAIL AUTH_FAIL AUTH_FAIL UNKNOWN_USER AUTH_FAIL AUTH_FAIL UNKNOWN_USER AUTH_FAIL UNKNOWN_USER UNKNOWN_USER AUTH_FAIL AUTH_FAIL UNKNOWN_USER UNKNOWN_USER AUTH_FAIL UNKNOWN_USER AUTH_FAIL,T1110,Brute Force,credential-access,,Window contains 10 authentication failures and 10 unknown-user events. Mapped from Linux semantic token.
1115,1,1,True Positive,ROOT_AUTH_FAIL ROOT_AUTH_FAIL ROOT_AUTH_FAIL ROOT_AUTH_FAIL ROOT_AUTH_FAIL ROOT_AUTH_FAIL ROOT_AUTH_FAIL ROOT_AUTH_FAIL ROOT_AUTH_FAIL ROOT_AUTH_FAIL,T1110; T1078,Brute Force; Valid Accounts,credential-access; defense-evasion; initial-access; persistence; privilege-escalation,Logon Session; User Account,Window contains 10 authentication failures and 0 unknown-user events. Mapped from Linux semantic token. | Root account authentication activity was observed. Mapped from Linux semantic token.
1116,1,1,True Positive,ROOT_AUTH_FAIL ROOT_AUTH_FAIL ROOT_AUTH_FAIL ROOT_AUTH_FAIL ROOT_AUTH_FAIL ROOT_AUTH_FAIL ROOT_AUTH_FAIL ROOT_AUTH_FAIL ROOT_AUTH_FAIL ROOT_AUTH_FAIL ROOT_AUTH_FAIL ROOT_AUTH_FAIL ROOT_AUTH_FAIL ROOT_AUTH_FAIL ROOT_AUTH_FAIL ROOT_AUTH_FAIL ROOT_AUTH_FAIL ROOT_AUTH_FAIL ROOT_AUTH_FAIL ROOT_AUTH_FAIL ROOT_AUTH_FAIL,T1110; T1078,Brute Force; Valid Accounts,credential-access; defense-evasion; initial-access; persistence; privilege-escalation,Logon Session; User Account,Window contains 21 authentication failures and 0 unknown-user events. Mapped from Linux semantic token. | Root account authentication activity was observed. Mapped from Linux semantic token.
1117,1,1,True Positive,ROOT_AUTH_FAIL ROOT_AUTH_FAIL ROOT_AUTH_FAIL ROOT_AUTH_FAIL ROOT_AUTH_FAIL ROOT_AUTH_FAIL ROOT_AUTH_FAIL ROOT_AUTH_FAIL ROOT_AUTH_FAIL ROOT_AUTH_FAIL ROOT_AUTH_FAIL ROOT_AUTH_FAIL ROOT_AUTH_FAIL,T1110; T1078,Brute Force; Valid Accounts,credential-access; defense-evasion; initial-access; persistence; privilege-escalation,Logon Session; User Account,Window contains 13 authentication failures and 0 unknown-user events. Mapped from Linux semantic token. | Root account authentication activity was observed. Mapped from Linux semantic token.
1118,1,1,True Positive,AUTH_FAIL_USER AUTH_FAIL_USER AUTH_FAIL_USER AUTH_FAIL_USER AUTH_FAIL_USER AUTH_FAIL_USER AUTH_FAIL_USER AUTH_FAIL_USER AUTH_FAIL_USER,T1110,Brute Force,credential-access,,Window contains 9 authentication failures and 0 unknown-user events. Mapped from Linux semantic token.
1119,1,1,True Positive,AUTH_FAIL_USER AUTH_FAIL_USER AUTH_FAIL_USER AUTH_FAIL_USER AUTH_FAIL_USER AUTH_FAIL_USER AUTH_FAIL_USER AUTH_FAIL_USER AUTH_FAIL_USER,T1110,Brute Force,credential-access,,Window contains 9 authentication failures and 0 unknown-user events. Mapped from Linux semantic token.
1120,1,1,True Positive,AUTH_FAIL_USER AUTH_FAIL_USER AUTH_FAIL_USER AUTH_FAIL_USER AUTH_FAIL_USER AUTH_FAIL_USER,T1110,Brute Force,credential-access,,Window contains 6 authentication failures and 0 unknown-user events. Mapped from Linux semantic token.
1121,1,1,True Positive,AUTH_FAIL_USER AUTH_FAIL_USER AUTH_FAIL_USER AUTH_FAIL_USER AUTH_FAIL_USER AUTH_FAIL_USER,T1110,Brute Force,credential-access,,Window contains 6 authentication failures and 0 unknown-user events. Mapped from Linux semantic token.
1122,1,1,True Positive,AUTH_FAIL_USER AUTH_FAIL_USER AUTH_FAIL_USER AUTH_FAIL_USER AUTH_FAIL_USER AUTH_FAIL_USER AUTH_FAIL_USER AUTH_FAIL_USER AUTH_FAIL_USER AUTH_FAIL_USER,T1110,Brute Force,credential-access,,Window contains 10 authentication failures and 0 unknown-user events. Mapped from Linux semantic token.
1123,1,1,True Positive,AUTH_FAIL_USER AUTH_FAIL_USER AUTH_FAIL_USER AUTH_FAIL_USER AUTH_FAIL_USER AUTH_FAIL_USER AUTH_FAIL_USER AUTH_FAIL_USER AUTH_FAIL_USER AUTH_FAIL_USER,T1110,Brute Force,credential-access,,Window contains 10 authentication failures and 0 unknown-user events. Mapped from Linux semantic token.
1124,1,1,True Positive,ROOT_AUTH_FAIL ROOT_AUTH_FAIL,T1078; T1110,Valid Accounts; Brute Force,credential-access; defense-evasion; initial-access; persistence; privilege-escalation,Logon Session; User Account,Root account authentication activity was observed. Mapped from Linux semantic token. | Mapped from Linux semantic token.
1125,1,1,True Positive,ROOT_AUTH_FAIL ROOT_AUTH_FAIL ROOT_AUTH_FAIL ROOT_AUTH_FAIL ROOT_AUTH_FAIL ROOT_AUTH_FAIL ROOT_AUTH_FAIL ROOT_AUTH_FAIL ROOT_AUTH_FAIL ROOT_AUTH_FAIL ROOT_AUTH_FAIL,T1110; T1078,Brute Force; Valid Accounts,credential-access; defense-evasion; initial-access; persistence; privilege-escalation,Logon Session; User Account,Window contains 11 authentication failures and 0 unknown-user events. Mapped from Linux semantic token. | Root account authentication activity was observed. Mapped from Linux semantic token.
1126,1,1,True Positive,ROOT_AUTH_FAIL ROOT_AUTH_FAIL ROOT_AUTH_FAIL ROOT_AUTH_FAIL ROOT_AUTH_FAIL ROOT_AUTH_FAIL ROOT_AUTH_FAIL ROOT_AUTH_FAIL ROOT_AUTH_FAIL ROOT_AUTH_FAIL ROOT_AUTH_FAIL ROOT_AUTH_FAIL ROOT_AUTH_FAIL ROOT_AUTH_FAIL ROOT_AUTH_FAIL ROOT_AUTH_FAIL ROOT_AUTH_FAIL ROOT_AUTH_FAIL ROOT_AUTH_FAIL,T1110; T1078,Brute Force; Valid Accounts,credential-access; defense-evasion; initial-access; persistence; privilege-escalation,Logon Session; User Account,Window contains 19 authentication failures and 0 unknown-user events. Mapped from Linux semantic token. | Root account authentication activity was observed. Mapped from Linux semantic token.
1127,1,1,True Positive,ROOT_AUTH_FAIL ROOT_AUTH_FAIL ROOT_AUTH_FAIL ROOT_AUTH_FAIL ROOT_AUTH_FAIL ROOT_AUTH_FAIL ROOT_AUTH_FAIL ROOT_AUTH_FAIL ROOT_AUTH_FAIL ROOT_AUTH_FAIL ROOT_AUTH_FAIL ROOT_AUTH_FAIL,T1110; T1078,Brute Force; Valid Accounts,credential-access; defense-evasion; initial-access; persistence; privilege-escalation,Logon Session; User Account,Window contains 12 authentication failures and 0 unknown-user events. Mapped from Linux semantic token. | Root account authentication activity was observed. Mapped from Linux semantic token.
1128,1,1,True Positive,ROOT_AUTH_FAIL ROOT_AUTH_FAIL ROOT_AUTH_FAIL,T1078; T1110,Valid Accounts; Brute Force,credential-access; defense-evasion; initial-access; persistence; privilege-escalation,Logon Session; User Account,Root account authentication activity was observed. Mapped from Linux semantic token. | Mapped from Linux semantic token.
1129,1,1,True Positive,ROOT_AUTH_FAIL ROOT_AUTH_FAIL ROOT_AUTH_FAIL ROOT_AUTH_FAIL ROOT_AUTH_FAIL ROOT_AUTH_FAIL ROOT_AUTH_FAIL ROOT_AUTH_FAIL ROOT_AUTH_FAIL ROOT_AUTH_FAIL,T1110; T1078,Brute Force; Valid Accounts,credential-access; defense-evasion; initial-access; persistence; privilege-escalation,Logon Session; User Account,Window contains 10 authentication failures and 0 unknown-user events. Mapped from Linux semantic token. | Root account authentication activity was observed. Mapped from Linux semantic token.
1130,1,1,True Positive,ROOT_AUTH_FAIL ROOT_AUTH_FAIL ROOT_AUTH_FAIL ROOT_AUTH_FAIL ROOT_AUTH_FAIL ROOT_AUTH_FAIL ROOT_AUTH_FAIL ROOT_AUTH_FAIL ROOT_AUTH_FAIL ROOT_AUTH_FAIL,T1110; T1078,Brute Force; Valid Accounts,credential-access; defense-evasion; initial-access; persistence; privilege-escalation,Logon Session; User Account,Window contains 10 authentication failures and 0 unknown-user events. Mapped from Linux semantic token. | Root account authentication activity was observed. Mapped from Linux semantic token.
1131,1,1,True Positive,FTP_CONNECTION FTP_CONNECTION FTP_CONNECTION FTP_CONNECTION FTP_CONNECTION FTP_CONNECTION FTP_CONNECTION FTP_CONNECTION FTP_CONNECTION FTP_CONNECTION FTP_CONNECTION FTP_CONNECTION FTP_CONNECTION FTP_CONNECTION FTP_CONNECTION FTP_CONNECTION FTP_CONNECTION,T1133,External Remote Services,initial-access; persistence,,Window contains 17 FTP connection events. Mapped from Linux semantic token.
1132,1,1,True Positive,FTP_CONNECTION FTP_CONNECTION FTP_CONNECTION FTP_CONNECTION FTP_CONNECTION FTP_CONNECTION FTP_CONNECTION FTP_CONNECTION FTP_CONNECTION FTP_CONNECTION FTP_CONNECTION FTP_CONNECTION FTP_CONNECTION FTP_CONNECTION FTP_CONNECTION FTP_CONNECTION FTP_CONNECTION,T1133,External Remote Services,initial-access; persistence,,Window contains 17 FTP connection events. Mapped from Linux semantic token.
1133,1,1,True Positive,ROOT_AUTH_FAIL ROOT_AUTH_FAIL ROOT_AUTH_FAIL ROOT_AUTH_FAIL ROOT_AUTH_FAIL ROOT_AUTH_FAIL ROOT_AUTH_FAIL ROOT_AUTH_FAIL ROOT_AUTH_FAIL,T1110; T1078,Brute Force; Valid Accounts,credential-access; defense-evasion; initial-access; persistence; privilege-escalation,Logon Session; User Account,Window contains 9 authentication failures and 0 unknown-user events. Mapped from Linux semantic token. | Root account authentication activity was observed. Mapped from Linux semantic token.
1134,1,1,True Positive,ROOT_AUTH_FAIL ROOT_AUTH_FAIL ROOT_AUTH_FAIL ROOT_AUTH_FAIL ROOT_AUTH_FAIL ROOT_AUTH_FAIL ROOT_AUTH_FAIL ROOT_AUTH_FAIL ROOT_AUTH_FAIL,T1110; T1078,Brute Force; Valid Accounts,credential-access; defense-evasion; initial-access; persistence; privilege-escalation,Logon Session; User Account,Window contains 9 authentication failures and 0 unknown-user events. Mapped from Linux semantic token. | Root account authentication activity was observed. Mapped from Linux semantic token.
1135,1,1,True Positive,FTP_CONNECTION FTP_CONNECTION FTP_CONNECTION FTP_CONNECTION FTP_CONNECTION FTP_CONNECTION FTP_CONNECTION FTP_CONNECTION FTP_CONNECTION FTP_CONNECTION FTP_CONNECTION FTP_CONNECTION FTP_CONNECTION,T1133,External Remote Services,initial-access; persistence,,Window contains 13 FTP connection events. Mapped from Linux semantic token.
1136,1,1,True Positive,FTP_CONNECTION FTP_CONNECTION FTP_CONNECTION FTP_CONNECTION FTP_CONNECTION FTP_CONNECTION FTP_CONNECTION FTP_CONNECTION FTP_CONNECTION FTP_CONNECTION FTP_CONNECTION FTP_CONNECTION FTP_CONNECTION,T1133,External Remote Services,initial-access; persistence,,Window contains 13 FTP connection events. Mapped from Linux semantic token.
1137,1,1,True Positive,AUTH_FAIL_USER AUTH_FAIL_USER AUTH_FAIL_USER AUTH_FAIL_USER AUTH_FAIL_USER AUTH_FAIL_USER AUTH_FAIL_USER AUTH_FAIL_USER AUTH_FAIL_USER AUTH_FAIL_USER,T1110,Brute Force,credential-access,,Window contains 10 authentication failures and 0 unknown-user events. Mapped from Linux semantic token.
1138,1,1,True Positive,AUTH_FAIL_USER AUTH_FAIL_USER AUTH_FAIL_USER AUTH_FAIL_USER AUTH_FAIL_USER AUTH_FAIL_USER AUTH_FAIL_USER AUTH_FAIL_USER AUTH_FAIL_USER AUTH_FAIL_USER,T1110,Brute Force,credential-access,,Window contains 10 authentication failures and 0 unknown-user events. Mapped from Linux semantic token.
1139,1,1,True Positive,ROOT_AUTH_FAIL ROOT_AUTH_FAIL ROOT_AUTH_FAIL ROOT_AUTH_FAIL ROOT_AUTH_FAIL ROOT_AUTH_FAIL ROOT_AUTH_FAIL ROOT_AUTH_FAIL ROOT_AUTH_FAIL,T1110; T1078,Brute Force; Valid Accounts,credential-access; defense-evasion; initial-access; persistence; privilege-escalation,Logon Session; User Account,Window contains 9 authentication failures and 0 unknown-user events. Mapped from Linux semantic token. | Root account authentication activity was observed. Mapped from Linux semantic token.
1140,1,1,True Positive,ROOT_AUTH_FAIL ROOT_AUTH_FAIL ROOT_AUTH_FAIL ROOT_AUTH_FAIL ROOT_AUTH_FAIL ROOT_AUTH_FAIL ROOT_AUTH_FAIL ROOT_AUTH_FAIL ROOT_AUTH_FAIL,T1110; T1078,Brute Force; Valid Accounts,credential-access; defense-evasion; initial-access; persistence; privilege-escalation,Logon Session; User Account,Window contains 9 authentication failures and 0 unknown-user events. Mapped from Linux semantic token. | Root account authentication activity was observed. Mapped from Linux semantic token.
1141,1,1,True Positive,ROOT_AUTH_FAIL ROOT_AUTH_FAIL ROOT_AUTH_FAIL ROOT_AUTH_FAIL ROOT_AUTH_FAIL ROOT_AUTH_FAIL ROOT_AUTH_FAIL ROOT_AUTH_FAIL ROOT_AUTH_FAIL ROOT_AUTH_FAIL,T1110; T1078,Brute Force; Valid Accounts,credential-access; defense-evasion; initial-access; persistence; privilege-escalation,Logon Session; User Account,Window contains 10 authentication failures and 0 unknown-user events. Mapped from Linux semantic token. | Root account authentication activity was observed. Mapped from Linux semantic token.
1142,1,1,True Positive,ROOT_AUTH_FAIL ROOT_AUTH_FAIL ROOT_AUTH_FAIL ROOT_AUTH_FAIL ROOT_AUTH_FAIL ROOT_AUTH_FAIL ROOT_AUTH_FAIL ROOT_AUTH_FAIL ROOT_AUTH_FAIL ROOT_AUTH_FAIL,T1110; T1078,Brute Force; Valid Accounts,credential-access; defense-evasion; initial-access; persistence; privilege-escalation,Logon Session; User Account,Window contains 10 authentication failures and 0 unknown-user events. Mapped from Linux semantic token. | Root account authentication activity was observed. Mapped from Linux semantic token.
1143,1,1,True Positive,UNKNOWN_USER AUTH_FAIL UNKNOWN_USER AUTH_FAIL UNKNOWN_USER AUTH_FAIL UNKNOWN_USER UNKNOWN_USER AUTH_FAIL AUTH_FAIL AUTH_FAIL UNKNOWN_USER UNKNOWN_USER AUTH_FAIL UNKNOWN_USER AUTH_FAIL AUTH_FAIL UNKNOWN_USER UNKNOWN_USER AUTH_FAIL,T1110,Brute Force,credential-access,,Window contains 10 authentication failures and 10 unknown-user events. Mapped from Linux semantic token.
1144,1,1,True Positive,UNKNOWN_USER AUTH_FAIL UNKNOWN_USER AUTH_FAIL UNKNOWN_USER AUTH_FAIL UNKNOWN_USER UNKNOWN_USER AUTH_FAIL AUTH_FAIL AUTH_FAIL UNKNOWN_USER UNKNOWN_USER AUTH_FAIL UNKNOWN_USER AUTH_FAIL AUTH_FAIL UNKNOWN_USER UNKNOWN_USER AUTH_FAIL,T1110,Brute Force,credential-access,,Window contains 10 authentication failures and 10 unknown-user events. Mapped from Linux semantic token.
1145,1,1,True Positive,ROOT_AUTH_FAIL ROOT_AUTH_FAIL ROOT_AUTH_FAIL ROOT_AUTH_FAIL ROOT_AUTH_FAIL ROOT_AUTH_FAIL ROOT_AUTH_FAIL ROOT_AUTH_FAIL ROOT_AUTH_FAIL ROOT_AUTH_FAIL,T1110; T1078,Brute Force; Valid Accounts,credential-access; defense-evasion; initial-access; persistence; privilege-escalation,Logon Session; User Account,Window contains 10 authentication failures and 0 unknown-user events. Mapped from Linux semantic token. | Root account authentication activity was observed. Mapped from Linux semantic token.
1146,1,1,True Positive,ROOT_AUTH_FAIL ROOT_AUTH_FAIL ROOT_AUTH_FAIL ROOT_AUTH_FAIL ROOT_AUTH_FAIL ROOT_AUTH_FAIL ROOT_AUTH_FAIL ROOT_AUTH_FAIL ROOT_AUTH_FAIL ROOT_AUTH_FAIL,T1110; T1078,Brute Force; Valid Accounts,credential-access; defense-evasion; initial-access; persistence; privilege-escalation,Logon Session; User Account,Window contains 10 authentication failures and 0 unknown-user events. Mapped from Linux semantic token. | Root account authentication activity was observed. Mapped from Linux semantic token.
1147,1,1,True Positive,ROOT_AUTH_FAIL ROOT_AUTH_FAIL ROOT_AUTH_FAIL ROOT_AUTH_FAIL ROOT_AUTH_FAIL ROOT_AUTH_FAIL ROOT_AUTH_FAIL ROOT_AUTH_FAIL ROOT_AUTH_FAIL ROOT_AUTH_FAIL,T1110; T1078,Brute Force; Valid Accounts,credential-access; defense-evasion; initial-access; persistence; privilege-escalation,Logon Session; User Account,Window contains 10 authentication failures and 0 unknown-user events. Mapped from Linux semantic token. | Root account authentication activity was observed. Mapped from Linux semantic token.
1148,1,1,True Positive,ROOT_AUTH_FAIL ROOT_AUTH_FAIL ROOT_AUTH_FAIL ROOT_AUTH_FAIL ROOT_AUTH_FAIL ROOT_AUTH_FAIL ROOT_AUTH_FAIL ROOT_AUTH_FAIL ROOT_AUTH_FAIL ROOT_AUTH_FAIL,T1110; T1078,Brute Force; Valid Accounts,credential-access; defense-evasion; initial-access; persistence; privilege-escalation,Logon Session; User Account,Window contains 10 authentication failures and 0 unknown-user events. Mapped from Linux semantic token. | Root account authentication activity was observed. Mapped from Linux semantic token.
1149,1,1,True Positive,FTP_CONNECTION FTP_CONNECTION FTP_CONNECTION FTP_CONNECTION FTP_CONNECTION FTP_CONNECTION FTP_CONNECTION FTP_CONNECTION FTP_CONNECTION FTP_CONNECTION FTP_CONNECTION FTP_CONNECTION FTP_CONNECTION FTP_CONNECTION FTP_CONNECTION FTP_CONNECTION FTP_CONNECTION,T1133,External Remote Services,initial-access; persistence,,Window contains 17 FTP connection events. Mapped from Linux semantic token.
1150,1,1,True Positive,FTP_CONNECTION FTP_CONNECTION FTP_CONNECTION FTP_CONNECTION FTP_CONNECTION FTP_CONNECTION FTP_CONNECTION FTP_CONNECTION FTP_CONNECTION FTP_CONNECTION FTP_CONNECTION FTP_CONNECTION FTP_CONNECTION FTP_CONNECTION FTP_CONNECTION FTP_CONNECTION FTP_CONNECTION FTP_CONNECTION FTP_CONNECTION,T1133,External Remote Services,initial-access; persistence,,Window contains 19 FTP connection events. Mapped from Linux semantic token.
1151,1,1,True Positive,UNKNOWN_USER AUTH_FAIL AUTH_FAIL UNKNOWN_USER UNKNOWN_USER AUTH_FAIL UNKNOWN_USER AUTH_FAIL AUTH_FAIL UNKNOWN_USER UNKNOWN_USER AUTH_FAIL UNKNOWN_USER AUTH_FAIL UNKNOWN_USER AUTH_FAIL UNKNOWN_USER AUTH_FAIL UNKNOWN_USER AUTH_FAIL UNKNOWN_USER AUTH_FAIL UNKNOWN_USER AUTH_FAIL AUTH_FAIL AUTH_FAIL UNKNOWN_USER UNKNOWN_USER UNKNOWN_USER AUTH_FAIL UNKNOWN_USER AUTH_FAIL,T1110,Brute Force,credential-access,,Window contains 16 authentication failures and 16 unknown-user events. Mapped from Linux semantic token.
1152,1,1,True Positive,UNKNOWN_USER AUTH_FAIL AUTH_FAIL UNKNOWN_USER UNKNOWN_USER AUTH_FAIL UNKNOWN_USER AUTH_FAIL AUTH_FAIL UNKNOWN_USER UNKNOWN_USER AUTH_FAIL UNKNOWN_USER AUTH_FAIL UNKNOWN_USER AUTH_FAIL UNKNOWN_USER AUTH_FAIL UNKNOWN_USER AUTH_FAIL UNKNOWN_USER AUTH_FAIL UNKNOWN_USER AUTH_FAIL AUTH_FAIL AUTH_FAIL UNKNOWN_USER UNKNOWN_USER UNKNOWN_USER AUTH_FAIL UNKNOWN_USER AUTH_FAIL,T1110,Brute Force,credential-access,,Window contains 16 authentication failures and 16 unknown-user events. Mapped from Linux semantic token.
1153,1,1,True Positive,FTP_CONNECTION FTP_CONNECTION FTP_CONNECTION FTP_CONNECTION FTP_CONNECTION FTP_CONNECTION FTP_CONNECTION FTP_CONNECTION FTP_CONNECTION FTP_CONNECTION FTP_CONNECTION FTP_CONNECTION FTP_CONNECTION FTP_CONNECTION FTP_CONNECTION FTP_CONNECTION FTP_CONNECTION FTP_CONNECTION FTP_CONNECTION FTP_CONNECTION FTP_CONNECTION FTP_CONNECTION FTP_CONNECTION,T1133,External Remote Services,initial-access; persistence,,Window contains 23 FTP connection events. Mapped from Linux semantic token.
1154,1,1,True Positive,FTP_CONNECTION FTP_CONNECTION FTP_CONNECTION FTP_CONNECTION FTP_CONNECTION FTP_CONNECTION FTP_CONNECTION FTP_CONNECTION FTP_CONNECTION FTP_CONNECTION FTP_CONNECTION FTP_CONNECTION FTP_CONNECTION FTP_CONNECTION FTP_CONNECTION FTP_CONNECTION FTP_CONNECTION FTP_CONNECTION FTP_CONNECTION FTP_CONNECTION FTP_CONNECTION FTP_CONNECTION FTP_CONNECTION,T1133,External Remote Services,initial-access; persistence,,Window contains 23 FTP connection events. Mapped from Linux semantic token.
1155,1,1,True Positive,ROOT_AUTH_FAIL ROOT_AUTH_FAIL ROOT_AUTH_FAIL ROOT_AUTH_FAIL ROOT_AUTH_FAIL ROOT_AUTH_FAIL ROOT_AUTH_FAIL ROOT_AUTH_FAIL ROOT_AUTH_FAIL ROOT_AUTH_FAIL,T1110; T1078,Brute Force; Valid Accounts,credential-access; defense-evasion; initial-access; persistence; privilege-escalation,Logon Session; User Account,Window contains 10 authentication failures and 0 unknown-user events. Mapped from Linux semantic token. | Root account authentication activity was observed. Mapped from Linux semantic token.
1156,1,1,True Positive,ROOT_AUTH_FAIL ROOT_AUTH_FAIL ROOT_AUTH_FAIL ROOT_AUTH_FAIL ROOT_AUTH_FAIL ROOT_AUTH_FAIL ROOT_AUTH_FAIL ROOT_AUTH_FAIL ROOT_AUTH_FAIL ROOT_AUTH_FAIL,T1110; T1078,Brute Force; Valid Accounts,credential-access; defense-evasion; initial-access; persistence; privilege-escalation,Logon Session; User Account,Window contains 10 authentication failures and 0 unknown-user events. Mapped from Linux semantic token. | Root account authentication activity was observed. Mapped from Linux semantic token.
1157,1,1,True Positive,ROOT_AUTH_FAIL ROOT_AUTH_FAIL ROOT_AUTH_FAIL ROOT_AUTH_FAIL ROOT_AUTH_FAIL ROOT_AUTH_FAIL ROOT_AUTH_FAIL ROOT_AUTH_FAIL ROOT_AUTH_FAIL ROOT_AUTH_FAIL,T1110; T1078,Brute Force; Valid Accounts,credential-access; defense-evasion; initial-access; persistence; privilege-escalation,Logon Session; User Account,Window contains 10 authentication failures and 0 unknown-user events. Mapped from Linux semantic token. | Root account authentication activity was observed. Mapped from Linux semantic token.
1158,1,1,True Positive,ROOT_AUTH_FAIL ROOT_AUTH_FAIL ROOT_AUTH_FAIL ROOT_AUTH_FAIL ROOT_AUTH_FAIL ROOT_AUTH_FAIL ROOT_AUTH_FAIL ROOT_AUTH_FAIL ROOT_AUTH_FAIL ROOT_AUTH_FAIL,T1110; T1078,Brute Force; Valid Accounts,credential-access; defense-evasion; initial-access; persistence; privilege-escalation,Logon Session; User Account,Window contains 10 authentication failures and 0 unknown-user events. Mapped from Linux semantic token. | Root account authentication activity was observed. Mapped from Linux semantic token.
1159,1,1,True Positive,FTP_CONNECTION FTP_CONNECTION FTP_CONNECTION FTP_CONNECTION FTP_CONNECTION FTP_CONNECTION FTP_CONNECTION FTP_CONNECTION FTP_CONNECTION FTP_CONNECTION FTP_CONNECTION FTP_CONNECTION FTP_CONNECTION FTP_CONNECTION FTP_CONNECTION FTP_CONNECTION FTP_CONNECTION FTP_CONNECTION FTP_CONNECTION FTP_CONNECTION FTP_CONNECTION FTP_CONNECTION FTP_CONNECTION,T1133,External Remote Services,initial-access; persistence,,Window contains 23 FTP connection events. Mapped from Linux semantic token.
1160,1,1,True Positive,FTP_CONNECTION FTP_CONNECTION FTP_CONNECTION FTP_CONNECTION FTP_CONNECTION FTP_CONNECTION FTP_CONNECTION FTP_CONNECTION FTP_CONNECTION FTP_CONNECTION FTP_CONNECTION FTP_CONNECTION FTP_CONNECTION FTP_CONNECTION FTP_CONNECTION FTP_CONNECTION FTP_CONNECTION FTP_CONNECTION FTP_CONNECTION FTP_CONNECTION FTP_CONNECTION FTP_CONNECTION FTP_CONNECTION,T1133,External Remote Services,initial-access; persistence,,Window contains 23 FTP connection events. Mapped from Linux semantic token.
1161,1,1,True Positive,AUTH_FAIL_USER AUTH_FAIL_USER AUTH_FAIL_USER AUTH_FAIL_USER AUTH_FAIL_USER AUTH_FAIL_USER,T1110,Brute Force,credential-access,,Window contains 6 authentication failures and 0 unknown-user events. Mapped from Linux semantic token.
1162,1,1,True Positive,AUTH_FAIL_USER AUTH_FAIL_USER AUTH_FAIL_USER AUTH_FAIL_USER AUTH_FAIL_USER AUTH_FAIL_USER,T1110,Brute Force,credential-access,,Window contains 6 authentication failures and 0 unknown-user events. Mapped from Linux semantic token.
1163,1,1,True Positive,UNKNOWN_USER AUTH_FAIL AUTH_FAIL UNKNOWN_USER AUTH_FAIL UNKNOWN_USER AUTH_FAIL UNKNOWN_USER UNKNOWN_USER AUTH_FAIL UNKNOWN_USER AUTH_FAIL UNKNOWN_USER AUTH_FAIL AUTH_FAIL UNKNOWN_USER AUTH_FAIL UNKNOWN_USER UNKNOWN_USER AUTH_FAIL,T1110,Brute Force,credential-access,,Window contains 10 authentication failures and 10 unknown-user events. Mapped from Linux semantic token.
1164,1,1,True Positive,UNKNOWN_USER AUTH_FAIL AUTH_FAIL UNKNOWN_USER AUTH_FAIL UNKNOWN_USER AUTH_FAIL UNKNOWN_USER UNKNOWN_USER AUTH_FAIL UNKNOWN_USER AUTH_FAIL UNKNOWN_USER AUTH_FAIL AUTH_FAIL UNKNOWN_USER AUTH_FAIL UNKNOWN_USER UNKNOWN_USER AUTH_FAIL,T1110,Brute Force,credential-access,,Window contains 10 authentication failures and 10 unknown-user events. Mapped from Linux semantic token.
1165,1,1,True Positive,AUTH_FAIL UNKNOWN_USER AUTH_FAIL UNKNOWN_USER AUTH_FAIL UNKNOWN_USER AUTH_FAIL AUTH_FAIL AUTH_FAIL UNKNOWN_USER AUTH_FAIL UNKNOWN_USER AUTH_FAIL UNKNOWN_USER UNKNOWN_USER AUTH_FAIL UNKNOWN_USER AUTH_FAIL UNKNOWN_USER UNKNOWN_USER,T1110,Brute Force,credential-access,,Window contains 10 authentication failures and 10 unknown-user events. Mapped from Linux semantic token.
1166,1,1,True Positive,AUTH_FAIL UNKNOWN_USER AUTH_FAIL UNKNOWN_USER AUTH_FAIL UNKNOWN_USER AUTH_FAIL AUTH_FAIL AUTH_FAIL UNKNOWN_USER AUTH_FAIL UNKNOWN_USER AUTH_FAIL UNKNOWN_USER UNKNOWN_USER AUTH_FAIL UNKNOWN_USER AUTH_FAIL UNKNOWN_USER UNKNOWN_USER,T1110,Brute Force,credential-access,,Window contains 10 authentication failures and 10 unknown-user events. Mapped from Linux semantic token.
1167,1,1,True Positive,ROOT_AUTH_FAIL ROOT_AUTH_FAIL ROOT_AUTH_FAIL ROOT_AUTH_FAIL ROOT_AUTH_FAIL ROOT_AUTH_FAIL ROOT_AUTH_FAIL ROOT_AUTH_FAIL ROOT_AUTH_FAIL ROOT_AUTH_FAIL,T1110; T1078,Brute Force; Valid Accounts,credential-access; defense-evasion; initial-access; persistence; privilege-escalation,Logon Session; User Account,Window contains 10 authentication failures and 0 unknown-user events. Mapped from Linux semantic token. | Root account authentication activity was observed. Mapped from Linux semantic token.
1168,1,1,True Positive,ROOT_AUTH_FAIL ROOT_AUTH_FAIL ROOT_AUTH_FAIL ROOT_AUTH_FAIL ROOT_AUTH_FAIL ROOT_AUTH_FAIL ROOT_AUTH_FAIL ROOT_AUTH_FAIL ROOT_AUTH_FAIL ROOT_AUTH_FAIL,T1110; T1078,Brute Force; Valid Accounts,credential-access; defense-evasion; initial-access; persistence; privilege-escalation,Logon Session; User Account,Window contains 10 authentication failures and 0 unknown-user events. Mapped from Linux semantic token. | Root account authentication activity was observed. Mapped from Linux semantic token.
1169,1,1,True Positive,ROOT_AUTH_FAIL ROOT_AUTH_FAIL ROOT_AUTH_FAIL ROOT_AUTH_FAIL ROOT_AUTH_FAIL ROOT_AUTH_FAIL ROOT_AUTH_FAIL ROOT_AUTH_FAIL ROOT_AUTH_FAIL ROOT_AUTH_FAIL,T1110; T1078,Brute Force; Valid Accounts,credential-access; defense-evasion; initial-access; persistence; privilege-escalation,Logon Session; User Account,Window contains 10 authentication failures and 0 unknown-user events. Mapped from Linux semantic token. | Root account authentication activity was observed. Mapped from Linux semantic token.
1170,1,1,True Positive,ROOT_AUTH_FAIL ROOT_AUTH_FAIL ROOT_AUTH_FAIL ROOT_AUTH_FAIL ROOT_AUTH_FAIL ROOT_AUTH_FAIL ROOT_AUTH_FAIL ROOT_AUTH_FAIL ROOT_AUTH_FAIL ROOT_AUTH_FAIL,T1110; T1078,Brute Force; Valid Accounts,credential-access; defense-evasion; initial-access; persistence; privilege-escalation,Logon Session; User Account,Window contains 10 authentication failures and 0 unknown-user events. Mapped from Linux semantic token. | Root account authentication activity was observed. Mapped from Linux semantic token.
1171,1,1,True Positive,ROOT_AUTH_FAIL ROOT_AUTH_FAIL ROOT_AUTH_FAIL ROOT_AUTH_FAIL ROOT_AUTH_FAIL ROOT_AUTH_FAIL ROOT_AUTH_FAIL ROOT_AUTH_FAIL ROOT_AUTH_FAIL ROOT_AUTH_FAIL,T1110; T1078,Brute Force; Valid Accounts,credential-access; defense-evasion; initial-access; persistence; privilege-escalation,Logon Session; User Account,Window contains 10 authentication failures and 0 unknown-user events. Mapped from Linux semantic token. | Root account authentication activity was observed. Mapped from Linux semantic token.
1172,1,1,True Positive,ROOT_AUTH_FAIL ROOT_AUTH_FAIL ROOT_AUTH_FAIL ROOT_AUTH_FAIL ROOT_AUTH_FAIL ROOT_AUTH_FAIL ROOT_AUTH_FAIL ROOT_AUTH_FAIL ROOT_AUTH_FAIL ROOT_AUTH_FAIL,T1110; T1078,Brute Force; Valid Accounts,credential-access; defense-evasion; initial-access; persistence; privilege-escalation,Logon Session; User Account,Window contains 10 authentication failures and 0 unknown-user events. Mapped from Linux semantic token. | Root account authentication activity was observed. Mapped from Linux semantic token.
1173,1,1,True Positive,ROOT_AUTH_FAIL ROOT_AUTH_FAIL ROOT_AUTH_FAIL ROOT_AUTH_FAIL ROOT_AUTH_FAIL ROOT_AUTH_FAIL ROOT_AUTH_FAIL ROOT_AUTH_FAIL ROOT_AUTH_FAIL ROOT_AUTH_FAIL,T1110; T1078,Brute Force; Valid Accounts,credential-access; defense-evasion; initial-access; persistence; privilege-escalation,Logon Session; User Account,Window contains 10 authentication failures and 0 unknown-user events. Mapped from Linux semantic token. | Root account authentication activity was observed. Mapped from Linux semantic token.
1174,1,1,True Positive,ROOT_AUTH_FAIL ROOT_AUTH_FAIL ROOT_AUTH_FAIL ROOT_AUTH_FAIL ROOT_AUTH_FAIL ROOT_AUTH_FAIL ROOT_AUTH_FAIL ROOT_AUTH_FAIL ROOT_AUTH_FAIL ROOT_AUTH_FAIL,T1110; T1078,Brute Force; Valid Accounts,credential-access; defense-evasion; initial-access; persistence; privilege-escalation,Logon Session; User Account,Window contains 10 authentication failures and 0 unknown-user events. Mapped from Linux semantic token. | Root account authentication activity was observed. Mapped from Linux semantic token.
1175,1,1,True Positive,AUTH_FAIL AUTH_FAIL UNKNOWN_USER AUTH_FAIL UNKNOWN_USER AUTH_FAIL UNKNOWN_USER AUTH_FAIL UNKNOWN_USER AUTH_FAIL UNKNOWN_USER AUTH_FAIL UNKNOWN_USER AUTH_FAIL UNKNOWN_USER AUTH_FAIL UNKNOWN_USER AUTH_FAIL UNKNOWN_USER UNKNOWN_USER,T1110,Brute Force,credential-access,,Window contains 10 authentication failures and 10 unknown-user events. Mapped from Linux semantic token.
1176,1,1,True Positive,AUTH_FAIL AUTH_FAIL UNKNOWN_USER AUTH_FAIL UNKNOWN_USER AUTH_FAIL UNKNOWN_USER AUTH_FAIL UNKNOWN_USER AUTH_FAIL UNKNOWN_USER AUTH_FAIL UNKNOWN_USER AUTH_FAIL UNKNOWN_USER AUTH_FAIL UNKNOWN_USER AUTH_FAIL UNKNOWN_USER UNKNOWN_USER,T1110,Brute Force,credential-access,,Window contains 10 authentication failures and 10 unknown-user events. Mapped from Linux semantic token.
1177,1,1,True Positive,ROOT_AUTH_FAIL ROOT_AUTH_FAIL ROOT_AUTH_FAIL ROOT_AUTH_FAIL ROOT_AUTH_FAIL ROOT_AUTH_FAIL ROOT_AUTH_FAIL ROOT_AUTH_FAIL ROOT_AUTH_FAIL ROOT_AUTH_FAIL,T1110; T1078,Brute Force; Valid Accounts,credential-access; defense-evasion; initial-access; persistence; privilege-escalation,Logon Session; User Account,Window contains 10 authentication failures and 0 unknown-user events. Mapped from Linux semantic token. | Root account authentication activity was observed. Mapped from Linux semantic token.
1178,1,1,True Positive,ROOT_AUTH_FAIL ROOT_AUTH_FAIL ROOT_AUTH_FAIL ROOT_AUTH_FAIL ROOT_AUTH_FAIL ROOT_AUTH_FAIL ROOT_AUTH_FAIL ROOT_AUTH_FAIL ROOT_AUTH_FAIL ROOT_AUTH_FAIL,T1110; T1078,Brute Force; Valid Accounts,credential-access; defense-evasion; initial-access; persistence; privilege-escalation,Logon Session; User Account,Window contains 10 authentication failures and 0 unknown-user events. Mapped from Linux semantic token. | Root account authentication activity was observed. Mapped from Linux semantic token.
1179,1,1,True Positive,FTP_CONNECTION FTP_CONNECTION FTP_CONNECTION FTP_CONNECTION FTP_CONNECTION FTP_CONNECTION FTP_CONNECTION FTP_CONNECTION FTP_CONNECTION FTP_CONNECTION FTP_CONNECTION FTP_CONNECTION FTP_CONNECTION,T1133,External Remote Services,initial-access; persistence,,Window contains 13 FTP connection events. Mapped from Linux semantic token.
1180,1,1,True Positive,FTP_CONNECTION FTP_CONNECTION FTP_CONNECTION FTP_CONNECTION FTP_CONNECTION FTP_CONNECTION FTP_CONNECTION FTP_CONNECTION FTP_CONNECTION FTP_CONNECTION FTP_CONNECTION FTP_CONNECTION FTP_CONNECTION,T1133,External Remote Services,initial-access; persistence,,Window contains 13 FTP connection events. Mapped from Linux semantic token.
1181,1,1,True Positive,UNKNOWN_USER AUTH_FAIL UNKNOWN_USER AUTH_FAIL UNKNOWN_USER AUTH_FAIL UNKNOWN_USER AUTH_FAIL UNKNOWN_USER AUTH_FAIL,T1110,Brute Force,credential-access,,Window contains 5 authentication failures and 5 unknown-user events. Mapped from Linux semantic token.
1182,1,1,True Positive,UNKNOWN_USER AUTH_FAIL UNKNOWN_USER AUTH_FAIL UNKNOWN_USER AUTH_FAIL UNKNOWN_USER AUTH_FAIL UNKNOWN_USER AUTH_FAIL,T1110,Brute Force,credential-access,,Window contains 5 authentication failures and 5 unknown-user events. Mapped from Linux semantic token.
1183,1,1,True Positive,FTP_CONNECTION FTP_CONNECTION FTP_CONNECTION FTP_CONNECTION FTP_CONNECTION FTP_CONNECTION FTP_CONNECTION FTP_CONNECTION FTP_CONNECTION FTP_CONNECTION FTP_CONNECTION FTP_CONNECTION FTP_CONNECTION FTP_CONNECTION FTP_CONNECTION FTP_CONNECTION FTP_CONNECTION FTP_CONNECTION FTP_CONNECTION FTP_CONNECTION FTP_CONNECTION FTP_CONNECTION FTP_CONNECTION,T1133,External Remote Services,initial-access; persistence,,Window contains 23 FTP connection events. Mapped from Linux semantic token.
1184,1,1,True Positive,FTP_CONNECTION FTP_CONNECTION FTP_CONNECTION FTP_CONNECTION FTP_CONNECTION FTP_CONNECTION FTP_CONNECTION FTP_CONNECTION FTP_CONNECTION FTP_CONNECTION FTP_CONNECTION FTP_CONNECTION FTP_CONNECTION FTP_CONNECTION FTP_CONNECTION FTP_CONNECTION FTP_CONNECTION FTP_CONNECTION FTP_CONNECTION FTP_CONNECTION FTP_CONNECTION FTP_CONNECTION FTP_CONNECTION,T1133,External Remote Services,initial-access; persistence,,Window contains 23 FTP connection events. Mapped from Linux semantic token.
1185,1,1,True Positive,FTP_CONNECTION FTP_CONNECTION FTP_CONNECTION FTP_CONNECTION FTP_CONNECTION FTP_CONNECTION FTP_CONNECTION FTP_CONNECTION FTP_CONNECTION FTP_CONNECTION FTP_CONNECTION FTP_CONNECTION FTP_CONNECTION,T1133,External Remote Services,initial-access; persistence,,Window contains 13 FTP connection events. Mapped from Linux semantic token.
1186,1,1,True Positive,FTP_CONNECTION FTP_CONNECTION FTP_CONNECTION FTP_CONNECTION FTP_CONNECTION FTP_CONNECTION FTP_CONNECTION FTP_CONNECTION FTP_CONNECTION FTP_CONNECTION FTP_CONNECTION FTP_CONNECTION FTP_CONNECTION FTP_CONNECTION FTP_CONNECTION FTP_CONNECTION FTP_CONNECTION FTP_CONNECTION FTP_CONNECTION FTP_CONNECTION FTP_CONNECTION FTP_CONNECTION FTP_CONNECTION,T1133,External Remote Services,initial-access; persistence,,Window contains 23 FTP connection events. Mapped from Linux semantic token.
1187,1,1,True Positive,FTP_CONNECTION FTP_CONNECTION FTP_CONNECTION FTP_CONNECTION FTP_CONNECTION FTP_CONNECTION FTP_CONNECTION FTP_CONNECTION FTP_CONNECTION FTP_CONNECTION FTP_CONNECTION,T1133,External Remote Services,initial-access; persistence,,Window contains 11 FTP connection events. Mapped from Linux semantic token.
1188,1,1,True Positive,ROOT_AUTH_FAIL ROOT_AUTH_FAIL ROOT_AUTH_FAIL ROOT_AUTH_FAIL ROOT_AUTH_FAIL ROOT_AUTH_FAIL ROOT_AUTH_FAIL ROOT_AUTH_FAIL ROOT_AUTH_FAIL ROOT_AUTH_FAIL,T1110; T1078,Brute Force; Valid Accounts,credential-access; defense-evasion; initial-access; persistence; privilege-escalation,Logon Session; User Account,Window contains 10 authentication failures and 0 unknown-user events. Mapped from Linux semantic token. | Root account authentication activity was observed. Mapped from Linux semantic token.
1189,1,1,True Positive,ROOT_AUTH_FAIL ROOT_AUTH_FAIL ROOT_AUTH_FAIL ROOT_AUTH_FAIL ROOT_AUTH_FAIL ROOT_AUTH_FAIL ROOT_AUTH_FAIL ROOT_AUTH_FAIL ROOT_AUTH_FAIL ROOT_AUTH_FAIL,T1110; T1078,Brute Force; Valid Accounts,credential-access; defense-evasion; initial-access; persistence; privilege-escalation,Logon Session; User Account,Window contains 10 authentication failures and 0 unknown-user events. Mapped from Linux semantic token. | Root account authentication activity was observed. Mapped from Linux semantic token.
1190,1,1,True Positive,ROOT_AUTH_FAIL ROOT_AUTH_FAIL ROOT_AUTH_FAIL ROOT_AUTH_FAIL ROOT_AUTH_FAIL ROOT_AUTH_FAIL ROOT_AUTH_FAIL ROOT_AUTH_FAIL ROOT_AUTH_FAIL ROOT_AUTH_FAIL,T1110; T1078,Brute Force; Valid Accounts,credential-access; defense-evasion; initial-access; persistence; privilege-escalation,Logon Session; User Account,Window contains 10 authentication failures and 0 unknown-user events. Mapped from Linux semantic token. | Root account authentication activity was observed. Mapped from Linux semantic token.
1191,1,1,True Positive,ROOT_AUTH_FAIL ROOT_AUTH_FAIL ROOT_AUTH_FAIL ROOT_AUTH_FAIL ROOT_AUTH_FAIL ROOT_AUTH_FAIL ROOT_AUTH_FAIL ROOT_AUTH_FAIL ROOT_AUTH_FAIL ROOT_AUTH_FAIL,T1110; T1078,Brute Force; Valid Accounts,credential-access; defense-evasion; initial-access; persistence; privilege-escalation,Logon Session; User Account,Window contains 10 authentication failures and 0 unknown-user events. Mapped from Linux semantic token. | Root account authentication activity was observed. Mapped from Linux semantic token.
1192,1,1,True Positive,AUTH_FAIL_USER AUTH_FAIL_USER AUTH_FAIL_USER AUTH_FAIL_USER AUTH_FAIL_USER AUTH_FAIL_USER AUTH_FAIL_USER AUTH_FAIL_USER AUTH_FAIL_USER AUTH_FAIL_USER AUTH_FAIL_USER,T1110,Brute Force,credential-access,,Window contains 11 authentication failures and 0 unknown-user events. Mapped from Linux semantic token.
1193,1,1,True Positive,AUTH_FAIL_USER AUTH_FAIL_USER AUTH_FAIL_USER AUTH_FAIL_USER AUTH_FAIL_USER AUTH_FAIL_USER AUTH_FAIL_USER AUTH_FAIL_USER AUTH_FAIL_USER AUTH_FAIL_USER AUTH_FAIL_USER AUTH_FAIL_USER AUTH_FAIL_USER AUTH_FAIL_USER AUTH_FAIL_USER AUTH_FAIL_USER,T1110,Brute Force,credential-access,,Window contains 16 authentication failures and 0 unknown-user events. Mapped from Linux semantic token.
1194,1,1,True Positive,AUTH_FAIL_USER AUTH_FAIL_USER AUTH_FAIL_USER AUTH_FAIL_USER AUTH_FAIL_USER,T1110,Brute Force,credential-access,,Window contains 5 authentication failures and 0 unknown-user events. Mapped from Linux semantic token.
1195,1,1,True Positive,FTP_CONNECTION FTP_CONNECTION FTP_CONNECTION FTP_CONNECTION FTP_CONNECTION FTP_CONNECTION FTP_CONNECTION FTP_CONNECTION FTP_CONNECTION FTP_CONNECTION FTP_CONNECTION FTP_CONNECTION FTP_CONNECTION FTP_CONNECTION FTP_CONNECTION FTP_CONNECTION FTP_CONNECTION FTP_CONNECTION FTP_CONNECTION FTP_CONNECTION FTP_CONNECTION FTP_CONNECTION FTP_CONNECTION,T1133,External Remote Services,initial-access; persistence,,Window contains 23 FTP connection events. Mapped from Linux semantic token.
1196,1,1,True Positive,FTP_CONNECTION FTP_CONNECTION FTP_CONNECTION FTP_CONNECTION FTP_CONNECTION FTP_CONNECTION FTP_CONNECTION FTP_CONNECTION FTP_CONNECTION FTP_CONNECTION FTP_CONNECTION FTP_CONNECTION FTP_CONNECTION FTP_CONNECTION FTP_CONNECTION FTP_CONNECTION FTP_CONNECTION FTP_CONNECTION FTP_CONNECTION FTP_CONNECTION FTP_CONNECTION FTP_CONNECTION FTP_CONNECTION,T1133,External Remote Services,initial-access; persistence,,Window contains 23 FTP connection events. Mapped from Linux semantic token.
1197,1,1,True Positive,AUTH_FAIL AUTH_FAIL UNKNOWN_USER UNKNOWN_USER UNKNOWN_USER AUTH_FAIL AUTH_FAIL UNKNOWN_USER,T1110,Brute Force,credential-access,,Window contains 4 authentication failures and 4 unknown-user events. Mapped from Linux semantic token.
1198,1,1,True Positive,AUTH_FAIL AUTH_FAIL UNKNOWN_USER UNKNOWN_USER UNKNOWN_USER AUTH_FAIL AUTH_FAIL UNKNOWN_USER,T1110,Brute Force,credential-access,,Window contains 4 authentication failures and 4 unknown-user events. Mapped from Linux semantic token.
1199,1,1,True Positive,ROOT_AUTH_FAIL ROOT_AUTH_FAIL ROOT_AUTH_FAIL ROOT_AUTH_FAIL ROOT_AUTH_FAIL ROOT_AUTH_FAIL ROOT_AUTH_FAIL ROOT_AUTH_FAIL ROOT_AUTH_FAIL ROOT_AUTH_FAIL,T1110; T1078,Brute Force; Valid Accounts,credential-access; defense-evasion; initial-access; persistence; privilege-escalation,Logon Session; User Account,Window contains 10 authentication failures and 0 unknown-user events. Mapped from Linux semantic token. | Root account authentication activity was observed. Mapped from Linux semantic token.
1200,1,1,True Positive,ROOT_AUTH_FAIL ROOT_AUTH_FAIL ROOT_AUTH_FAIL ROOT_AUTH_FAIL ROOT_AUTH_FAIL ROOT_AUTH_FAIL ROOT_AUTH_FAIL ROOT_AUTH_FAIL ROOT_AUTH_FAIL ROOT_AUTH_FAIL,T1110; T1078,Brute Force; Valid Accounts,credential-access; defense-evasion; initial-access; persistence; privilege-escalation,Logon Session; User Account,Window contains 10 authentication failures and 0 unknown-user events. Mapped from Linux semantic token. | Root account authentication activity was observed. Mapped from Linux semantic token.
1201,1,1,True Positive,FTP_CONNECTION FTP_CONNECTION FTP_CONNECTION FTP_CONNECTION FTP_CONNECTION FTP_CONNECTION FTP_CONNECTION FTP_CONNECTION FTP_CONNECTION FTP_CONNECTION FTP_CONNECTION FTP_CONNECTION FTP_CONNECTION FTP_CONNECTION FTP_CONNECTION FTP_CONNECTION FTP_CONNECTION FTP_CONNECTION FTP_CONNECTION FTP_CONNECTION FTP_CONNECTION FTP_CONNECTION FTP_CONNECTION,T1133,External Remote Services,initial-access; persistence,,Window contains 23 FTP connection events. Mapped from Linux semantic token.
1202,1,1,True Positive,FTP_CONNECTION FTP_CONNECTION FTP_CONNECTION FTP_CONNECTION FTP_CONNECTION FTP_CONNECTION FTP_CONNECTION FTP_CONNECTION FTP_CONNECTION FTP_CONNECTION FTP_CONNECTION FTP_CONNECTION FTP_CONNECTION FTP_CONNECTION FTP_CONNECTION FTP_CONNECTION FTP_CONNECTION FTP_CONNECTION FTP_CONNECTION FTP_CONNECTION FTP_CONNECTION FTP_CONNECTION FTP_CONNECTION,T1133,External Remote Services,initial-access; persistence,,Window contains 23 FTP connection events. Mapped from Linux semantic token.
1203,1,1,True Positive,ROOT_AUTH_FAIL ROOT_AUTH_FAIL ROOT_AUTH_FAIL ROOT_AUTH_FAIL ROOT_AUTH_FAIL,T1110; T1078,Brute Force; Valid Accounts,credential-access; defense-evasion; initial-access; persistence; privilege-escalation,Logon Session; User Account,Window contains 5 authentication failures and 0 unknown-user events. Mapped from Linux semantic token. | Root account authentication activity was observed. Mapped from Linux semantic token.
1204,1,1,True Positive,ROOT_AUTH_FAIL ROOT_AUTH_FAIL ROOT_AUTH_FAIL ROOT_AUTH_FAIL ROOT_AUTH_FAIL ROOT_AUTH_FAIL ROOT_AUTH_FAIL ROOT_AUTH_FAIL ROOT_AUTH_FAIL ROOT_AUTH_FAIL ROOT_AUTH_FAIL ROOT_AUTH_FAIL ROOT_AUTH_FAIL ROOT_AUTH_FAIL ROOT_AUTH_FAIL,T1110; T1078,Brute Force; Valid Accounts,credential-access; defense-evasion; initial-access; persistence; privilege-escalation,Logon Session; User Account,Window contains 15 authentication failures and 0 unknown-user events. Mapped from Linux semantic token. | Root account authentication activity was observed. Mapped from Linux semantic token.
1205,1,1,True Positive,ROOT_AUTH_FAIL ROOT_AUTH_FAIL ROOT_AUTH_FAIL ROOT_AUTH_FAIL ROOT_AUTH_FAIL ROOT_AUTH_FAIL ROOT_AUTH_FAIL ROOT_AUTH_FAIL ROOT_AUTH_FAIL ROOT_AUTH_FAIL ROOT_AUTH_FAIL ROOT_AUTH_FAIL ROOT_AUTH_FAIL ROOT_AUTH_FAIL ROOT_AUTH_FAIL ROOT_AUTH_FAIL ROOT_AUTH_FAIL ROOT_AUTH_FAIL ROOT_AUTH_FAIL,T1110; T1078,Brute Force; Valid Accounts,credential-access; defense-evasion; initial-access; persistence; privilege-escalation,Logon Session; User Account,Window contains 19 authentication failures and 0 unknown-user events. Mapped from Linux semantic token. | Root account authentication activity was observed. Mapped from Linux semantic token.
1206,1,1,True Positive,ROOT_AUTH_FAIL ROOT_AUTH_FAIL ROOT_AUTH_FAIL ROOT_AUTH_FAIL ROOT_AUTH_FAIL ROOT_AUTH_FAIL ROOT_AUTH_FAIL ROOT_AUTH_FAIL ROOT_AUTH_FAIL,T1110; T1078,Brute Force; Valid Accounts,credential-access; defense-evasion; initial-access; persistence; privilege-escalation,Logon Session; User Account,Window contains 9 authentication failures and 0 unknown-user events. Mapped from Linux semantic token. | Root account authentication activity was observed. Mapped from Linux semantic token.
1207,1,1,True Positive,FTP_CONNECTION FTP_CONNECTION FTP_CONNECTION FTP_CONNECTION FTP_CONNECTION FTP_CONNECTION FTP_CONNECTION FTP_CONNECTION FTP_CONNECTION FTP_CONNECTION FTP_CONNECTION FTP_CONNECTION FTP_CONNECTION FTP_CONNECTION FTP_CONNECTION FTP_CONNECTION FTP_CONNECTION FTP_CONNECTION FTP_CONNECTION FTP_CONNECTION FTP_CONNECTION FTP_CONNECTION FTP_CONNECTION,T1133,External Remote Services,initial-access; persistence,,Window contains 23 FTP connection events. Mapped from Linux semantic token.
1208,1,1,True Positive,FTP_CONNECTION FTP_CONNECTION FTP_CONNECTION FTP_CONNECTION FTP_CONNECTION FTP_CONNECTION FTP_CONNECTION FTP_CONNECTION FTP_CONNECTION FTP_CONNECTION FTP_CONNECTION FTP_CONNECTION FTP_CONNECTION FTP_CONNECTION FTP_CONNECTION FTP_CONNECTION FTP_CONNECTION FTP_CONNECTION FTP_CONNECTION FTP_CONNECTION FTP_CONNECTION FTP_CONNECTION FTP_CONNECTION,T1133,External Remote Services,initial-access; persistence,,Window contains 23 FTP connection events. Mapped from Linux semantic token.
1209,1,1,True Positive,AUTH_FAIL_USER AUTH_FAIL_USER AUTH_FAIL_USER AUTH_FAIL_USER AUTH_FAIL_USER AUTH_FAIL_USER AUTH_FAIL_USER AUTH_FAIL_USER AUTH_FAIL_USER AUTH_FAIL_USER AUTH_FAIL_USER,T1110,Brute Force,credential-access,,Window contains 11 authentication failures and 0 unknown-user events. Mapped from Linux semantic token.
1210,1,1,True Positive,AUTH_FAIL_USER AUTH_FAIL_USER AUTH_FAIL_USER AUTH_FAIL_USER AUTH_FAIL_USER AUTH_FAIL_USER AUTH_FAIL_USER AUTH_FAIL_USER AUTH_FAIL_USER AUTH_FAIL_USER AUTH_FAIL_USER,T1110,Brute Force,credential-access,,Window contains 11 authentication failures and 0 unknown-user events. Mapped from Linux semantic token.
1211,1,1,True Positive,UNKNOWN_USER AUTH_FAIL UNKNOWN_USER AUTH_FAIL UNKNOWN_USER AUTH_FAIL AUTH_FAIL UNKNOWN_USER UNKNOWN_USER AUTH_FAIL UNKNOWN_USER AUTH_FAIL UNKNOWN_USER AUTH_FAIL UNKNOWN_USER AUTH_FAIL AUTH_FAIL UNKNOWN_USER UNKNOWN_USER AUTH_FAIL AUTH_FAIL UNKNOWN_USER UNKNOWN_USER AUTH_FAIL UNKNOWN_USER AUTH_FAIL,T1110,Brute Force,credential-access,,Window contains 13 authentication failures and 13 unknown-user events. Mapped from Linux semantic token.
1212,1,1,True Positive,UNKNOWN_USER AUTH_FAIL UNKNOWN_USER AUTH_FAIL UNKNOWN_USER AUTH_FAIL AUTH_FAIL UNKNOWN_USER UNKNOWN_USER AUTH_FAIL UNKNOWN_USER AUTH_FAIL UNKNOWN_USER AUTH_FAIL UNKNOWN_USER AUTH_FAIL AUTH_FAIL UNKNOWN_USER UNKNOWN_USER AUTH_FAIL AUTH_FAIL UNKNOWN_USER UNKNOWN_USER AUTH_FAIL UNKNOWN_USER AUTH_FAIL,T1110,Brute Force,credential-access,,Window contains 13 authentication failures and 13 unknown-user events. Mapped from Linux semantic token.
1213,1,1,True Positive,FTP_CONNECTION FTP_CONNECTION FTP_CONNECTION FTP_CONNECTION FTP_CONNECTION FTP_CONNECTION FTP_CONNECTION FTP_CONNECTION FTP_CONNECTION FTP_CONNECTION FTP_CONNECTION FTP_CONNECTION FTP_CONNECTION FTP_CONNECTION FTP_CONNECTION FTP_CONNECTION FTP_CONNECTION FTP_CONNECTION FTP_CONNECTION FTP_CONNECTION FTP_CONNECTION FTP_CONNECTION FTP_CONNECTION,T1133,External Remote Services,initial-access; persistence,,Window contains 23 FTP connection events. Mapped from Linux semantic token.
1214,1,1,True Positive,FTP_CONNECTION FTP_CONNECTION FTP_CONNECTION FTP_CONNECTION FTP_CONNECTION FTP_CONNECTION FTP_CONNECTION FTP_CONNECTION FTP_CONNECTION FTP_CONNECTION FTP_CONNECTION FTP_CONNECTION FTP_CONNECTION FTP_CONNECTION FTP_CONNECTION FTP_CONNECTION FTP_CONNECTION FTP_CONNECTION FTP_CONNECTION FTP_CONNECTION FTP_CONNECTION FTP_CONNECTION FTP_CONNECTION,T1133,External Remote Services,initial-access; persistence,,Window contains 23 FTP connection events. Mapped from Linux semantic token.
1215,1,1,True Positive,FTP_CONNECTION FTP_CONNECTION FTP_CONNECTION FTP_CONNECTION FTP_CONNECTION FTP_CONNECTION FTP_CONNECTION FTP_CONNECTION FTP_CONNECTION FTP_CONNECTION FTP_CONNECTION FTP_CONNECTION FTP_CONNECTION FTP_CONNECTION FTP_CONNECTION FTP_CONNECTION FTP_CONNECTION FTP_CONNECTION FTP_CONNECTION FTP_CONNECTION FTP_CONNECTION FTP_CONNECTION FTP_CONNECTION,T1133,External Remote Services,initial-access; persistence,,Window contains 23 FTP connection events. Mapped from Linux semantic token.
1216,1,1,True Positive,FTP_CONNECTION FTP_CONNECTION FTP_CONNECTION FTP_CONNECTION FTP_CONNECTION FTP_CONNECTION FTP_CONNECTION FTP_CONNECTION FTP_CONNECTION FTP_CONNECTION FTP_CONNECTION FTP_CONNECTION FTP_CONNECTION FTP_CONNECTION FTP_CONNECTION FTP_CONNECTION FTP_CONNECTION FTP_CONNECTION FTP_CONNECTION FTP_CONNECTION FTP_CONNECTION FTP_CONNECTION FTP_CONNECTION,T1133,External Remote Services,initial-access; persistence,,Window contains 23 FTP connection events. Mapped from Linux semantic token.
1217,1,1,True Positive,ROOT_AUTH_FAIL ROOT_AUTH_FAIL ROOT_AUTH_FAIL ROOT_AUTH_FAIL ROOT_AUTH_FAIL ROOT_AUTH_FAIL ROOT_AUTH_FAIL ROOT_AUTH_FAIL ROOT_AUTH_FAIL ROOT_AUTH_FAIL,T1110; T1078,Brute Force; Valid Accounts,credential-access; defense-evasion; initial-access; persistence; privilege-escalation,Logon Session; User Account,Window contains 10 authentication failures and 0 unknown-user events. Mapped from Linux semantic token. | Root account authentication activity was observed. Mapped from Linux semantic token.
1218,1,1,True Positive,ROOT_AUTH_FAIL ROOT_AUTH_FAIL ROOT_AUTH_FAIL ROOT_AUTH_FAIL ROOT_AUTH_FAIL ROOT_AUTH_FAIL ROOT_AUTH_FAIL ROOT_AUTH_FAIL ROOT_AUTH_FAIL ROOT_AUTH_FAIL,T1110; T1078,Brute Force; Valid Accounts,credential-access; defense-evasion; initial-access; persistence; privilege-escalation,Logon Session; User Account,Window contains 10 authentication failures and 0 unknown-user events. Mapped from Linux semantic token. | Root account authentication activity was observed. Mapped from Linux semantic token.
1219,1,1,True Positive,EXPLOIT_PAYLOAD_ATTEMPT EXPLOIT_PAYLOAD_ATTEMPT,T1190,Exploit Public-Facing Application,initial-access,,Exploit-like payload was observed in the log sequence. Mapped from Linux semantic token.
1220,1,1,True Positive,EXPLOIT_PAYLOAD_ATTEMPT EXPLOIT_PAYLOAD_ATTEMPT EXPLOIT_PAYLOAD_ATTEMPT EXPLOIT_PAYLOAD_ATTEMPT EXPLOIT_PAYLOAD_ATTEMPT EXPLOIT_PAYLOAD_ATTEMPT,T1190,Exploit Public-Facing Application,initial-access,,Exploit-like payload was observed in the log sequence. Mapped from Linux semantic token.
1221,1,1,True Positive,EXPLOIT_PAYLOAD_ATTEMPT EXPLOIT_PAYLOAD_ATTEMPT EXPLOIT_PAYLOAD_ATTEMPT EXPLOIT_PAYLOAD_ATTEMPT EXPLOIT_PAYLOAD_ATTEMPT,T1190,Exploit Public-Facing Application,initial-access,,Exploit-like payload was observed in the log sequence. Mapped from Linux semantic token.
1222,1,1,True Positive,FTP_CONNECTION FTP_CONNECTION FTP_CONNECTION FTP_CONNECTION FTP_CONNECTION FTP_CONNECTION FTP_CONNECTION FTP_CONNECTION FTP_CONNECTION FTP_CONNECTION FTP_CONNECTION FTP_CONNECTION FTP_CONNECTION FTP_CONNECTION FTP_CONNECTION FTP_CONNECTION FTP_CONNECTION FTP_CONNECTION FTP_CONNECTION FTP_CONNECTION FTP_CONNECTION FTP_CONNECTION FTP_CONNECTION,T1133,External Remote Services,initial-access; persistence,,Window contains 23 FTP connection events. Mapped from Linux semantic token.
1223,1,1,True Positive,FTP_CONNECTION FTP_CONNECTION FTP_CONNECTION FTP_CONNECTION FTP_CONNECTION FTP_CONNECTION FTP_CONNECTION FTP_CONNECTION FTP_CONNECTION FTP_CONNECTION FTP_CONNECTION FTP_CONNECTION FTP_CONNECTION FTP_CONNECTION FTP_CONNECTION FTP_CONNECTION FTP_CONNECTION FTP_CONNECTION FTP_CONNECTION FTP_CONNECTION FTP_CONNECTION FTP_CONNECTION FTP_CONNECTION,T1133,External Remote Services,initial-access; persistence,,Window contains 23 FTP connection events. Mapped from Linux semantic token.
1224,1,1,True Positive,AUTH_FAIL UNKNOWN_USER UNKNOWN_USER AUTH_FAIL UNKNOWN_USER AUTH_FAIL UNKNOWN_USER AUTH_FAIL UNKNOWN_USER AUTH_FAIL UNKNOWN_USER UNKNOWN_USER AUTH_FAIL AUTH_FAIL UNKNOWN_USER AUTH_FAIL UNKNOWN_USER AUTH_FAIL UNKNOWN_USER AUTH_FAIL,T1110,Brute Force,credential-access,,Window contains 10 authentication failures and 10 unknown-user events. Mapped from Linux semantic token.
1225,1,1,True Positive,AUTH_FAIL UNKNOWN_USER UNKNOWN_USER AUTH_FAIL UNKNOWN_USER AUTH_FAIL UNKNOWN_USER AUTH_FAIL UNKNOWN_USER AUTH_FAIL UNKNOWN_USER UNKNOWN_USER AUTH_FAIL AUTH_FAIL UNKNOWN_USER AUTH_FAIL UNKNOWN_USER AUTH_FAIL UNKNOWN_USER AUTH_FAIL,T1110,Brute Force,credential-access,,Window contains 10 authentication failures and 10 unknown-user events. Mapped from Linux semantic token.
1226,1,1,True Positive,ROOT_AUTH_FAIL ROOT_AUTH_FAIL ROOT_AUTH_FAIL ROOT_AUTH_FAIL ROOT_AUTH_FAIL ROOT_AUTH_FAIL ROOT_AUTH_FAIL ROOT_AUTH_FAIL ROOT_AUTH_FAIL ROOT_AUTH_FAIL,T1110; T1078,Brute Force; Valid Accounts,credential-access; defense-evasion; initial-access; persistence; privilege-escalation,Logon Session; User Account,Window contains 10 authentication failures and 0 unknown-user events. Mapped from Linux semantic token. | Root account authentication activity was observed. Mapped from Linux semantic token.
1227,1,1,True Positive,ROOT_AUTH_FAIL ROOT_AUTH_FAIL ROOT_AUTH_FAIL ROOT_AUTH_FAIL ROOT_AUTH_FAIL ROOT_AUTH_FAIL ROOT_AUTH_FAIL ROOT_AUTH_FAIL ROOT_AUTH_FAIL ROOT_AUTH_FAIL,T1110; T1078,Brute Force; Valid Accounts,credential-access; defense-evasion; initial-access; persistence; privilege-escalation,Logon Session; User Account,Window contains 10 authentication failures and 0 unknown-user events. Mapped from Linux semantic token. | Root account authentication activity was observed. Mapped from Linux semantic token.
1228,1,1,True Positive,UNKNOWN_USER AUTH_FAIL UNKNOWN_USER AUTH_FAIL AUTH_FAIL AUTH_FAIL UNKNOWN_USER AUTH_FAIL UNKNOWN_USER UNKNOWN_USER UNKNOWN_USER UNKNOWN_USER AUTH_FAIL UNKNOWN_USER AUTH_FAIL AUTH_FAIL AUTH_FAIL UNKNOWN_USER AUTH_FAIL UNKNOWN_USER,T1110,Brute Force,credential-access,,Window contains 10 authentication failures and 10 unknown-user events. Mapped from Linux semantic token.
1229,1,1,True Positive,UNKNOWN_USER AUTH_FAIL UNKNOWN_USER AUTH_FAIL AUTH_FAIL AUTH_FAIL UNKNOWN_USER AUTH_FAIL UNKNOWN_USER UNKNOWN_USER UNKNOWN_USER UNKNOWN_USER AUTH_FAIL UNKNOWN_USER AUTH_FAIL AUTH_FAIL AUTH_FAIL UNKNOWN_USER AUTH_FAIL UNKNOWN_USER,T1110,Brute Force,credential-access,,Window contains 10 authentication failures and 10 unknown-user events. Mapped from Linux semantic token.
1230,1,1,True Positive,ROOT_AUTH_FAIL ROOT_AUTH_FAIL ROOT_AUTH_FAIL ROOT_AUTH_FAIL ROOT_AUTH_FAIL ROOT_AUTH_FAIL ROOT_AUTH_FAIL ROOT_AUTH_FAIL,T1110; T1078,Brute Force; Valid Accounts,credential-access; defense-evasion; initial-access; persistence; privilege-escalation,Logon Session; User Account,Window contains 8 authentication failures and 0 unknown-user events. Mapped from Linux semantic token. | Root account authentication activity was observed. Mapped from Linux semantic token.
1231,1,1,True Positive,ROOT_AUTH_FAIL ROOT_AUTH_FAIL ROOT_AUTH_FAIL ROOT_AUTH_FAIL ROOT_AUTH_FAIL ROOT_AUTH_FAIL ROOT_AUTH_FAIL ROOT_AUTH_FAIL ROOT_AUTH_FAIL ROOT_AUTH_FAIL ROOT_AUTH_FAIL ROOT_AUTH_FAIL ROOT_AUTH_FAIL ROOT_AUTH_FAIL,T1110; T1078,Brute Force; Valid Accounts,credential-access; defense-evasion; initial-access; persistence; privilege-escalation,Logon Session; User Account,Window contains 14 authentication failures and 0 unknown-user events. Mapped from Linux semantic token. | Root account authentication activity was observed. Mapped from Linux semantic token.
1232,1,1,True Positive,ROOT_AUTH_FAIL ROOT_AUTH_FAIL ROOT_AUTH_FAIL ROOT_AUTH_FAIL ROOT_AUTH_FAIL ROOT_AUTH_FAIL ROOT_AUTH_FAIL,T1110; T1078,Brute Force; Valid Accounts,credential-access; defense-evasion; initial-access; persistence; privilege-escalation,Logon Session; User Account,Window contains 7 authentication failures and 0 unknown-user events. Mapped from Linux semantic token. | Root account authentication activity was observed. Mapped from Linux semantic token.
1233,1,1,True Positive,ROOT_AUTH_FAIL ROOT_AUTH_FAIL ROOT_AUTH_FAIL ROOT_AUTH_FAIL ROOT_AUTH_FAIL ROOT_AUTH_FAIL ROOT_AUTH_FAIL ROOT_AUTH_FAIL ROOT_AUTH_FAIL ROOT_AUTH_FAIL,T1110; T1078,Brute Force; Valid Accounts,credential-access; defense-evasion; initial-access; persistence; privilege-escalation,Logon Session; User Account,Window contains 10 authentication failures and 0 unknown-user events. Mapped from Linux semantic token. | Root account authentication activity was observed. Mapped from Linux semantic token.
1234,1,1,True Positive,ROOT_AUTH_FAIL ROOT_AUTH_FAIL ROOT_AUTH_FAIL ROOT_AUTH_FAIL ROOT_AUTH_FAIL ROOT_AUTH_FAIL ROOT_AUTH_FAIL ROOT_AUTH_FAIL ROOT_AUTH_FAIL ROOT_AUTH_FAIL,T1110; T1078,Brute Force; Valid Accounts,credential-access; defense-evasion; initial-access; persistence; privilege-escalation,Logon Session; User Account,Window contains 10 authentication failures and 0 unknown-user events. Mapped from Linux semantic token. | Root account authentication activity was observed. Mapped from Linux semantic token.
1235,1,1,True Positive,UNKNOWN_USER AUTH_FAIL UNKNOWN_USER UNKNOWN_USER AUTH_FAIL AUTH_FAIL UNKNOWN_USER AUTH_FAIL UNKNOWN_USER AUTH_FAIL UNKNOWN_USER AUTH_FAIL AUTH_FAIL UNKNOWN_USER AUTH_FAIL UNKNOWN_USER UNKNOWN_USER AUTH_FAIL UNKNOWN_USER AUTH_FAIL,T1110,Brute Force,credential-access,,Window contains 10 authentication failures and 10 unknown-user events. Mapped from Linux semantic token.
1236,1,1,True Positive,UNKNOWN_USER AUTH_FAIL UNKNOWN_USER UNKNOWN_USER AUTH_FAIL AUTH_FAIL UNKNOWN_USER AUTH_FAIL UNKNOWN_USER AUTH_FAIL UNKNOWN_USER AUTH_FAIL AUTH_FAIL UNKNOWN_USER AUTH_FAIL UNKNOWN_USER UNKNOWN_USER AUTH_FAIL UNKNOWN_USER AUTH_FAIL,T1110,Brute Force,credential-access,,Window contains 10 authentication failures and 10 unknown-user events. Mapped from Linux semantic token.
1237,1,1,True Positive,ROOT_AUTH_FAIL ROOT_AUTH_FAIL ROOT_AUTH_FAIL ROOT_AUTH_FAIL ROOT_AUTH_FAIL ROOT_AUTH_FAIL ROOT_AUTH_FAIL ROOT_AUTH_FAIL ROOT_AUTH_FAIL ROOT_AUTH_FAIL,T1110; T1078,Brute Force; Valid Accounts,credential-access; defense-evasion; initial-access; persistence; privilege-escalation,Logon Session; User Account,Window contains 10 authentication failures and 0 unknown-user events. Mapped from Linux semantic token. | Root account authentication activity was observed. Mapped from Linux semantic token.
1238,1,1,True Positive,ROOT_AUTH_FAIL ROOT_AUTH_FAIL ROOT_AUTH_FAIL ROOT_AUTH_FAIL ROOT_AUTH_FAIL ROOT_AUTH_FAIL ROOT_AUTH_FAIL ROOT_AUTH_FAIL ROOT_AUTH_FAIL ROOT_AUTH_FAIL,T1110; T1078,Brute Force; Valid Accounts,credential-access; defense-evasion; initial-access; persistence; privilege-escalation,Logon Session; User Account,Window contains 10 authentication failures and 0 unknown-user events. Mapped from Linux semantic token. | Root account authentication activity was observed. Mapped from Linux semantic token.
1239,1,1,True Positive,AUTH_FAIL AUTH_FAIL AUTH_FAIL AUTH_FAIL UNKNOWN_USER AUTH_FAIL UNKNOWN_USER UNKNOWN_USER UNKNOWN_USER AUTH_FAIL UNKNOWN_USER AUTH_FAIL UNKNOWN_USER AUTH_FAIL UNKNOWN_USER AUTH_FAIL UNKNOWN_USER AUTH_FAIL UNKNOWN_USER UNKNOWN_USER,T1110,Brute Force,credential-access,,Window contains 10 authentication failures and 10 unknown-user events. Mapped from Linux semantic token.
1240,1,1,True Positive,AUTH_FAIL AUTH_FAIL AUTH_FAIL AUTH_FAIL UNKNOWN_USER AUTH_FAIL UNKNOWN_USER UNKNOWN_USER UNKNOWN_USER AUTH_FAIL UNKNOWN_USER AUTH_FAIL UNKNOWN_USER AUTH_FAIL UNKNOWN_USER AUTH_FAIL UNKNOWN_USER AUTH_FAIL UNKNOWN_USER UNKNOWN_USER,T1110,Brute Force,credential-access,,Window contains 10 authentication failures and 10 unknown-user events. Mapped from Linux semantic token.
1241,1,1,True Positive,AUTH_FAIL UNKNOWN_USER AUTH_FAIL UNKNOWN_USER AUTH_FAIL UNKNOWN_USER UNKNOWN_USER AUTH_FAIL UNKNOWN_USER AUTH_FAIL AUTH_FAIL AUTH_FAIL UNKNOWN_USER AUTH_FAIL UNKNOWN_USER UNKNOWN_USER,T1110,Brute Force,credential-access,,Window contains 8 authentication failures and 8 unknown-user events. Mapped from Linux semantic token.
1242,1,1,True Positive,AUTH_FAIL UNKNOWN_USER AUTH_FAIL UNKNOWN_USER AUTH_FAIL UNKNOWN_USER UNKNOWN_USER AUTH_FAIL UNKNOWN_USER AUTH_FAIL AUTH_FAIL AUTH_FAIL UNKNOWN_USER AUTH_FAIL UNKNOWN_USER UNKNOWN_USER AUTH_FAIL UNKNOWN_USER AUTH_FAIL UNKNOWN_USER,T1110,Brute Force,credential-access,,Window contains 10 authentication failures and 10 unknown-user events. Mapped from Linux semantic token.
1243,1,1,True Positive,AUTH_FAIL AUTH_FAIL UNKNOWN_USER AUTH_FAIL UNKNOWN_USER UNKNOWN_USER AUTH_FAIL UNKNOWN_USER AUTH_FAIL UNKNOWN_USER,T1110,Brute Force,credential-access,,Window contains 5 authentication failures and 5 unknown-user events. Mapped from Linux semantic token.
1244,1,1,True Positive,UNKNOWN_USER AUTH_FAIL UNKNOWN_USER AUTH_FAIL UNKNOWN_USER AUTH_FAIL UNKNOWN_USER AUTH_FAIL UNKNOWN_USER AUTH_FAIL,T1110,Brute Force,credential-access,,Window contains 5 authentication failures and 5 unknown-user events. Mapped from Linux semantic token.
1245,1,1,True Positive,UNKNOWN_USER AUTH_FAIL UNKNOWN_USER AUTH_FAIL UNKNOWN_USER AUTH_FAIL UNKNOWN_USER AUTH_FAIL UNKNOWN_USER AUTH_FAIL,T1110,Brute Force,credential-access,,Window contains 5 authentication failures and 5 unknown-user events. Mapped from Linux semantic token.
1246,1,1,True Positive,UNKNOWN_USER AUTH_FAIL UNKNOWN_USER AUTH_FAIL AUTH_FAIL AUTH_FAIL UNKNOWN_USER AUTH_FAIL AUTH_FAIL UNKNOWN_USER UNKNOWN_USER AUTH_FAIL UNKNOWN_USER AUTH_FAIL UNKNOWN_USER UNKNOWN_USER UNKNOWN_USER AUTH_FAIL UNKNOWN_USER AUTH_FAIL,T1110,Brute Force,credential-access,,Window contains 10 authentication failures and 10 unknown-user events. Mapped from Linux semantic token.
1247,1,1,True Positive,UNKNOWN_USER AUTH_FAIL UNKNOWN_USER AUTH_FAIL AUTH_FAIL AUTH_FAIL UNKNOWN_USER AUTH_FAIL AUTH_FAIL UNKNOWN_USER UNKNOWN_USER AUTH_FAIL UNKNOWN_USER AUTH_FAIL UNKNOWN_USER UNKNOWN_USER UNKNOWN_USER AUTH_FAIL UNKNOWN_USER AUTH_FAIL,T1110,Brute Force,credential-access,,Window contains 10 authentication failures and 10 unknown-user events. Mapped from Linux semantic token.
1248,1,1,True Positive,FTP_CONNECTION FTP_CONNECTION FTP_CONNECTION FTP_CONNECTION FTP_CONNECTION FTP_CONNECTION FTP_CONNECTION FTP_CONNECTION FTP_CONNECTION FTP_CONNECTION FTP_CONNECTION FTP_CONNECTION FTP_CONNECTION FTP_CONNECTION FTP_CONNECTION,T1133,External Remote Services,initial-access; persistence,,Window contains 15 FTP connection events. Mapped from Linux semantic token.
1249,1,1,True Positive,FTP_CONNECTION FTP_CONNECTION FTP_CONNECTION FTP_CONNECTION FTP_CONNECTION FTP_CONNECTION FTP_CONNECTION FTP_CONNECTION FTP_CONNECTION FTP_CONNECTION FTP_CONNECTION FTP_CONNECTION FTP_CONNECTION FTP_CONNECTION FTP_CONNECTION,T1133,External Remote Services,initial-access; persistence,,Window contains 15 FTP connection events. Mapped from Linux semantic token.
1250,1,1,True Positive,FTP_CONNECTION FTP_CONNECTION FTP_CONNECTION FTP_CONNECTION FTP_CONNECTION FTP_CONNECTION FTP_CONNECTION FTP_CONNECTION FTP_CONNECTION FTP_CONNECTION FTP_CONNECTION FTP_CONNECTION,T1133,External Remote Services,initial-access; persistence,,Window contains 12 FTP connection events. Mapped from Linux semantic token.
1251,1,1,True Positive,FTP_CONNECTION FTP_CONNECTION FTP_CONNECTION FTP_CONNECTION FTP_CONNECTION FTP_CONNECTION FTP_CONNECTION FTP_CONNECTION FTP_CONNECTION FTP_CONNECTION FTP_CONNECTION FTP_CONNECTION,T1133,External Remote Services,initial-access; persistence,,Window contains 12 FTP connection events. Mapped from Linux semantic token.
1252,1,1,True Positive,UNKNOWN_USER UNKNOWN_USER AUTH_FAIL UNKNOWN_USER AUTH_FAIL AUTH_FAIL,T1110,Brute Force,credential-access,,Window contains 3 authentication failures and 3 unknown-user events. Mapped from Linux semantic token.
1253,1,1,True Positive,UNKNOWN_USER UNKNOWN_USER AUTH_FAIL UNKNOWN_USER AUTH_FAIL AUTH_FAIL UNKNOWN_USER AUTH_FAIL UNKNOWN_USER AUTH_FAIL UNKNOWN_USER AUTH_FAIL UNKNOWN_USER AUTH_FAIL UNKNOWN_USER AUTH_FAIL UNKNOWN_USER AUTH_FAIL UNKNOWN_USER AUTH_FAIL,T1110,Brute Force,credential-access,,Window contains 10 authentication failures and 10 unknown-user events. Mapped from Linux semantic token.
1254,1,1,True Positive,UNKNOWN_USER UNKNOWN_USER AUTH_FAIL UNKNOWN_USER AUTH_FAIL AUTH_FAIL UNKNOWN_USER AUTH_FAIL UNKNOWN_USER AUTH_FAIL UNKNOWN_USER AUTH_FAIL UNKNOWN_USER AUTH_FAIL UNKNOWN_USER AUTH_FAIL UNKNOWN_USER AUTH_FAIL UNKNOWN_USER AUTH_FAIL,T1110,Brute Force,credential-access,,Window contains 10 authentication failures and 10 unknown-user events. Mapped from Linux semantic token.
1255,1,1,True Positive,AUTH_FAIL_USER AUTH_FAIL_USER AUTH_FAIL_USER AUTH_FAIL_USER AUTH_FAIL_USER AUTH_FAIL_USER,T1110,Brute Force,credential-access,,Window contains 6 authentication failures and 0 unknown-user events. Mapped from Linux semantic token.
1256,1,1,True Positive,AUTH_FAIL_USER AUTH_FAIL_USER AUTH_FAIL_USER AUTH_FAIL_USER AUTH_FAIL_USER AUTH_FAIL_USER,T1110,Brute Force,credential-access,,Window contains 6 authentication failures and 0 unknown-user events. Mapped from Linux semantic token.
1257,1,1,True Positive,ROOT_AUTH_FAIL ROOT_AUTH_FAIL ROOT_AUTH_FAIL,T1078; T1110,Valid Accounts; Brute Force,credential-access; defense-evasion; initial-access; persistence; privilege-escalation,Logon Session; User Account,Root account authentication activity was observed. Mapped from Linux semantic token. | Mapped from Linux semantic token.
1258,1,1,True Positive,ROOT_AUTH_FAIL ROOT_AUTH_FAIL ROOT_AUTH_FAIL ROOT_AUTH_FAIL ROOT_AUTH_FAIL ROOT_AUTH_FAIL ROOT_AUTH_FAIL ROOT_AUTH_FAIL ROOT_AUTH_FAIL ROOT_AUTH_FAIL ROOT_AUTH_FAIL ROOT_AUTH_FAIL ROOT_AUTH_FAIL ROOT_AUTH_FAIL,T1110; T1078,Brute Force; Valid Accounts,credential-access; defense-evasion; initial-access; persistence; privilege-escalation,Logon Session; User Account,Window contains 14 authentication failures and 0 unknown-user events. Mapped from Linux semantic token. | Root account authentication activity was observed. Mapped from Linux semantic token.
1259,1,1,True Positive,ROOT_AUTH_FAIL ROOT_AUTH_FAIL ROOT_AUTH_FAIL ROOT_AUTH_FAIL ROOT_AUTH_FAIL ROOT_AUTH_FAIL ROOT_AUTH_FAIL ROOT_AUTH_FAIL ROOT_AUTH_FAIL ROOT_AUTH_FAIL ROOT_AUTH_FAIL ROOT_AUTH_FAIL ROOT_AUTH_FAIL ROOT_AUTH_FAIL ROOT_AUTH_FAIL ROOT_AUTH_FAIL ROOT_AUTH_FAIL ROOT_AUTH_FAIL ROOT_AUTH_FAIL ROOT_AUTH_FAIL ROOT_AUTH_FAIL,T1110; T1078,Brute Force; Valid Accounts,credential-access; defense-evasion; initial-access; persistence; privilege-escalation,Logon Session; User Account,Window contains 21 authentication failures and 0 unknown-user events. Mapped from Linux semantic token. | Root account authentication activity was observed. Mapped from Linux semantic token.
1260,1,1,True Positive,ROOT_AUTH_FAIL ROOT_AUTH_FAIL ROOT_AUTH_FAIL ROOT_AUTH_FAIL ROOT_AUTH_FAIL ROOT_AUTH_FAIL ROOT_AUTH_FAIL ROOT_AUTH_FAIL ROOT_AUTH_FAIL ROOT_AUTH_FAIL,T1110; T1078,Brute Force; Valid Accounts,credential-access; defense-evasion; initial-access; persistence; privilege-escalation,Logon Session; User Account,Window contains 10 authentication failures and 0 unknown-user events. Mapped from Linux semantic token. | Root account authentication activity was observed. Mapped from Linux semantic token.
1261,1,1,True Positive,UNKNOWN_USER AUTH_FAIL UNKNOWN_USER AUTH_FAIL UNKNOWN_USER AUTH_FAIL AUTH_FAIL UNKNOWN_USER UNKNOWN_USER UNKNOWN_USER AUTH_FAIL UNKNOWN_USER AUTH_FAIL UNKNOWN_USER AUTH_FAIL AUTH_FAIL UNKNOWN_USER AUTH_FAIL UNKNOWN_USER AUTH_FAIL,T1110,Brute Force,credential-access,,Window contains 10 authentication failures and 10 unknown-user events. Mapped from Linux semantic token.
1262,1,1,True Positive,UNKNOWN_USER AUTH_FAIL UNKNOWN_USER AUTH_FAIL UNKNOWN_USER AUTH_FAIL AUTH_FAIL UNKNOWN_USER UNKNOWN_USER UNKNOWN_USER AUTH_FAIL UNKNOWN_USER AUTH_FAIL UNKNOWN_USER AUTH_FAIL AUTH_FAIL UNKNOWN_USER AUTH_FAIL UNKNOWN_USER AUTH_FAIL,T1110,Brute Force,credential-access,,Window contains 10 authentication failures and 10 unknown-user events. Mapped from Linux semantic token.
1263,1,1,True Positive,FTP_CONNECTION FTP_CONNECTION FTP_CONNECTION FTP_CONNECTION FTP_CONNECTION FTP_CONNECTION FTP_CONNECTION FTP_CONNECTION FTP_CONNECTION FTP_CONNECTION FTP_CONNECTION FTP_CONNECTION FTP_CONNECTION FTP_CONNECTION FTP_CONNECTION FTP_CONNECTION FTP_CONNECTION FTP_CONNECTION FTP_CONNECTION FTP_CONNECTION FTP_CONNECTION FTP_CONNECTION FTP_CONNECTION,T1133,External Remote Services,initial-access; persistence,,Window contains 23 FTP connection events. Mapped from Linux semantic token.
1264,1,1,True Positive,FTP_CONNECTION FTP_CONNECTION FTP_CONNECTION FTP_CONNECTION FTP_CONNECTION FTP_CONNECTION FTP_CONNECTION FTP_CONNECTION FTP_CONNECTION FTP_CONNECTION FTP_CONNECTION FTP_CONNECTION FTP_CONNECTION FTP_CONNECTION FTP_CONNECTION FTP_CONNECTION FTP_CONNECTION FTP_CONNECTION FTP_CONNECTION FTP_CONNECTION FTP_CONNECTION FTP_CONNECTION FTP_CONNECTION,T1133,External Remote Services,initial-access; persistence,,Window contains 23 FTP connection events. Mapped from Linux semantic token.
1265,1,1,True Positive,AUTH_FAIL_USER AUTH_FAIL_USER AUTH_FAIL_USER AUTH_FAIL_USER AUTH_FAIL_USER AUTH_FAIL_USER AUTH_FAIL_USER AUTH_FAIL_USER AUTH_FAIL_USER AUTH_FAIL_USER,T1110,Brute Force,credential-access,,Window contains 10 authentication failures and 0 unknown-user events. Mapped from Linux semantic token.
1266,1,1,True Positive,AUTH_FAIL_USER AUTH_FAIL_USER AUTH_FAIL_USER AUTH_FAIL_USER AUTH_FAIL_USER AUTH_FAIL_USER AUTH_FAIL_USER AUTH_FAIL_USER AUTH_FAIL_USER AUTH_FAIL_USER,T1110,Brute Force,credential-access,,Window contains 10 authentication failures and 0 unknown-user events. Mapped from Linux semantic token.
1267,1,1,True Positive,ROOT_AUTH_FAIL ROOT_AUTH_FAIL ROOT_AUTH_FAIL ROOT_AUTH_FAIL ROOT_AUTH_FAIL ROOT_AUTH_FAIL ROOT_AUTH_FAIL ROOT_AUTH_FAIL ROOT_AUTH_FAIL,T1110; T1078,Brute Force; Valid Accounts,credential-access; defense-evasion; initial-access; persistence; privilege-escalation,Logon Session; User Account,Window contains 9 authentication failures and 0 unknown-user events. Mapped from Linux semantic token. | Root account authentication activity was observed. Mapped from Linux semantic token.
1268,1,1,True Positive,ROOT_AUTH_FAIL ROOT_AUTH_FAIL ROOT_AUTH_FAIL ROOT_AUTH_FAIL ROOT_AUTH_FAIL ROOT_AUTH_FAIL ROOT_AUTH_FAIL ROOT_AUTH_FAIL ROOT_AUTH_FAIL,T1110; T1078,Brute Force; Valid Accounts,credential-access; defense-evasion; initial-access; persistence; privilege-escalation,Logon Session; User Account,Window contains 9 authentication failures and 0 unknown-user events. Mapped from Linux semantic token. | Root account authentication activity was observed. Mapped from Linux semantic token.
1269,1,1,True Positive,ROOT_AUTH_FAIL ROOT_AUTH_FAIL ROOT_AUTH_FAIL,T1078; T1110,Valid Accounts; Brute Force,credential-access; defense-evasion; initial-access; persistence; privilege-escalation,Logon Session; User Account,Root account authentication activity was observed. Mapped from Linux semantic token. | Mapped from Linux semantic token.
1270,1,1,True Positive,FTP_CONNECTION FTP_CONNECTION FTP_CONNECTION FTP_CONNECTION FTP_CONNECTION FTP_CONNECTION FTP_CONNECTION FTP_CONNECTION FTP_CONNECTION FTP_CONNECTION FTP_CONNECTION FTP_CONNECTION FTP_CONNECTION,T1133,External Remote Services,initial-access; persistence,,Window contains 13 FTP connection events. Mapped from Linux semantic token.
1271,1,1,True Positive,FTP_CONNECTION FTP_CONNECTION FTP_CONNECTION FTP_CONNECTION FTP_CONNECTION FTP_CONNECTION FTP_CONNECTION FTP_CONNECTION FTP_CONNECTION FTP_CONNECTION FTP_CONNECTION FTP_CONNECTION FTP_CONNECTION,T1133,External Remote Services,initial-access; persistence,,Window contains 13 FTP connection events. Mapped from Linux semantic token.
1272,1,1,True Positive,UNKNOWN_USER UNKNOWN_USER AUTH_FAIL AUTH_FAIL AUTH_FAIL UNKNOWN_USER AUTH_FAIL UNKNOWN_USER AUTH_FAIL AUTH_FAIL UNKNOWN_USER UNKNOWN_USER AUTH_FAIL AUTH_FAIL UNKNOWN_USER AUTH_FAIL UNKNOWN_USER AUTH_FAIL UNKNOWN_USER UNKNOWN_USER,T1110,Brute Force,credential-access,,Window contains 10 authentication failures and 10 unknown-user events. Mapped from Linux semantic token.
1273,1,1,True Positive,UNKNOWN_USER UNKNOWN_USER AUTH_FAIL AUTH_FAIL AUTH_FAIL UNKNOWN_USER AUTH_FAIL UNKNOWN_USER AUTH_FAIL AUTH_FAIL UNKNOWN_USER UNKNOWN_USER AUTH_FAIL AUTH_FAIL UNKNOWN_USER AUTH_FAIL UNKNOWN_USER AUTH_FAIL UNKNOWN_USER UNKNOWN_USER,T1110,Brute Force,credential-access,,Window contains 10 authentication failures and 10 unknown-user events. Mapped from Linux semantic token.
1274,1,1,True Positive,FTP_CONNECTION FTP_CONNECTION FTP_CONNECTION FTP_CONNECTION FTP_CONNECTION FTP_CONNECTION FTP_CONNECTION FTP_CONNECTION FTP_CONNECTION FTP_CONNECTION FTP_CONNECTION FTP_CONNECTION FTP_CONNECTION FTP_CONNECTION FTP_CONNECTION FTP_CONNECTION FTP_CONNECTION FTP_CONNECTION,T1133,External Remote Services,initial-access; persistence,,Window contains 18 FTP connection events. Mapped from Linux semantic token.
1275,1,1,True Positive,FTP_CONNECTION FTP_CONNECTION FTP_CONNECTION FTP_CONNECTION FTP_CONNECTION FTP_CONNECTION FTP_CONNECTION FTP_CONNECTION FTP_CONNECTION FTP_CONNECTION FTP_CONNECTION FTP_CONNECTION FTP_CONNECTION FTP_CONNECTION FTP_CONNECTION FTP_CONNECTION FTP_CONNECTION FTP_CONNECTION,T1133,External Remote Services,initial-access; persistence,,Window contains 18 FTP connection events. Mapped from Linux semantic token.
1276,1,1,True Positive,FTP_CONNECTION FTP_CONNECTION FTP_CONNECTION FTP_CONNECTION FTP_CONNECTION FTP_CONNECTION FTP_CONNECTION FTP_CONNECTION FTP_CONNECTION FTP_CONNECTION FTP_CONNECTION FTP_CONNECTION FTP_CONNECTION,T1133,External Remote Services,initial-access; persistence,,Window contains 13 FTP connection events. Mapped from Linux semantic token.
1277,1,1,True Positive,FTP_CONNECTION FTP_CONNECTION FTP_CONNECTION FTP_CONNECTION FTP_CONNECTION FTP_CONNECTION FTP_CONNECTION FTP_CONNECTION FTP_CONNECTION FTP_CONNECTION FTP_CONNECTION FTP_CONNECTION FTP_CONNECTION,T1133,External Remote Services,initial-access; persistence,,Window contains 13 FTP connection events. Mapped from Linux semantic token.
1278,1,1,True Positive,ROOT_AUTH_FAIL ROOT_AUTH_FAIL ROOT_AUTH_FAIL ROOT_AUTH_FAIL ROOT_AUTH_FAIL,T1110; T1078,Brute Force; Valid Accounts,credential-access; defense-evasion; initial-access; persistence; privilege-escalation,Logon Session; User Account,Window contains 5 authentication failures and 0 unknown-user events. Mapped from Linux semantic token. | Root account authentication activity was observed. Mapped from Linux semantic token.
1279,1,1,True Positive,ROOT_AUTH_FAIL ROOT_AUTH_FAIL ROOT_AUTH_FAIL ROOT_AUTH_FAIL ROOT_AUTH_FAIL,T1110; T1078,Brute Force; Valid Accounts,credential-access; defense-evasion; initial-access; persistence; privilege-escalation,Logon Session; User Account,Window contains 5 authentication failures and 0 unknown-user events. Mapped from Linux semantic token. | Root account authentication activity was observed. Mapped from Linux semantic token.
1280,1,1,True Positive,ROOT_AUTH_FAIL ROOT_AUTH_FAIL ROOT_AUTH_FAIL ROOT_AUTH_FAIL ROOT_AUTH_FAIL ROOT_AUTH_FAIL ROOT_AUTH_FAIL ROOT_AUTH_FAIL ROOT_AUTH_FAIL,T1110; T1078,Brute Force; Valid Accounts,credential-access; defense-evasion; initial-access; persistence; privilege-escalation,Logon Session; User Account,Window contains 9 authentication failures and 0 unknown-user events. Mapped from Linux semantic token. | Root account authentication activity was observed. Mapped from Linux semantic token.
1281,1,1,True Positive,ROOT_AUTH_FAIL ROOT_AUTH_FAIL ROOT_AUTH_FAIL ROOT_AUTH_FAIL ROOT_AUTH_FAIL ROOT_AUTH_FAIL ROOT_AUTH_FAIL ROOT_AUTH_FAIL ROOT_AUTH_FAIL,T1110; T1078,Brute Force; Valid Accounts,credential-access; defense-evasion; initial-access; persistence; privilege-escalation,Logon Session; User Account,Window contains 9 authentication failures and 0 unknown-user events. Mapped from Linux semantic token. | Root account authentication activity was observed. Mapped from Linux semantic token.
1282,1,1,True Positive,ROOT_AUTH_FAIL ROOT_AUTH_FAIL ROOT_AUTH_FAIL ROOT_AUTH_FAIL ROOT_AUTH_FAIL ROOT_AUTH_FAIL ROOT_AUTH_FAIL ROOT_AUTH_FAIL ROOT_AUTH_FAIL ROOT_AUTH_FAIL,T1110; T1078,Brute Force; Valid Accounts,credential-access; defense-evasion; initial-access; persistence; privilege-escalation,Logon Session; User Account,Window contains 10 authentication failures and 0 unknown-user events. Mapped from Linux semantic token. | Root account authentication activity was observed. Mapped from Linux semantic token.
1283,1,1,True Positive,ROOT_AUTH_FAIL ROOT_AUTH_FAIL ROOT_AUTH_FAIL ROOT_AUTH_FAIL ROOT_AUTH_FAIL ROOT_AUTH_FAIL ROOT_AUTH_FAIL ROOT_AUTH_FAIL ROOT_AUTH_FAIL ROOT_AUTH_FAIL,T1110; T1078,Brute Force; Valid Accounts,credential-access; defense-evasion; initial-access; persistence; privilege-escalation,Logon Session; User Account,Window contains 10 authentication failures and 0 unknown-user events. Mapped from Linux semantic token. | Root account authentication activity was observed. Mapped from Linux semantic token.
1284,1,1,True Positive,UNKNOWN_USER AUTH_FAIL AUTH_FAIL AUTH_FAIL UNKNOWN_USER AUTH_FAIL UNKNOWN_USER AUTH_FAIL UNKNOWN_USER UNKNOWN_USER,T1110,Brute Force,credential-access,,Window contains 5 authentication failures and 5 unknown-user events. Mapped from Linux semantic token.
1285,1,1,True Positive,UNKNOWN_USER AUTH_FAIL AUTH_FAIL AUTH_FAIL UNKNOWN_USER AUTH_FAIL UNKNOWN_USER AUTH_FAIL UNKNOWN_USER UNKNOWN_USER,T1110,Brute Force,credential-access,,Window contains 5 authentication failures and 5 unknown-user events. Mapped from Linux semantic token.
1286,1,1,True Positive,FTP_CONNECTION FTP_CONNECTION FTP_CONNECTION FTP_CONNECTION FTP_CONNECTION FTP_CONNECTION FTP_CONNECTION FTP_CONNECTION FTP_CONNECTION FTP_CONNECTION FTP_CONNECTION FTP_CONNECTION FTP_CONNECTION FTP_CONNECTION FTP_CONNECTION FTP_CONNECTION FTP_CONNECTION FTP_CONNECTION FTP_CONNECTION FTP_CONNECTION FTP_CONNECTION FTP_CONNECTION FTP_CONNECTION,T1133,External Remote Services,initial-access; persistence,,Window contains 23 FTP connection events. Mapped from Linux semantic token.
1287,1,1,True Positive,FTP_CONNECTION FTP_CONNECTION FTP_CONNECTION FTP_CONNECTION FTP_CONNECTION FTP_CONNECTION FTP_CONNECTION FTP_CONNECTION FTP_CONNECTION FTP_CONNECTION FTP_CONNECTION FTP_CONNECTION FTP_CONNECTION FTP_CONNECTION FTP_CONNECTION FTP_CONNECTION FTP_CONNECTION FTP_CONNECTION FTP_CONNECTION FTP_CONNECTION FTP_CONNECTION FTP_CONNECTION FTP_CONNECTION,T1133,External Remote Services,initial-access; persistence,,Window contains 23 FTP connection events. Mapped from Linux semantic token.
1288,1,1,True Positive,ROOT_AUTH_FAIL ROOT_AUTH_FAIL ROOT_AUTH_FAIL ROOT_AUTH_FAIL ROOT_AUTH_FAIL ROOT_AUTH_FAIL ROOT_AUTH_FAIL ROOT_AUTH_FAIL ROOT_AUTH_FAIL ROOT_AUTH_FAIL,T1110; T1078,Brute Force; Valid Accounts,credential-access; defense-evasion; initial-access; persistence; privilege-escalation,Logon Session; User Account,Window contains 10 authentication failures and 0 unknown-user events. Mapped from Linux semantic token. | Root account authentication activity was observed. Mapped from Linux semantic token.
1289,1,1,True Positive,ROOT_AUTH_FAIL ROOT_AUTH_FAIL ROOT_AUTH_FAIL ROOT_AUTH_FAIL ROOT_AUTH_FAIL ROOT_AUTH_FAIL ROOT_AUTH_FAIL ROOT_AUTH_FAIL ROOT_AUTH_FAIL ROOT_AUTH_FAIL,T1110; T1078,Brute Force; Valid Accounts,credential-access; defense-evasion; initial-access; persistence; privilege-escalation,Logon Session; User Account,Window contains 10 authentication failures and 0 unknown-user events. Mapped from Linux semantic token. | Root account authentication activity was observed. Mapped from Linux semantic token.
1290,1,1,True Positive,FTP_CONNECTION FTP_CONNECTION FTP_CONNECTION FTP_CONNECTION FTP_CONNECTION FTP_CONNECTION FTP_CONNECTION FTP_CONNECTION FTP_CONNECTION FTP_CONNECTION FTP_CONNECTION FTP_CONNECTION FTP_CONNECTION FTP_CONNECTION FTP_CONNECTION FTP_CONNECTION FTP_CONNECTION FTP_CONNECTION FTP_CONNECTION FTP_CONNECTION FTP_CONNECTION FTP_CONNECTION FTP_CONNECTION,T1133,External Remote Services,initial-access; persistence,,Window contains 23 FTP connection events. Mapped from Linux semantic token.
1291,1,1,True Positive,FTP_CONNECTION FTP_CONNECTION FTP_CONNECTION FTP_CONNECTION FTP_CONNECTION FTP_CONNECTION FTP_CONNECTION FTP_CONNECTION FTP_CONNECTION FTP_CONNECTION FTP_CONNECTION FTP_CONNECTION FTP_CONNECTION FTP_CONNECTION FTP_CONNECTION FTP_CONNECTION FTP_CONNECTION,T1133,External Remote Services,initial-access; persistence,,Window contains 17 FTP connection events. Mapped from Linux semantic token.
1292,1,1,True Positive,ROOT_AUTH_FAIL ROOT_AUTH_FAIL ROOT_AUTH_FAIL ROOT_AUTH_FAIL ROOT_AUTH_FAIL ROOT_AUTH_FAIL ROOT_AUTH_FAIL ROOT_AUTH_FAIL ROOT_AUTH_FAIL ROOT_AUTH_FAIL ROOT_AUTH_FAIL,T1110; T1078,Brute Force; Valid Accounts,credential-access; defense-evasion; initial-access; persistence; privilege-escalation,Logon Session; User Account,Window contains 11 authentication failures and 0 unknown-user events. Mapped from Linux semantic token. | Root account authentication activity was observed. Mapped from Linux semantic token.
1293,1,1,True Positive,ROOT_AUTH_FAIL ROOT_AUTH_FAIL ROOT_AUTH_FAIL ROOT_AUTH_FAIL ROOT_AUTH_FAIL ROOT_AUTH_FAIL ROOT_AUTH_FAIL ROOT_AUTH_FAIL ROOT_AUTH_FAIL ROOT_AUTH_FAIL ROOT_AUTH_FAIL ROOT_AUTH_FAIL ROOT_AUTH_FAIL,T1110; T1078,Brute Force; Valid Accounts,credential-access; defense-evasion; initial-access; persistence; privilege-escalation,Logon Session; User Account,Window contains 13 authentication failures and 0 unknown-user events. Mapped from Linux semantic token. | Root account authentication activity was observed. Mapped from Linux semantic token.
1294,1,1,True Positive,ROOT_AUTH_FAIL ROOT_AUTH_FAIL ROOT_AUTH_FAIL ROOT_AUTH_FAIL,T1078; T1110,Valid Accounts; Brute Force,credential-access; defense-evasion; initial-access; persistence; privilege-escalation,Logon Session; User Account,Root account authentication activity was observed. Mapped from Linux semantic token. | Mapped from Linux semantic token.
1295,1,1,True Positive,UNKNOWN_USER AUTH_FAIL UNKNOWN_USER AUTH_FAIL UNKNOWN_USER AUTH_FAIL UNKNOWN_USER AUTH_FAIL UNKNOWN_USER AUTH_FAIL UNKNOWN_USER UNKNOWN_USER AUTH_FAIL UNKNOWN_USER AUTH_FAIL AUTH_FAIL,T1110,Brute Force,credential-access,,Window contains 8 authentication failures and 8 unknown-user events. Mapped from Linux semantic token.
1296,1,1,True Positive,UNKNOWN_USER AUTH_FAIL UNKNOWN_USER AUTH_FAIL UNKNOWN_USER AUTH_FAIL UNKNOWN_USER AUTH_FAIL UNKNOWN_USER AUTH_FAIL UNKNOWN_USER UNKNOWN_USER AUTH_FAIL UNKNOWN_USER AUTH_FAIL AUTH_FAIL,T1110,Brute Force,credential-access,,Window contains 8 authentication failures and 8 unknown-user events. Mapped from Linux semantic token.
1297,1,1,True Positive,ROOT_AUTH_FAIL ROOT_AUTH_FAIL ROOT_AUTH_FAIL ROOT_AUTH_FAIL ROOT_AUTH_FAIL ROOT_AUTH_FAIL ROOT_AUTH_FAIL ROOT_AUTH_FAIL ROOT_AUTH_FAIL,T1110; T1078,Brute Force; Valid Accounts,credential-access; defense-evasion; initial-access; persistence; privilege-escalation,Logon Session; User Account,Window contains 9 authentication failures and 0 unknown-user events. Mapped from Linux semantic token. | Root account authentication activity was observed. Mapped from Linux semantic token.
1298,1,1,True Positive,ROOT_AUTH_FAIL ROOT_AUTH_FAIL ROOT_AUTH_FAIL ROOT_AUTH_FAIL ROOT_AUTH_FAIL ROOT_AUTH_FAIL ROOT_AUTH_FAIL ROOT_AUTH_FAIL ROOT_AUTH_FAIL ROOT_AUTH_FAIL,T1110; T1078,Brute Force; Valid Accounts,credential-access; defense-evasion; initial-access; persistence; privilege-escalation,Logon Session; User Account,Window contains 10 authentication failures and 0 unknown-user events. Mapped from Linux semantic token. | Root account authentication activity was observed. Mapped from Linux semantic token.
1299,1,1,True Positive,ROOT_AUTH_FAIL ROOT_AUTH_FAIL,T1078; T1110,Valid Accounts; Brute Force,credential-access; defense-evasion; initial-access; persistence; privilege-escalation,Logon Session; User Account,Root account authentication activity was observed. Mapped from Linux semantic token. | Mapped from Linux semantic token.
1300,1,1,True Positive,ROOT_AUTH_FAIL ROOT_AUTH_FAIL ROOT_AUTH_FAIL ROOT_AUTH_FAIL ROOT_AUTH_FAIL,T1110; T1078,Brute Force; Valid Accounts,credential-access; defense-evasion; initial-access; persistence; privilege-escalation,Logon Session; User Account,Window contains 5 authentication failures and 0 unknown-user events. Mapped from Linux semantic token. | Root account authentication activity was observed. Mapped from Linux semantic token.
1301,1,1,True Positive,ROOT_AUTH_FAIL ROOT_AUTH_FAIL ROOT_AUTH_FAIL ROOT_AUTH_FAIL ROOT_AUTH_FAIL,T1110; T1078,Brute Force; Valid Accounts,credential-access; defense-evasion; initial-access; persistence; privilege-escalation,Logon Session; User Account,Window contains 5 authentication failures and 0 unknown-user events. Mapped from Linux semantic token. | Root account authentication activity was observed. Mapped from Linux semantic token.
1302,1,1,True Positive,EVENT_f6e13a4d KERBEROS_AUTH_FAIL EVENT_f6e13a4d EVENT_d9f1af4c EVENT_f6e13a4d KERBEROS_AUTH_FAIL KERBEROS_AUTH_FAIL EVENT_f6e13a4d KERBEROS_AUTH_FAIL KERBEROS_AUTH_FAIL KERBEROS_AUTH_FAIL KERBEROS_AUTH_FAIL EVENT_f6e13a4d EVENT_f6e13a4d KERBEROS_AUTH_FAIL EVENT_f6e13a4d KERBEROS_AUTH_FAIL EVENT_f6e13a4d,T1110,Brute Force,credential-access,,Window contains 9 authentication failures and 0 unknown-user events. Mapped from Linux semantic token.
1303,1,1,True Positive,EVENT_f6e13a4d KERBEROS_AUTH_FAIL EVENT_f6e13a4d EVENT_d9f1af4c EVENT_f6e13a4d KERBEROS_AUTH_FAIL KERBEROS_AUTH_FAIL EVENT_f6e13a4d KERBEROS_AUTH_FAIL KERBEROS_AUTH_FAIL KERBEROS_AUTH_FAIL KERBEROS_AUTH_FAIL EVENT_f6e13a4d EVENT_f6e13a4d KERBEROS_AUTH_FAIL EVENT_f6e13a4d KERBEROS_AUTH_FAIL EVENT_f6e13a4d KERBEROS_AUTH_FAIL EVENT_d9f1af4c EVENT_d9f1af4c EVENT_d9f1af4c KERBEROS_AUTH_FAIL EVENT_d9f1af4c EVENT_d9f1af4c EVENT_d9f1af4c EVENT_d9f1af4c KERBEROS_AUTH_FAIL KERBEROS_AUTH_FAIL KERBEROS_AUTH_FAIL KERBEROS_AUTH_FAIL KERBEROS_AUTH_FAIL EVENT_d9f1af4c KERBEROS_AUTH_FAIL KERBEROS_AUTH_FAIL EVENT_d9f1af4c KERBEROS_AUTH_FAIL EVENT_d9f1af4c KERBEROS_AUTH_FAIL EVENT_d9f1af4c KERBEROS_AUTH_FAIL EVENT_d9f1af4c KERBEROS_AUTH_FAIL EVENT_d9f1af4c KERBEROS_AUTH_FAIL EVENT_d9f1af4c,T1110,Brute Force,credential-access,,Window contains 23 authentication failures and 0 unknown-user events. Mapped from Linux semantic token.
1304,1,1,True Positive,KERBEROS_AUTH_FAIL EVENT_d9f1af4c EVENT_d9f1af4c EVENT_d9f1af4c KERBEROS_AUTH_FAIL EVENT_d9f1af4c EVENT_d9f1af4c EVENT_d9f1af4c EVENT_d9f1af4c KERBEROS_AUTH_FAIL KERBEROS_AUTH_FAIL KERBEROS_AUTH_FAIL KERBEROS_AUTH_FAIL KERBEROS_AUTH_FAIL EVENT_d9f1af4c KERBEROS_AUTH_FAIL KERBEROS_AUTH_FAIL EVENT_d9f1af4c KERBEROS_AUTH_FAIL EVENT_d9f1af4c KERBEROS_AUTH_FAIL EVENT_d9f1af4c KERBEROS_AUTH_FAIL EVENT_d9f1af4c KERBEROS_AUTH_FAIL EVENT_d9f1af4c KERBEROS_AUTH_FAIL EVENT_d9f1af4c,T1110,Brute Force,credential-access,,Window contains 14 authentication failures and 0 unknown-user events. Mapped from Linux semantic token.
1305,1,1,True Positive,ROOT_AUTH_FAIL ROOT_AUTH_FAIL ROOT_AUTH_FAIL ROOT_AUTH_FAIL ROOT_AUTH_FAIL ROOT_AUTH_FAIL ROOT_AUTH_FAIL ROOT_AUTH_FAIL ROOT_AUTH_FAIL ROOT_AUTH_FAIL,T1110; T1078,Brute Force; Valid Accounts,credential-access; defense-evasion; initial-access; persistence; privilege-escalation,Logon Session; User Account,Window contains 10 authentication failures and 0 unknown-user events. Mapped from Linux semantic token. | Root account authentication activity was observed. Mapped from Linux semantic token.
1306,1,1,True Positive,ROOT_AUTH_FAIL ROOT_AUTH_FAIL ROOT_AUTH_FAIL ROOT_AUTH_FAIL ROOT_AUTH_FAIL ROOT_AUTH_FAIL ROOT_AUTH_FAIL ROOT_AUTH_FAIL ROOT_AUTH_FAIL ROOT_AUTH_FAIL,T1110; T1078,Brute Force; Valid Accounts,credential-access; defense-evasion; initial-access; persistence; privilege-escalation,Logon Session; User Account,Window contains 10 authentication failures and 0 unknown-user events. Mapped from Linux semantic token. | Root account authentication activity was observed. Mapped from Linux semantic token.
1307,1,1,True Positive,FTP_CONNECTION FTP_CONNECTION FTP_CONNECTION FTP_CONNECTION FTP_CONNECTION FTP_CONNECTION FTP_CONNECTION FTP_CONNECTION FTP_CONNECTION FTP_CONNECTION FTP_CONNECTION FTP_CONNECTION FTP_CONNECTION FTP_CONNECTION FTP_CONNECTION FTP_CONNECTION FTP_CONNECTION FTP_CONNECTION FTP_CONNECTION FTP_CONNECTION FTP_CONNECTION FTP_CONNECTION FTP_CONNECTION,T1133,External Remote Services,initial-access; persistence,,Window contains 23 FTP connection events. Mapped from Linux semantic token.
1308,1,1,True Positive,FTP_CONNECTION FTP_CONNECTION FTP_CONNECTION FTP_CONNECTION FTP_CONNECTION FTP_CONNECTION FTP_CONNECTION FTP_CONNECTION FTP_CONNECTION FTP_CONNECTION FTP_CONNECTION FTP_CONNECTION FTP_CONNECTION FTP_CONNECTION FTP_CONNECTION FTP_CONNECTION FTP_CONNECTION FTP_CONNECTION FTP_CONNECTION FTP_CONNECTION FTP_CONNECTION FTP_CONNECTION FTP_CONNECTION,T1133,External Remote Services,initial-access; persistence,,Window contains 23 FTP connection events. Mapped from Linux semantic token.
1309,1,1,True Positive,ROOT_AUTH_FAIL ROOT_AUTH_FAIL ROOT_AUTH_FAIL ROOT_AUTH_FAIL ROOT_AUTH_FAIL ROOT_AUTH_FAIL ROOT_AUTH_FAIL ROOT_AUTH_FAIL ROOT_AUTH_FAIL ROOT_AUTH_FAIL,T1110; T1078,Brute Force; Valid Accounts,credential-access; defense-evasion; initial-access; persistence; privilege-escalation,Logon Session; User Account,Window contains 10 authentication failures and 0 unknown-user events. Mapped from Linux semantic token. | Root account authentication activity was observed. Mapped from Linux semantic token.
1310,1,1,True Positive,ROOT_AUTH_FAIL ROOT_AUTH_FAIL ROOT_AUTH_FAIL ROOT_AUTH_FAIL ROOT_AUTH_FAIL ROOT_AUTH_FAIL ROOT_AUTH_FAIL ROOT_AUTH_FAIL ROOT_AUTH_FAIL ROOT_AUTH_FAIL,T1110; T1078,Brute Force; Valid Accounts,credential-access; defense-evasion; initial-access; persistence; privilege-escalation,Logon Session; User Account,Window contains 10 authentication failures and 0 unknown-user events. Mapped from Linux semantic token. | Root account authentication activity was observed. Mapped from Linux semantic token.
1311,1,1,True Positive,UNKNOWN_USER AUTH_FAIL AUTH_FAIL AUTH_FAIL UNKNOWN_USER UNKNOWN_USER,T1110,Brute Force,credential-access,,Window contains 3 authentication failures and 3 unknown-user events. Mapped from Linux semantic token.
1312,1,1,True Positive,UNKNOWN_USER AUTH_FAIL AUTH_FAIL AUTH_FAIL UNKNOWN_USER UNKNOWN_USER AUTH_FAIL UNKNOWN_USER UNKNOWN_USER AUTH_FAIL UNKNOWN_USER AUTH_FAIL AUTH_FAIL UNKNOWN_USER AUTH_FAIL UNKNOWN_USER AUTH_FAIL UNKNOWN_USER AUTH_FAIL UNKNOWN_USER,T1110,Brute Force,credential-access,,Window contains 10 authentication failures and 10 unknown-user events. Mapped from Linux semantic token.
1313,1,1,True Positive,AUTH_FAIL UNKNOWN_USER UNKNOWN_USER AUTH_FAIL UNKNOWN_USER AUTH_FAIL AUTH_FAIL UNKNOWN_USER AUTH_FAIL UNKNOWN_USER AUTH_FAIL UNKNOWN_USER AUTH_FAIL UNKNOWN_USER,T1110,Brute Force,credential-access,,Window contains 7 authentication failures and 7 unknown-user events. Mapped from Linux semantic token.
1314,1,1,True Positive,FTP_CONNECTION FTP_CONNECTION FTP_CONNECTION FTP_CONNECTION FTP_CONNECTION FTP_CONNECTION FTP_CONNECTION FTP_CONNECTION FTP_CONNECTION FTP_CONNECTION FTP_CONNECTION FTP_CONNECTION FTP_CONNECTION FTP_CONNECTION FTP_CONNECTION FTP_CONNECTION FTP_CONNECTION FTP_CONNECTION FTP_CONNECTION FTP_CONNECTION FTP_CONNECTION FTP_CONNECTION FTP_CONNECTION,T1133,External Remote Services,initial-access; persistence,,Window contains 23 FTP connection events. Mapped from Linux semantic token.
1315,1,1,True Positive,FTP_CONNECTION FTP_CONNECTION FTP_CONNECTION FTP_CONNECTION FTP_CONNECTION FTP_CONNECTION FTP_CONNECTION FTP_CONNECTION FTP_CONNECTION FTP_CONNECTION FTP_CONNECTION FTP_CONNECTION FTP_CONNECTION FTP_CONNECTION FTP_CONNECTION FTP_CONNECTION FTP_CONNECTION FTP_CONNECTION FTP_CONNECTION FTP_CONNECTION FTP_CONNECTION FTP_CONNECTION FTP_CONNECTION,T1133,External Remote Services,initial-access; persistence,,Window contains 23 FTP connection events. Mapped from Linux semantic token.
1316,1,1,True Positive,FTP_CONNECTION FTP_CONNECTION FTP_CONNECTION FTP_CONNECTION FTP_CONNECTION FTP_CONNECTION FTP_CONNECTION FTP_CONNECTION FTP_CONNECTION FTP_CONNECTION FTP_CONNECTION FTP_CONNECTION FTP_CONNECTION FTP_CONNECTION FTP_CONNECTION FTP_CONNECTION FTP_CONNECTION FTP_CONNECTION FTP_CONNECTION FTP_CONNECTION FTP_CONNECTION FTP_CONNECTION FTP_CONNECTION,T1133,External Remote Services,initial-access; persistence,,Window contains 23 FTP connection events. Mapped from Linux semantic token.
1317,1,1,True Positive,FTP_CONNECTION FTP_CONNECTION FTP_CONNECTION FTP_CONNECTION FTP_CONNECTION FTP_CONNECTION FTP_CONNECTION FTP_CONNECTION FTP_CONNECTION FTP_CONNECTION FTP_CONNECTION FTP_CONNECTION FTP_CONNECTION FTP_CONNECTION FTP_CONNECTION FTP_CONNECTION FTP_CONNECTION FTP_CONNECTION FTP_CONNECTION FTP_CONNECTION FTP_CONNECTION FTP_CONNECTION FTP_CONNECTION,T1133,External Remote Services,initial-access; persistence,,Window contains 23 FTP connection events. Mapped from Linux semantic token.
1318,1,1,True Positive,ROOT_AUTH_FAIL ROOT_AUTH_FAIL ROOT_AUTH_FAIL,T1078; T1110,Valid Accounts; Brute Force,credential-access; defense-evasion; initial-access; persistence; privilege-escalation,Logon Session; User Account,Root account authentication activity was observed. Mapped from Linux semantic token. | Mapped from Linux semantic token.
1319,1,1,True Positive,ROOT_AUTH_FAIL ROOT_AUTH_FAIL ROOT_AUTH_FAIL,T1078; T1110,Valid Accounts; Brute Force,credential-access; defense-evasion; initial-access; persistence; privilege-escalation,Logon Session; User Account,Root account authentication activity was observed. Mapped from Linux semantic token. | Mapped from Linux semantic token.
1320,1,1,True Positive,FTP_CONNECTION FTP_CONNECTION FTP_CONNECTION FTP_CONNECTION FTP_CONNECTION FTP_CONNECTION FTP_CONNECTION FTP_CONNECTION FTP_CONNECTION FTP_CONNECTION FTP_CONNECTION FTP_CONNECTION FTP_CONNECTION FTP_CONNECTION FTP_CONNECTION FTP_CONNECTION FTP_CONNECTION FTP_CONNECTION FTP_CONNECTION FTP_CONNECTION FTP_CONNECTION FTP_CONNECTION FTP_CONNECTION,T1133,External Remote Services,initial-access; persistence,,Window contains 23 FTP connection events. Mapped from Linux semantic token.
1321,1,1,True Positive,FTP_CONNECTION FTP_CONNECTION FTP_CONNECTION FTP_CONNECTION FTP_CONNECTION FTP_CONNECTION FTP_CONNECTION FTP_CONNECTION FTP_CONNECTION FTP_CONNECTION FTP_CONNECTION FTP_CONNECTION FTP_CONNECTION FTP_CONNECTION FTP_CONNECTION FTP_CONNECTION FTP_CONNECTION FTP_CONNECTION FTP_CONNECTION FTP_CONNECTION FTP_CONNECTION FTP_CONNECTION FTP_CONNECTION,T1133,External Remote Services,initial-access; persistence,,Window contains 23 FTP connection events. Mapped from Linux semantic token.
1322,1,1,True Positive,ROOT_AUTH_FAIL ROOT_AUTH_FAIL ROOT_AUTH_FAIL ROOT_AUTH_FAIL ROOT_AUTH_FAIL ROOT_AUTH_FAIL ROOT_AUTH_FAIL ROOT_AUTH_FAIL ROOT_AUTH_FAIL ROOT_AUTH_FAIL ROOT_AUTH_FAIL ROOT_AUTH_FAIL ROOT_AUTH_FAIL,T1110; T1078,Brute Force; Valid Accounts,credential-access; defense-evasion; initial-access; persistence; privilege-escalation,Logon Session; User Account,Window contains 13 authentication failures and 0 unknown-user events. Mapped from Linux semantic token. | Root account authentication activity was observed. Mapped from Linux semantic token.
1323,1,1,True Positive,ROOT_AUTH_FAIL ROOT_AUTH_FAIL ROOT_AUTH_FAIL ROOT_AUTH_FAIL ROOT_AUTH_FAIL ROOT_AUTH_FAIL ROOT_AUTH_FAIL ROOT_AUTH_FAIL ROOT_AUTH_FAIL ROOT_AUTH_FAIL ROOT_AUTH_FAIL ROOT_AUTH_FAIL ROOT_AUTH_FAIL,T1110; T1078,Brute Force; Valid Accounts,credential-access; defense-evasion; initial-access; persistence; privilege-escalation,Logon Session; User Account,Window contains 13 authentication failures and 0 unknown-user events. Mapped from Linux semantic token. | Root account authentication activity was observed. Mapped from Linux semantic token.
1324,1,1,True Positive,AUTH_FAIL UNKNOWN_USER UNKNOWN_USER AUTH_FAIL UNKNOWN_USER AUTH_FAIL,T1110,Brute Force,credential-access,,Window contains 3 authentication failures and 3 unknown-user events. Mapped from Linux semantic token.
1325,1,1,True Positive,AUTH_FAIL UNKNOWN_USER UNKNOWN_USER AUTH_FAIL UNKNOWN_USER AUTH_FAIL UNKNOWN_USER AUTH_FAIL UNKNOWN_USER AUTH_FAIL,T1110,Brute Force,credential-access,,Window contains 5 authentication failures and 5 unknown-user events. Mapped from Linux semantic token.
1326,1,1,True Positive,FTP_CONNECTION FTP_CONNECTION FTP_CONNECTION FTP_CONNECTION FTP_CONNECTION FTP_CONNECTION FTP_CONNECTION FTP_CONNECTION FTP_CONNECTION FTP_CONNECTION FTP_CONNECTION FTP_CONNECTION FTP_CONNECTION FTP_CONNECTION FTP_CONNECTION FTP_CONNECTION FTP_CONNECTION FTP_CONNECTION FTP_CONNECTION FTP_CONNECTION FTP_CONNECTION FTP_CONNECTION FTP_CONNECTION,T1133,External Remote Services,initial-access; persistence,,Window contains 23 FTP connection events. Mapped from Linux semantic token.
1327,1,1,True Positive,FTP_CONNECTION FTP_CONNECTION FTP_CONNECTION FTP_CONNECTION FTP_CONNECTION FTP_CONNECTION FTP_CONNECTION FTP_CONNECTION FTP_CONNECTION FTP_CONNECTION FTP_CONNECTION FTP_CONNECTION FTP_CONNECTION FTP_CONNECTION FTP_CONNECTION FTP_CONNECTION FTP_CONNECTION FTP_CONNECTION FTP_CONNECTION FTP_CONNECTION FTP_CONNECTION FTP_CONNECTION FTP_CONNECTION,T1133,External Remote Services,initial-access; persistence,,Window contains 23 FTP connection events. Mapped from Linux semantic token.
1328,1,1,True Positive,ROOT_AUTH_FAIL ROOT_AUTH_FAIL ROOT_AUTH_FAIL ROOT_AUTH_FAIL ROOT_AUTH_FAIL,T1110; T1078,Brute Force; Valid Accounts,credential-access; defense-evasion; initial-access; persistence; privilege-escalation,Logon Session; User Account,Window contains 5 authentication failures and 0 unknown-user events. Mapped from Linux semantic token. | Root account authentication activity was observed. Mapped from Linux semantic token.
1329,1,1,True Positive,ROOT_AUTH_FAIL ROOT_AUTH_FAIL ROOT_AUTH_FAIL ROOT_AUTH_FAIL ROOT_AUTH_FAIL,T1110; T1078,Brute Force; Valid Accounts,credential-access; defense-evasion; initial-access; persistence; privilege-escalation,Logon Session; User Account,Window contains 5 authentication failures and 0 unknown-user events. Mapped from Linux semantic token. | Root account authentication activity was observed. Mapped from Linux semantic token.
1330,1,1,True Positive,FTP_CONNECTION FTP_CONNECTION FTP_CONNECTION FTP_CONNECTION FTP_CONNECTION FTP_CONNECTION FTP_CONNECTION FTP_CONNECTION FTP_CONNECTION FTP_CONNECTION FTP_CONNECTION FTP_CONNECTION FTP_CONNECTION FTP_CONNECTION FTP_CONNECTION FTP_CONNECTION FTP_CONNECTION FTP_CONNECTION FTP_CONNECTION FTP_CONNECTION FTP_CONNECTION FTP_CONNECTION FTP_CONNECTION,T1133,External Remote Services,initial-access; persistence,,Window contains 23 FTP connection events. Mapped from Linux semantic token.
1331,1,1,True Positive,FTP_CONNECTION FTP_CONNECTION FTP_CONNECTION FTP_CONNECTION FTP_CONNECTION FTP_CONNECTION FTP_CONNECTION FTP_CONNECTION FTP_CONNECTION FTP_CONNECTION FTP_CONNECTION FTP_CONNECTION FTP_CONNECTION FTP_CONNECTION FTP_CONNECTION FTP_CONNECTION FTP_CONNECTION FTP_CONNECTION FTP_CONNECTION FTP_CONNECTION FTP_CONNECTION FTP_CONNECTION FTP_CONNECTION,T1133,External Remote Services,initial-access; persistence,,Window contains 23 FTP connection events. Mapped from Linux semantic token.
1332,1,1,True Positive,UNKNOWN_USER AUTH_FAIL UNKNOWN_USER AUTH_FAIL UNKNOWN_USER AUTH_FAIL UNKNOWN_USER AUTH_FAIL,T1110,Brute Force,credential-access,,Window contains 4 authentication failures and 4 unknown-user events. Mapped from Linux semantic token.
1333,1,1,True Positive,UNKNOWN_USER AUTH_FAIL UNKNOWN_USER AUTH_FAIL UNKNOWN_USER AUTH_FAIL UNKNOWN_USER AUTH_FAIL,T1110,Brute Force,credential-access,,Window contains 4 authentication failures and 4 unknown-user events. Mapped from Linux semantic token.
1334,1,1,True Positive,FTP_CONNECTION FTP_CONNECTION FTP_CONNECTION FTP_CONNECTION FTP_CONNECTION FTP_CONNECTION FTP_CONNECTION FTP_CONNECTION FTP_CONNECTION FTP_CONNECTION FTP_CONNECTION FTP_CONNECTION,T1133,External Remote Services,initial-access; persistence,,Window contains 12 FTP connection events. Mapped from Linux semantic token.
1335,1,1,True Positive,FTP_CONNECTION FTP_CONNECTION FTP_CONNECTION FTP_CONNECTION FTP_CONNECTION FTP_CONNECTION FTP_CONNECTION FTP_CONNECTION FTP_CONNECTION FTP_CONNECTION FTP_CONNECTION FTP_CONNECTION,T1133,External Remote Services,initial-access; persistence,,Window contains 12 FTP connection events. Mapped from Linux semantic token.
1336,1,1,True Positive,FTP_CONNECTION FTP_CONNECTION FTP_CONNECTION FTP_CONNECTION FTP_CONNECTION FTP_CONNECTION FTP_CONNECTION FTP_CONNECTION FTP_CONNECTION FTP_CONNECTION FTP_CONNECTION FTP_CONNECTION FTP_CONNECTION FTP_CONNECTION FTP_CONNECTION FTP_CONNECTION FTP_CONNECTION FTP_CONNECTION FTP_CONNECTION,T1133,External Remote Services,initial-access; persistence,,Window contains 19 FTP connection events. Mapped from Linux semantic token.
1337,1,1,True Positive,FTP_CONNECTION FTP_CONNECTION FTP_CONNECTION FTP_CONNECTION FTP_CONNECTION FTP_CONNECTION FTP_CONNECTION FTP_CONNECTION FTP_CONNECTION FTP_CONNECTION FTP_CONNECTION FTP_CONNECTION FTP_CONNECTION FTP_CONNECTION FTP_CONNECTION FTP_CONNECTION FTP_CONNECTION FTP_CONNECTION FTP_CONNECTION,T1133,External Remote Services,initial-access; persistence,,Window contains 19 FTP connection events. Mapped from Linux semantic token.
1338,1,1,True Positive,FTP_CONNECTION FTP_CONNECTION FTP_CONNECTION FTP_CONNECTION FTP_CONNECTION FTP_CONNECTION FTP_CONNECTION FTP_CONNECTION FTP_CONNECTION FTP_CONNECTION FTP_CONNECTION FTP_CONNECTION FTP_CONNECTION FTP_CONNECTION FTP_CONNECTION FTP_CONNECTION FTP_CONNECTION FTP_CONNECTION FTP_CONNECTION FTP_CONNECTION FTP_CONNECTION FTP_CONNECTION FTP_CONNECTION,T1133,External Remote Services,initial-access; persistence,,Window contains 23 FTP connection events. Mapped from Linux semantic token.
1339,1,1,True Positive,FTP_CONNECTION FTP_CONNECTION FTP_CONNECTION FTP_CONNECTION FTP_CONNECTION FTP_CONNECTION FTP_CONNECTION FTP_CONNECTION FTP_CONNECTION FTP_CONNECTION FTP_CONNECTION FTP_CONNECTION FTP_CONNECTION FTP_CONNECTION FTP_CONNECTION FTP_CONNECTION FTP_CONNECTION FTP_CONNECTION FTP_CONNECTION FTP_CONNECTION FTP_CONNECTION FTP_CONNECTION FTP_CONNECTION,T1133,External Remote Services,initial-access; persistence,,Window contains 23 FTP connection events. Mapped from Linux semantic token.
1340,1,1,True Positive,FTP_CONNECTION FTP_CONNECTION FTP_CONNECTION FTP_CONNECTION FTP_CONNECTION FTP_CONNECTION FTP_CONNECTION FTP_CONNECTION FTP_CONNECTION FTP_CONNECTION FTP_CONNECTION FTP_CONNECTION FTP_CONNECTION FTP_CONNECTION FTP_CONNECTION FTP_CONNECTION FTP_CONNECTION FTP_CONNECTION,T1133,External Remote Services,initial-access; persistence,,Window contains 18 FTP connection events. Mapped from Linux semantic token.
1341,1,1,True Positive,FTP_CONNECTION FTP_CONNECTION FTP_CONNECTION FTP_CONNECTION FTP_CONNECTION FTP_CONNECTION FTP_CONNECTION FTP_CONNECTION FTP_CONNECTION FTP_CONNECTION FTP_CONNECTION FTP_CONNECTION FTP_CONNECTION FTP_CONNECTION FTP_CONNECTION FTP_CONNECTION FTP_CONNECTION FTP_CONNECTION,T1133,External Remote Services,initial-access; persistence,,Window contains 18 FTP connection events. Mapped from Linux semantic token.
1342,1,1,True Positive,FTP_CONNECTION FTP_CONNECTION FTP_CONNECTION FTP_CONNECTION FTP_CONNECTION FTP_CONNECTION FTP_CONNECTION FTP_CONNECTION FTP_CONNECTION FTP_CONNECTION FTP_CONNECTION FTP_CONNECTION FTP_CONNECTION FTP_CONNECTION FTP_CONNECTION FTP_CONNECTION FTP_CONNECTION FTP_CONNECTION FTP_CONNECTION FTP_CONNECTION FTP_CONNECTION FTP_CONNECTION FTP_CONNECTION,T1133,External Remote Services,initial-access; persistence,,Window contains 23 FTP connection events. Mapped from Linux semantic token.
1343,1,1,True Positive,FTP_CONNECTION FTP_CONNECTION FTP_CONNECTION FTP_CONNECTION FTP_CONNECTION FTP_CONNECTION FTP_CONNECTION FTP_CONNECTION FTP_CONNECTION FTP_CONNECTION FTP_CONNECTION FTP_CONNECTION FTP_CONNECTION FTP_CONNECTION FTP_CONNECTION FTP_CONNECTION FTP_CONNECTION FTP_CONNECTION FTP_CONNECTION FTP_CONNECTION FTP_CONNECTION FTP_CONNECTION FTP_CONNECTION,T1133,External Remote Services,initial-access; persistence,,Window contains 23 FTP connection events. Mapped from Linux semantic token.
1344,1,1,True Positive,ROOT_AUTH_FAIL ROOT_AUTH_FAIL ROOT_AUTH_FAIL ROOT_AUTH_FAIL ROOT_AUTH_FAIL ROOT_AUTH_FAIL ROOT_AUTH_FAIL ROOT_AUTH_FAIL ROOT_AUTH_FAIL ROOT_AUTH_FAIL,T1110; T1078,Brute Force; Valid Accounts,credential-access; defense-evasion; initial-access; persistence; privilege-escalation,Logon Session; User Account,Window contains 10 authentication failures and 0 unknown-user events. Mapped from Linux semantic token. | Root account authentication activity was observed. Mapped from Linux semantic token.
1345,1,1,True Positive,ROOT_AUTH_FAIL ROOT_AUTH_FAIL ROOT_AUTH_FAIL ROOT_AUTH_FAIL ROOT_AUTH_FAIL ROOT_AUTH_FAIL ROOT_AUTH_FAIL ROOT_AUTH_FAIL ROOT_AUTH_FAIL ROOT_AUTH_FAIL,T1110; T1078,Brute Force; Valid Accounts,credential-access; defense-evasion; initial-access; persistence; privilege-escalation,Logon Session; User Account,Window contains 10 authentication failures and 0 unknown-user events. Mapped from Linux semantic token. | Root account authentication activity was observed. Mapped from Linux semantic token.
1346,1,1,True Positive,FTP_CONNECTION FTP_CONNECTION FTP_CONNECTION FTP_CONNECTION FTP_CONNECTION FTP_CONNECTION FTP_CONNECTION FTP_CONNECTION FTP_CONNECTION FTP_CONNECTION FTP_CONNECTION FTP_CONNECTION FTP_CONNECTION FTP_CONNECTION FTP_CONNECTION FTP_CONNECTION FTP_CONNECTION FTP_CONNECTION FTP_CONNECTION FTP_CONNECTION FTP_CONNECTION FTP_CONNECTION FTP_CONNECTION,T1133,External Remote Services,initial-access; persistence,,Window contains 23 FTP connection events. Mapped from Linux semantic token.
1347,1,1,True Positive,FTP_CONNECTION FTP_CONNECTION FTP_CONNECTION FTP_CONNECTION FTP_CONNECTION FTP_CONNECTION FTP_CONNECTION FTP_CONNECTION FTP_CONNECTION FTP_CONNECTION FTP_CONNECTION FTP_CONNECTION FTP_CONNECTION FTP_CONNECTION FTP_CONNECTION FTP_CONNECTION FTP_CONNECTION FTP_CONNECTION FTP_CONNECTION FTP_CONNECTION FTP_CONNECTION FTP_CONNECTION FTP_CONNECTION,T1133,External Remote Services,initial-access; persistence,,Window contains 23 FTP connection events. Mapped from Linux semantic token.
1348,1,1,True Positive,FTP_CONNECTION FTP_CONNECTION FTP_CONNECTION FTP_CONNECTION FTP_CONNECTION FTP_CONNECTION FTP_CONNECTION FTP_CONNECTION FTP_CONNECTION FTP_CONNECTION FTP_CONNECTION FTP_CONNECTION FTP_CONNECTION FTP_CONNECTION FTP_CONNECTION FTP_CONNECTION FTP_CONNECTION FTP_CONNECTION FTP_CONNECTION FTP_CONNECTION FTP_CONNECTION FTP_CONNECTION FTP_CONNECTION,T1133,External Remote Services,initial-access; persistence,,Window contains 23 FTP connection events. Mapped from Linux semantic token.
1349,1,1,True Positive,FTP_CONNECTION FTP_CONNECTION FTP_CONNECTION FTP_CONNECTION FTP_CONNECTION FTP_CONNECTION FTP_CONNECTION FTP_CONNECTION FTP_CONNECTION FTP_CONNECTION FTP_CONNECTION FTP_CONNECTION FTP_CONNECTION FTP_CONNECTION FTP_CONNECTION FTP_CONNECTION FTP_CONNECTION FTP_CONNECTION FTP_CONNECTION FTP_CONNECTION FTP_CONNECTION FTP_CONNECTION FTP_CONNECTION,T1133,External Remote Services,initial-access; persistence,,Window contains 23 FTP connection events. Mapped from Linux semantic token.
1350,1,1,True Positive,FTP_CONNECTION FTP_CONNECTION FTP_CONNECTION FTP_CONNECTION FTP_CONNECTION FTP_CONNECTION FTP_CONNECTION FTP_CONNECTION FTP_CONNECTION FTP_CONNECTION FTP_CONNECTION FTP_CONNECTION FTP_CONNECTION FTP_CONNECTION FTP_CONNECTION FTP_CONNECTION FTP_CONNECTION FTP_CONNECTION FTP_CONNECTION FTP_CONNECTION FTP_CONNECTION FTP_CONNECTION FTP_CONNECTION,T1133,External Remote Services,initial-access; persistence,,Window contains 23 FTP connection events. Mapped from Linux semantic token.
1351,1,1,True Positive,FTP_CONNECTION FTP_CONNECTION FTP_CONNECTION FTP_CONNECTION FTP_CONNECTION FTP_CONNECTION FTP_CONNECTION FTP_CONNECTION FTP_CONNECTION FTP_CONNECTION FTP_CONNECTION FTP_CONNECTION FTP_CONNECTION FTP_CONNECTION FTP_CONNECTION FTP_CONNECTION FTP_CONNECTION FTP_CONNECTION FTP_CONNECTION FTP_CONNECTION FTP_CONNECTION FTP_CONNECTION FTP_CONNECTION,T1133,External Remote Services,initial-access; persistence,,Window contains 23 FTP connection events. Mapped from Linux semantic token.
1352,1,1,True Positive,FTP_CONNECTION FTP_CONNECTION FTP_CONNECTION FTP_CONNECTION FTP_CONNECTION FTP_CONNECTION FTP_CONNECTION FTP_CONNECTION FTP_CONNECTION FTP_CONNECTION FTP_CONNECTION FTP_CONNECTION FTP_CONNECTION FTP_CONNECTION FTP_CONNECTION FTP_CONNECTION FTP_CONNECTION FTP_CONNECTION FTP_CONNECTION FTP_CONNECTION FTP_CONNECTION FTP_CONNECTION FTP_CONNECTION,T1133,External Remote Services,initial-access; persistence,,Window contains 23 FTP connection events. Mapped from Linux semantic token.
1353,1,1,True Positive,FTP_CONNECTION FTP_CONNECTION FTP_CONNECTION FTP_CONNECTION FTP_CONNECTION FTP_CONNECTION FTP_CONNECTION FTP_CONNECTION FTP_CONNECTION FTP_CONNECTION FTP_CONNECTION FTP_CONNECTION FTP_CONNECTION FTP_CONNECTION FTP_CONNECTION FTP_CONNECTION FTP_CONNECTION FTP_CONNECTION FTP_CONNECTION FTP_CONNECTION FTP_CONNECTION FTP_CONNECTION FTP_CONNECTION,T1133,External Remote Services,initial-access; persistence,,Window contains 23 FTP connection events. Mapped from Linux semantic token.
1354,1,1,True Positive,ROOT_AUTH_FAIL ROOT_AUTH_FAIL ROOT_AUTH_FAIL ROOT_AUTH_FAIL ROOT_AUTH_FAIL ROOT_AUTH_FAIL ROOT_AUTH_FAIL ROOT_AUTH_FAIL ROOT_AUTH_FAIL ROOT_AUTH_FAIL ROOT_AUTH_FAIL ROOT_AUTH_FAIL ROOT_AUTH_FAIL ROOT_AUTH_FAIL ROOT_AUTH_FAIL ROOT_AUTH_FAIL ROOT_AUTH_FAIL ROOT_AUTH_FAIL ROOT_AUTH_FAIL ROOT_AUTH_FAIL,T1110; T1078,Brute Force; Valid Accounts,credential-access; defense-evasion; initial-access; persistence; privilege-escalation,Logon Session; User Account,Window contains 20 authentication failures and 0 unknown-user events. Mapped from Linux semantic token. | Root account authentication activity was observed. Mapped from Linux semantic token.
1355,1,1,True Positive,ROOT_AUTH_FAIL ROOT_AUTH_FAIL ROOT_AUTH_FAIL ROOT_AUTH_FAIL ROOT_AUTH_FAIL ROOT_AUTH_FAIL ROOT_AUTH_FAIL ROOT_AUTH_FAIL ROOT_AUTH_FAIL ROOT_AUTH_FAIL ROOT_AUTH_FAIL ROOT_AUTH_FAIL ROOT_AUTH_FAIL ROOT_AUTH_FAIL ROOT_AUTH_FAIL ROOT_AUTH_FAIL ROOT_AUTH_FAIL ROOT_AUTH_FAIL ROOT_AUTH_FAIL ROOT_AUTH_FAIL ROOT_AUTH_FAIL ROOT_AUTH_FAIL ROOT_AUTH_FAIL ROOT_AUTH_FAIL ROOT_AUTH_FAIL ROOT_AUTH_FAIL ROOT_AUTH_FAIL ROOT_AUTH_FAIL ROOT_AUTH_FAIL ROOT_AUTH_FAIL ROOT_AUTH_FAIL ROOT_AUTH_FAIL ROOT_AUTH_FAIL ROOT_AUTH_FAIL ROOT_AUTH_FAIL ROOT_AUTH_FAIL ROOT_AUTH_FAIL ROOT_AUTH_FAIL ROOT_AUTH_FAIL ROOT_AUTH_FAIL ROOT_AUTH_FAIL ROOT_AUTH_FAIL ROOT_AUTH_FAIL ROOT_AUTH_FAIL,T1110; T1078,Brute Force; Valid Accounts,credential-access; defense-evasion; initial-access; persistence; privilege-escalation,Logon Session; User Account,Window contains 44 authentication failures and 0 unknown-user events. Mapped from Linux semantic token. | Root account authentication activity was observed. Mapped from Linux semantic token.
1356,1,1,True Positive,ROOT_AUTH_FAIL ROOT_AUTH_FAIL ROOT_AUTH_FAIL ROOT_AUTH_FAIL ROOT_AUTH_FAIL ROOT_AUTH_FAIL ROOT_AUTH_FAIL ROOT_AUTH_FAIL ROOT_AUTH_FAIL ROOT_AUTH_FAIL ROOT_AUTH_FAIL ROOT_AUTH_FAIL ROOT_AUTH_FAIL ROOT_AUTH_FAIL ROOT_AUTH_FAIL ROOT_AUTH_FAIL ROOT_AUTH_FAIL ROOT_AUTH_FAIL ROOT_AUTH_FAIL ROOT_AUTH_FAIL ROOT_AUTH_FAIL ROOT_AUTH_FAIL ROOT_AUTH_FAIL ROOT_AUTH_FAIL ROOT_AUTH_FAIL ROOT_AUTH_FAIL ROOT_AUTH_FAIL ROOT_AUTH_FAIL ROOT_AUTH_FAIL ROOT_AUTH_FAIL ROOT_AUTH_FAIL ROOT_AUTH_FAIL ROOT_AUTH_FAIL ROOT_AUTH_FAIL ROOT_AUTH_FAIL ROOT_AUTH_FAIL ROOT_AUTH_FAIL ROOT_AUTH_FAIL ROOT_AUTH_FAIL ROOT_AUTH_FAIL ROOT_AUTH_FAIL ROOT_AUTH_FAIL ROOT_AUTH_FAIL ROOT_AUTH_FAIL ROOT_AUTH_FAIL ROOT_AUTH_FAIL ROOT_AUTH_FAIL ROOT_AUTH_FAIL ROOT_AUTH_FAIL ROOT_AUTH_FAIL,T1110; T1078,Brute Force; Valid Accounts,credential-access; defense-evasion; initial-access; persistence; privilege-escalation,Logon Session; User Account,Window contains 50 authentication failures and 0 unknown-user events. Mapped from Linux semantic token. | Root account authentication activity was observed. Mapped from Linux semantic token.
1357,1,1,True Positive,ROOT_AUTH_FAIL ROOT_AUTH_FAIL ROOT_AUTH_FAIL ROOT_AUTH_FAIL ROOT_AUTH_FAIL ROOT_AUTH_FAIL ROOT_AUTH_FAIL ROOT_AUTH_FAIL ROOT_AUTH_FAIL ROOT_AUTH_FAIL ROOT_AUTH_FAIL ROOT_AUTH_FAIL ROOT_AUTH_FAIL ROOT_AUTH_FAIL ROOT_AUTH_FAIL ROOT_AUTH_FAIL ROOT_AUTH_FAIL ROOT_AUTH_FAIL ROOT_AUTH_FAIL ROOT_AUTH_FAIL ROOT_AUTH_FAIL ROOT_AUTH_FAIL ROOT_AUTH_FAIL ROOT_AUTH_FAIL ROOT_AUTH_FAIL ROOT_AUTH_FAIL ROOT_AUTH_FAIL ROOT_AUTH_FAIL ROOT_AUTH_FAIL ROOT_AUTH_FAIL ROOT_AUTH_FAIL ROOT_AUTH_FAIL ROOT_AUTH_FAIL ROOT_AUTH_FAIL ROOT_AUTH_FAIL ROOT_AUTH_FAIL ROOT_AUTH_FAIL ROOT_AUTH_FAIL,T1110; T1078,Brute Force; Valid Accounts,credential-access; defense-evasion; initial-access; persistence; privilege-escalation,Logon Session; User Account,Window contains 38 authentication failures and 0 unknown-user events. Mapped from Linux semantic token. | Root account authentication activity was observed. Mapped from Linux semantic token.
1358,1,1,True Positive,ROOT_AUTH_FAIL ROOT_AUTH_FAIL ROOT_AUTH_FAIL ROOT_AUTH_FAIL ROOT_AUTH_FAIL ROOT_AUTH_FAIL ROOT_AUTH_FAIL ROOT_AUTH_FAIL ROOT_AUTH_FAIL ROOT_AUTH_FAIL ROOT_AUTH_FAIL ROOT_AUTH_FAIL ROOT_AUTH_FAIL ROOT_AUTH_FAIL,T1110; T1078,Brute Force; Valid Accounts,credential-access; defense-evasion; initial-access; persistence; privilege-escalation,Logon Session; User Account,Window contains 14 authentication failures and 0 unknown-user events. Mapped from Linux semantic token. | Root account authentication activity was observed. Mapped from Linux semantic token.
1359,1,1,True Positive,ROOT_AUTH_FAIL ROOT_AUTH_FAIL ROOT_AUTH_FAIL ROOT_AUTH_FAIL ROOT_AUTH_FAIL ROOT_AUTH_FAIL ROOT_AUTH_FAIL ROOT_AUTH_FAIL ROOT_AUTH_FAIL ROOT_AUTH_FAIL,T1110; T1078,Brute Force; Valid Accounts,credential-access; defense-evasion; initial-access; persistence; privilege-escalation,Logon Session; User Account,Window contains 10 authentication failures and 0 unknown-user events. Mapped from Linux semantic token. | Root account authentication activity was observed. Mapped from Linux semantic token.
1360,1,1,True Positive,ROOT_AUTH_FAIL ROOT_AUTH_FAIL ROOT_AUTH_FAIL ROOT_AUTH_FAIL ROOT_AUTH_FAIL ROOT_AUTH_FAIL ROOT_AUTH_FAIL ROOT_AUTH_FAIL ROOT_AUTH_FAIL ROOT_AUTH_FAIL,T1110; T1078,Brute Force; Valid Accounts,credential-access; defense-evasion; initial-access; persistence; privilege-escalation,Logon Session; User Account,Window contains 10 authentication failures and 0 unknown-user events. Mapped from Linux semantic token. | Root account authentication activity was observed. Mapped from Linux semantic token.
1361,1,1,True Positive,ROOT_AUTH_FAIL ROOT_AUTH_FAIL,T1078; T1110,Valid Accounts; Brute Force,credential-access; defense-evasion; initial-access; persistence; privilege-escalation,Logon Session; User Account,Root account authentication activity was observed. Mapped from Linux semantic token. | Mapped from Linux semantic token.
1362,1,1,True Positive,ROOT_AUTH_FAIL ROOT_AUTH_FAIL ROOT_AUTH_FAIL ROOT_AUTH_FAIL ROOT_AUTH_FAIL ROOT_AUTH_FAIL ROOT_AUTH_FAIL ROOT_AUTH_FAIL ROOT_AUTH_FAIL ROOT_AUTH_FAIL,T1110; T1078,Brute Force; Valid Accounts,credential-access; defense-evasion; initial-access; persistence; privilege-escalation,Logon Session; User Account,Window contains 10 authentication failures and 0 unknown-user events. Mapped from Linux semantic token. | Root account authentication activity was observed. Mapped from Linux semantic token.
1363,1,1,True Positive,ROOT_AUTH_FAIL ROOT_AUTH_FAIL ROOT_AUTH_FAIL ROOT_AUTH_FAIL ROOT_AUTH_FAIL ROOT_AUTH_FAIL ROOT_AUTH_FAIL ROOT_AUTH_FAIL ROOT_AUTH_FAIL ROOT_AUTH_FAIL,T1110; T1078,Brute Force; Valid Accounts,credential-access; defense-evasion; initial-access; persistence; privilege-escalation,Logon Session; User Account,Window contains 10 authentication failures and 0 unknown-user events. Mapped from Linux semantic token. | Root account authentication activity was observed. Mapped from Linux semantic token.
1364,1,1,True Positive,ROOT_AUTH_FAIL ROOT_AUTH_FAIL ROOT_AUTH_FAIL ROOT_AUTH_FAIL ROOT_AUTH_FAIL ROOT_AUTH_FAIL ROOT_AUTH_FAIL ROOT_AUTH_FAIL ROOT_AUTH_FAIL ROOT_AUTH_FAIL,T1110; T1078,Brute Force; Valid Accounts,credential-access; defense-evasion; initial-access; persistence; privilege-escalation,Logon Session; User Account,Window contains 10 authentication failures and 0 unknown-user events. Mapped from Linux semantic token. | Root account authentication activity was observed. Mapped from Linux semantic token.
1365,1,1,True Positive,ROOT_AUTH_FAIL ROOT_AUTH_FAIL ROOT_AUTH_FAIL ROOT_AUTH_FAIL ROOT_AUTH_FAIL ROOT_AUTH_FAIL ROOT_AUTH_FAIL ROOT_AUTH_FAIL ROOT_AUTH_FAIL ROOT_AUTH_FAIL,T1110; T1078,Brute Force; Valid Accounts,credential-access; defense-evasion; initial-access; persistence; privilege-escalation,Logon Session; User Account,Window contains 10 authentication failures and 0 unknown-user events. Mapped from Linux semantic token. | Root account authentication activity was observed. Mapped from Linux semantic token.
1366,1,1,True Positive,ROOT_AUTH_FAIL ROOT_AUTH_FAIL ROOT_AUTH_FAIL ROOT_AUTH_FAIL ROOT_AUTH_FAIL ROOT_AUTH_FAIL ROOT_AUTH_FAIL ROOT_AUTH_FAIL ROOT_AUTH_FAIL ROOT_AUTH_FAIL,T1110; T1078,Brute Force; Valid Accounts,credential-access; defense-evasion; initial-access; persistence; privilege-escalation,Logon Session; User Account,Window contains 10 authentication failures and 0 unknown-user events. Mapped from Linux semantic token. | Root account authentication activity was observed. Mapped from Linux semantic token.
1367,1,1,True Positive,ROOT_AUTH_FAIL ROOT_AUTH_FAIL ROOT_AUTH_FAIL ROOT_AUTH_FAIL ROOT_AUTH_FAIL ROOT_AUTH_FAIL ROOT_AUTH_FAIL ROOT_AUTH_FAIL ROOT_AUTH_FAIL ROOT_AUTH_FAIL,T1110; T1078,Brute Force; Valid Accounts,credential-access; defense-evasion; initial-access; persistence; privilege-escalation,Logon Session; User Account,Window contains 10 authentication failures and 0 unknown-user events. Mapped from Linux semantic token. | Root account authentication activity was observed. Mapped from Linux semantic token.
1368,1,1,True Positive,ROOT_AUTH_FAIL ROOT_AUTH_FAIL,T1078; T1110,Valid Accounts; Brute Force,credential-access; defense-evasion; initial-access; persistence; privilege-escalation,Logon Session; User Account,Root account authentication activity was observed. Mapped from Linux semantic token. | Mapped from Linux semantic token.
1369,1,1,True Positive,ROOT_AUTH_FAIL ROOT_AUTH_FAIL ROOT_AUTH_FAIL ROOT_AUTH_FAIL,T1078; T1110,Valid Accounts; Brute Force,credential-access; defense-evasion; initial-access; persistence; privilege-escalation,Logon Session; User Account,Root account authentication activity was observed. Mapped from Linux semantic token. | Mapped from Linux semantic token.
1370,1,1,True Positive,ROOT_AUTH_FAIL ROOT_AUTH_FAIL ROOT_AUTH_FAIL ROOT_AUTH_FAIL ROOT_AUTH_FAIL,T1110; T1078,Brute Force; Valid Accounts,credential-access; defense-evasion; initial-access; persistence; privilege-escalation,Logon Session; User Account,Window contains 5 authentication failures and 0 unknown-user events. Mapped from Linux semantic token. | Root account authentication activity was observed. Mapped from Linux semantic token.
1371,1,1,True Positive,ROOT_AUTH_FAIL ROOT_AUTH_FAIL ROOT_AUTH_FAIL ROOT_AUTH_FAIL,T1078; T1110,Valid Accounts; Brute Force,credential-access; defense-evasion; initial-access; persistence; privilege-escalation,Logon Session; User Account,Root account authentication activity was observed. Mapped from Linux semantic token. | Mapped from Linux semantic token.
1372,1,1,True Positive,ROOT_AUTH_FAIL ROOT_AUTH_FAIL ROOT_AUTH_FAIL ROOT_AUTH_FAIL ROOT_AUTH_FAIL ROOT_AUTH_FAIL ROOT_AUTH_FAIL ROOT_AUTH_FAIL ROOT_AUTH_FAIL ROOT_AUTH_FAIL,T1110; T1078,Brute Force; Valid Accounts,credential-access; defense-evasion; initial-access; persistence; privilege-escalation,Logon Session; User Account,Window contains 10 authentication failures and 0 unknown-user events. Mapped from Linux semantic token. | Root account authentication activity was observed. Mapped from Linux semantic token.
1373,1,1,True Positive,ROOT_AUTH_FAIL ROOT_AUTH_FAIL ROOT_AUTH_FAIL ROOT_AUTH_FAIL ROOT_AUTH_FAIL ROOT_AUTH_FAIL ROOT_AUTH_FAIL ROOT_AUTH_FAIL ROOT_AUTH_FAIL ROOT_AUTH_FAIL,T1110; T1078,Brute Force; Valid Accounts,credential-access; defense-evasion; initial-access; persistence; privilege-escalation,Logon Session; User Account,Window contains 10 authentication failures and 0 unknown-user events. Mapped from Linux semantic token. | Root account authentication activity was observed. Mapped from Linux semantic token.
1374,1,1,True Positive,FTP_CONNECTION FTP_CONNECTION FTP_CONNECTION FTP_CONNECTION FTP_CONNECTION FTP_CONNECTION FTP_CONNECTION FTP_CONNECTION FTP_CONNECTION FTP_CONNECTION FTP_CONNECTION FTP_CONNECTION FTP_CONNECTION FTP_CONNECTION FTP_CONNECTION FTP_CONNECTION FTP_CONNECTION FTP_CONNECTION FTP_CONNECTION FTP_CONNECTION FTP_CONNECTION FTP_CONNECTION,T1133,External Remote Services,initial-access; persistence,,Window contains 22 FTP connection events. Mapped from Linux semantic token.
1375,1,1,True Positive,FTP_CONNECTION FTP_CONNECTION FTP_CONNECTION FTP_CONNECTION FTP_CONNECTION FTP_CONNECTION FTP_CONNECTION FTP_CONNECTION FTP_CONNECTION FTP_CONNECTION FTP_CONNECTION FTP_CONNECTION FTP_CONNECTION FTP_CONNECTION FTP_CONNECTION FTP_CONNECTION FTP_CONNECTION FTP_CONNECTION FTP_CONNECTION FTP_CONNECTION FTP_CONNECTION FTP_CONNECTION,T1133,External Remote Services,initial-access; persistence,,Window contains 22 FTP connection events. Mapped from Linux semantic token.
1376,1,1,True Positive,FTP_CONNECTION FTP_CONNECTION FTP_CONNECTION FTP_CONNECTION FTP_CONNECTION FTP_CONNECTION FTP_CONNECTION FTP_CONNECTION FTP_CONNECTION FTP_CONNECTION FTP_CONNECTION FTP_CONNECTION FTP_CONNECTION FTP_CONNECTION FTP_CONNECTION FTP_CONNECTION FTP_CONNECTION FTP_CONNECTION FTP_CONNECTION FTP_CONNECTION FTP_CONNECTION FTP_CONNECTION FTP_CONNECTION,T1133,External Remote Services,initial-access; persistence,,Window contains 23 FTP connection events. Mapped from Linux semantic token.
1377,1,1,True Positive,FTP_CONNECTION FTP_CONNECTION FTP_CONNECTION FTP_CONNECTION FTP_CONNECTION FTP_CONNECTION FTP_CONNECTION FTP_CONNECTION FTP_CONNECTION FTP_CONNECTION FTP_CONNECTION FTP_CONNECTION FTP_CONNECTION FTP_CONNECTION FTP_CONNECTION FTP_CONNECTION FTP_CONNECTION FTP_CONNECTION FTP_CONNECTION FTP_CONNECTION,T1133,External Remote Services,initial-access; persistence,,Window contains 20 FTP connection events. Mapped from Linux semantic token.
1378,1,1,True Positive,FTP_CONNECTION FTP_CONNECTION FTP_CONNECTION FTP_CONNECTION FTP_CONNECTION FTP_CONNECTION FTP_CONNECTION FTP_CONNECTION FTP_CONNECTION FTP_CONNECTION FTP_CONNECTION FTP_CONNECTION FTP_CONNECTION FTP_CONNECTION FTP_CONNECTION FTP_CONNECTION FTP_CONNECTION FTP_CONNECTION FTP_CONNECTION,T1133,External Remote Services,initial-access; persistence,,Window contains 19 FTP connection events. Mapped from Linux semantic token.
1379,1,1,True Positive,FTP_CONNECTION FTP_CONNECTION FTP_CONNECTION FTP_CONNECTION FTP_CONNECTION FTP_CONNECTION FTP_CONNECTION FTP_CONNECTION FTP_CONNECTION FTP_CONNECTION FTP_CONNECTION FTP_CONNECTION FTP_CONNECTION FTP_CONNECTION FTP_CONNECTION FTP_CONNECTION FTP_CONNECTION FTP_CONNECTION FTP_CONNECTION,T1133,External Remote Services,initial-access; persistence,,Window contains 19 FTP connection events. Mapped from Linux semantic token.
1380,1,1,True Positive,FTP_CONNECTION FTP_CONNECTION FTP_CONNECTION FTP_CONNECTION FTP_CONNECTION FTP_CONNECTION FTP_CONNECTION FTP_CONNECTION FTP_CONNECTION FTP_CONNECTION FTP_CONNECTION,T1133,External Remote Services,initial-access; persistence,,Window contains 11 FTP connection events. Mapped from Linux semantic token.
1381,1,1,True Positive,FTP_CONNECTION FTP_CONNECTION FTP_CONNECTION FTP_CONNECTION FTP_CONNECTION FTP_CONNECTION FTP_CONNECTION FTP_CONNECTION FTP_CONNECTION FTP_CONNECTION FTP_CONNECTION,T1133,External Remote Services,initial-access; persistence,,Window contains 11 FTP connection events. Mapped from Linux semantic token.
1382,1,1,True Positive,FTP_CONNECTION FTP_CONNECTION FTP_CONNECTION FTP_CONNECTION FTP_CONNECTION FTP_CONNECTION FTP_CONNECTION FTP_CONNECTION FTP_CONNECTION FTP_CONNECTION FTP_CONNECTION FTP_CONNECTION FTP_CONNECTION FTP_CONNECTION FTP_CONNECTION FTP_CONNECTION FTP_CONNECTION FTP_CONNECTION FTP_CONNECTION FTP_CONNECTION FTP_CONNECTION FTP_CONNECTION FTP_CONNECTION,T1133,External Remote Services,initial-access; persistence,,Window contains 23 FTP connection events. Mapped from Linux semantic token.
1383,1,1,True Positive,FTP_CONNECTION FTP_CONNECTION FTP_CONNECTION FTP_CONNECTION FTP_CONNECTION FTP_CONNECTION FTP_CONNECTION FTP_CONNECTION FTP_CONNECTION FTP_CONNECTION FTP_CONNECTION FTP_CONNECTION FTP_CONNECTION FTP_CONNECTION FTP_CONNECTION FTP_CONNECTION FTP_CONNECTION FTP_CONNECTION FTP_CONNECTION FTP_CONNECTION FTP_CONNECTION FTP_CONNECTION FTP_CONNECTION,T1133,External Remote Services,initial-access; persistence,,Window contains 23 FTP connection events. Mapped from Linux semantic token.
1384,1,1,True Positive,ROOT_AUTH_FAIL ROOT_AUTH_FAIL ROOT_AUTH_FAIL,T1078; T1110,Valid Accounts; Brute Force,credential-access; defense-evasion; initial-access; persistence; privilege-escalation,Logon Session; User Account,Root account authentication activity was observed. Mapped from Linux semantic token. | Mapped from Linux semantic token.
1385,1,1,True Positive,ROOT_AUTH_FAIL ROOT_AUTH_FAIL ROOT_AUTH_FAIL,T1078; T1110,Valid Accounts; Brute Force,credential-access; defense-evasion; initial-access; persistence; privilege-escalation,Logon Session; User Account,Root account authentication activity was observed. Mapped from Linux semantic token. | Mapped from Linux semantic token.
1386,1,1,True Positive,FTP_CONNECTION FTP_CONNECTION FTP_CONNECTION FTP_CONNECTION FTP_CONNECTION FTP_CONNECTION FTP_CONNECTION FTP_CONNECTION FTP_CONNECTION FTP_CONNECTION FTP_CONNECTION FTP_CONNECTION FTP_CONNECTION FTP_CONNECTION FTP_CONNECTION FTP_CONNECTION FTP_CONNECTION FTP_CONNECTION FTP_CONNECTION FTP_CONNECTION FTP_CONNECTION FTP_CONNECTION FTP_CONNECTION,T1133,External Remote Services,initial-access; persistence,,Window contains 23 FTP connection events. Mapped from Linux semantic token.
1387,1,1,True Positive,FTP_CONNECTION FTP_CONNECTION FTP_CONNECTION FTP_CONNECTION FTP_CONNECTION FTP_CONNECTION FTP_CONNECTION FTP_CONNECTION FTP_CONNECTION FTP_CONNECTION FTP_CONNECTION FTP_CONNECTION FTP_CONNECTION FTP_CONNECTION FTP_CONNECTION FTP_CONNECTION FTP_CONNECTION FTP_CONNECTION FTP_CONNECTION FTP_CONNECTION FTP_CONNECTION FTP_CONNECTION FTP_CONNECTION,T1133,External Remote Services,initial-access; persistence,,Window contains 23 FTP connection events. Mapped from Linux semantic token.
1388,1,1,True Positive,FTP_CONNECTION FTP_CONNECTION FTP_CONNECTION FTP_CONNECTION FTP_CONNECTION FTP_CONNECTION FTP_CONNECTION FTP_CONNECTION FTP_CONNECTION FTP_CONNECTION FTP_CONNECTION FTP_CONNECTION FTP_CONNECTION FTP_CONNECTION FTP_CONNECTION FTP_CONNECTION FTP_CONNECTION FTP_CONNECTION FTP_CONNECTION FTP_CONNECTION FTP_CONNECTION FTP_CONNECTION FTP_CONNECTION,T1133,External Remote Services,initial-access; persistence,,Window contains 23 FTP connection events. Mapped from Linux semantic token.
1389,1,1,True Positive,FTP_CONNECTION FTP_CONNECTION FTP_CONNECTION FTP_CONNECTION FTP_CONNECTION FTP_CONNECTION FTP_CONNECTION FTP_CONNECTION FTP_CONNECTION FTP_CONNECTION FTP_CONNECTION FTP_CONNECTION FTP_CONNECTION FTP_CONNECTION FTP_CONNECTION FTP_CONNECTION FTP_CONNECTION FTP_CONNECTION FTP_CONNECTION FTP_CONNECTION FTP_CONNECTION FTP_CONNECTION FTP_CONNECTION,T1133,External Remote Services,initial-access; persistence,,Window contains 23 FTP connection events. Mapped from Linux semantic token.
1390,1,1,True Positive,FTP_CONNECTION FTP_CONNECTION FTP_CONNECTION FTP_CONNECTION FTP_CONNECTION FTP_CONNECTION FTP_CONNECTION FTP_CONNECTION FTP_CONNECTION FTP_CONNECTION FTP_CONNECTION FTP_CONNECTION FTP_CONNECTION FTP_CONNECTION FTP_CONNECTION FTP_CONNECTION FTP_CONNECTION FTP_CONNECTION FTP_CONNECTION FTP_CONNECTION FTP_CONNECTION FTP_CONNECTION FTP_CONNECTION,T1133,External Remote Services,initial-access; persistence,,Window contains 23 FTP connection events. Mapped from Linux semantic token.
1391,1,1,True Positive,FTP_CONNECTION FTP_CONNECTION FTP_CONNECTION FTP_CONNECTION FTP_CONNECTION FTP_CONNECTION FTP_CONNECTION FTP_CONNECTION FTP_CONNECTION FTP_CONNECTION FTP_CONNECTION FTP_CONNECTION FTP_CONNECTION FTP_CONNECTION FTP_CONNECTION FTP_CONNECTION FTP_CONNECTION FTP_CONNECTION FTP_CONNECTION FTP_CONNECTION FTP_CONNECTION FTP_CONNECTION FTP_CONNECTION,T1133,External Remote Services,initial-access; persistence,,Window contains 23 FTP connection events. Mapped from Linux semantic token.
1392,1,1,True Positive,FTP_CONNECTION FTP_CONNECTION FTP_CONNECTION FTP_CONNECTION FTP_CONNECTION FTP_CONNECTION FTP_CONNECTION FTP_CONNECTION FTP_CONNECTION FTP_CONNECTION FTP_CONNECTION FTP_CONNECTION FTP_CONNECTION FTP_CONNECTION FTP_CONNECTION FTP_CONNECTION FTP_CONNECTION FTP_CONNECTION FTP_CONNECTION FTP_CONNECTION FTP_CONNECTION FTP_CONNECTION FTP_CONNECTION,T1133,External Remote Services,initial-access; persistence,,Window contains 23 FTP connection events. Mapped from Linux semantic token.
1393,1,1,True Positive,FTP_CONNECTION FTP_CONNECTION FTP_CONNECTION FTP_CONNECTION FTP_CONNECTION FTP_CONNECTION FTP_CONNECTION FTP_CONNECTION FTP_CONNECTION FTP_CONNECTION FTP_CONNECTION FTP_CONNECTION FTP_CONNECTION FTP_CONNECTION FTP_CONNECTION FTP_CONNECTION FTP_CONNECTION FTP_CONNECTION FTP_CONNECTION FTP_CONNECTION FTP_CONNECTION FTP_CONNECTION FTP_CONNECTION,T1133,External Remote Services,initial-access; persistence,,Window contains 23 FTP connection events. Mapped from Linux semantic token.
1394,1,1,True Positive,FTP_CONNECTION FTP_CONNECTION FTP_CONNECTION FTP_CONNECTION FTP_CONNECTION FTP_CONNECTION FTP_CONNECTION FTP_CONNECTION FTP_CONNECTION FTP_CONNECTION FTP_CONNECTION FTP_CONNECTION FTP_CONNECTION FTP_CONNECTION FTP_CONNECTION FTP_CONNECTION FTP_CONNECTION FTP_CONNECTION FTP_CONNECTION FTP_CONNECTION FTP_CONNECTION FTP_CONNECTION FTP_CONNECTION,T1133,External Remote Services,initial-access; persistence,,Window contains 23 FTP connection events. Mapped from Linux semantic token.
1395,1,1,True Positive,FTP_CONNECTION FTP_CONNECTION FTP_CONNECTION FTP_CONNECTION FTP_CONNECTION FTP_CONNECTION FTP_CONNECTION FTP_CONNECTION FTP_CONNECTION FTP_CONNECTION FTP_CONNECTION FTP_CONNECTION FTP_CONNECTION FTP_CONNECTION FTP_CONNECTION FTP_CONNECTION FTP_CONNECTION FTP_CONNECTION FTP_CONNECTION FTP_CONNECTION FTP_CONNECTION FTP_CONNECTION FTP_CONNECTION,T1133,External Remote Services,initial-access; persistence,,Window contains 23 FTP connection events. Mapped from Linux semantic token.
1396,1,1,True Positive,FTP_CONNECTION FTP_CONNECTION FTP_CONNECTION FTP_CONNECTION FTP_CONNECTION FTP_CONNECTION FTP_CONNECTION FTP_CONNECTION FTP_CONNECTION FTP_CONNECTION FTP_CONNECTION FTP_CONNECTION FTP_CONNECTION FTP_CONNECTION FTP_CONNECTION FTP_CONNECTION FTP_CONNECTION FTP_CONNECTION FTP_CONNECTION FTP_CONNECTION FTP_CONNECTION,T1133,External Remote Services,initial-access; persistence,,Window contains 21 FTP connection events. Mapped from Linux semantic token.
1397,1,1,True Positive,FTP_CONNECTION FTP_CONNECTION FTP_CONNECTION FTP_CONNECTION FTP_CONNECTION FTP_CONNECTION FTP_CONNECTION FTP_CONNECTION FTP_CONNECTION FTP_CONNECTION FTP_CONNECTION FTP_CONNECTION FTP_CONNECTION FTP_CONNECTION FTP_CONNECTION FTP_CONNECTION FTP_CONNECTION FTP_CONNECTION FTP_CONNECTION FTP_CONNECTION FTP_CONNECTION,T1133,External Remote Services,initial-access; persistence,,Window contains 21 FTP connection events. Mapped from Linux semantic token.
1398,1,1,True Positive,AUTH_FAIL UNKNOWN_USER UNKNOWN_USER AUTH_FAIL AUTH_FAIL UNKNOWN_USER UNKNOWN_USER AUTH_FAIL UNKNOWN_USER AUTH_FAIL UNKNOWN_USER UNKNOWN_USER AUTH_FAIL AUTH_FAIL UNKNOWN_USER AUTH_FAIL UNKNOWN_USER AUTH_FAIL UNKNOWN_USER AUTH_FAIL,T1110,Brute Force,credential-access,,Window contains 10 authentication failures and 10 unknown-user events. Mapped from Linux semantic token.
1399,1,1,True Positive,AUTH_FAIL UNKNOWN_USER UNKNOWN_USER AUTH_FAIL AUTH_FAIL UNKNOWN_USER UNKNOWN_USER AUTH_FAIL UNKNOWN_USER AUTH_FAIL UNKNOWN_USER UNKNOWN_USER AUTH_FAIL AUTH_FAIL UNKNOWN_USER AUTH_FAIL UNKNOWN_USER AUTH_FAIL UNKNOWN_USER AUTH_FAIL,T1110,Brute Force,credential-access,,Window contains 10 authentication failures and 10 unknown-user events. Mapped from Linux semantic token.
1400,1,1,True Positive,ROOT_AUTH_FAIL ROOT_AUTH_FAIL ROOT_AUTH_FAIL ROOT_AUTH_FAIL ROOT_AUTH_FAIL ROOT_AUTH_FAIL ROOT_AUTH_FAIL ROOT_AUTH_FAIL ROOT_AUTH_FAIL ROOT_AUTH_FAIL,T1110; T1078,Brute Force; Valid Accounts,credential-access; defense-evasion; initial-access; persistence; privilege-escalation,Logon Session; User Account,Window contains 10 authentication failures and 0 unknown-user events. Mapped from Linux semantic token. | Root account authentication activity was observed. Mapped from Linux semantic token.
1401,1,1,True Positive,ROOT_AUTH_FAIL ROOT_AUTH_FAIL ROOT_AUTH_FAIL ROOT_AUTH_FAIL ROOT_AUTH_FAIL ROOT_AUTH_FAIL ROOT_AUTH_FAIL ROOT_AUTH_FAIL ROOT_AUTH_FAIL ROOT_AUTH_FAIL,T1110; T1078,Brute Force; Valid Accounts,credential-access; defense-evasion; initial-access; persistence; privilege-escalation,Logon Session; User Account,Window contains 10 authentication failures and 0 unknown-user events. Mapped from Linux semantic token. | Root account authentication activity was observed. Mapped from Linux semantic token.
1402,1,1,True Positive,EXPLOIT_PAYLOAD_ATTEMPT EXPLOIT_PAYLOAD_ATTEMPT,T1190,Exploit Public-Facing Application,initial-access,,Exploit-like payload was observed in the log sequence. Mapped from Linux semantic token.
1403,1,1,True Positive,EXPLOIT_PAYLOAD_ATTEMPT EXPLOIT_PAYLOAD_ATTEMPT,T1190,Exploit Public-Facing Application,initial-access,,Exploit-like payload was observed in the log sequence. Mapped from Linux semantic token.
1404,1,1,True Positive,AUTH_FAIL UNKNOWN_USER AUTH_FAIL UNKNOWN_USER AUTH_FAIL UNKNOWN_USER AUTH_FAIL AUTH_FAIL UNKNOWN_USER UNKNOWN_USER,T1110,Brute Force,credential-access,,Window contains 5 authentication failures and 5 unknown-user events. Mapped from Linux semantic token.
1405,1,1,True Positive,AUTH_FAIL UNKNOWN_USER AUTH_FAIL UNKNOWN_USER AUTH_FAIL UNKNOWN_USER AUTH_FAIL AUTH_FAIL UNKNOWN_USER UNKNOWN_USER,T1110,Brute Force,credential-access,,Window contains 5 authentication failures and 5 unknown-user events. Mapped from Linux semantic token.
1406,1,1,True Positive,ROOT_AUTH_FAIL ROOT_AUTH_FAIL ROOT_AUTH_FAIL ROOT_AUTH_FAIL,T1078; T1110,Valid Accounts; Brute Force,credential-access; defense-evasion; initial-access; persistence; privilege-escalation,Logon Session; User Account,Root account authentication activity was observed. Mapped from Linux semantic token. | Mapped from Linux semantic token.
1407,1,1,True Positive,ROOT_AUTH_FAIL ROOT_AUTH_FAIL ROOT_AUTH_FAIL ROOT_AUTH_FAIL,T1078; T1110,Valid Accounts; Brute Force,credential-access; defense-evasion; initial-access; persistence; privilege-escalation,Logon Session; User Account,Root account authentication activity was observed. Mapped from Linux semantic token. | Mapped from Linux semantic token.
1408,1,1,True Positive,FTP_CONNECTION FTP_CONNECTION FTP_CONNECTION FTP_CONNECTION FTP_CONNECTION FTP_CONNECTION FTP_CONNECTION FTP_CONNECTION FTP_CONNECTION FTP_CONNECTION FTP_CONNECTION FTP_CONNECTION FTP_CONNECTION FTP_CONNECTION FTP_CONNECTION FTP_CONNECTION FTP_CONNECTION FTP_CONNECTION FTP_CONNECTION FTP_CONNECTION FTP_CONNECTION FTP_CONNECTION FTP_CONNECTION,T1133,External Remote Services,initial-access; persistence,,Window contains 23 FTP connection events. Mapped from Linux semantic token.
1409,1,1,True Positive,FTP_CONNECTION FTP_CONNECTION FTP_CONNECTION FTP_CONNECTION FTP_CONNECTION FTP_CONNECTION FTP_CONNECTION FTP_CONNECTION FTP_CONNECTION FTP_CONNECTION FTP_CONNECTION FTP_CONNECTION FTP_CONNECTION FTP_CONNECTION FTP_CONNECTION FTP_CONNECTION FTP_CONNECTION FTP_CONNECTION FTP_CONNECTION FTP_CONNECTION FTP_CONNECTION FTP_CONNECTION FTP_CONNECTION,T1133,External Remote Services,initial-access; persistence,,Window contains 23 FTP connection events. Mapped from Linux semantic token.
1410,1,1,True Positive,ROOT_AUTH_FAIL ROOT_AUTH_FAIL,T1078; T1110,Valid Accounts; Brute Force,credential-access; defense-evasion; initial-access; persistence; privilege-escalation,Logon Session; User Account,Root account authentication activity was observed. Mapped from Linux semantic token. | Mapped from Linux semantic token.
1411,1,1,True Positive,ROOT_AUTH_FAIL ROOT_AUTH_FAIL,T1078; T1110,Valid Accounts; Brute Force,credential-access; defense-evasion; initial-access; persistence; privilege-escalation,Logon Session; User Account,Root account authentication activity was observed. Mapped from Linux semantic token. | Mapped from Linux semantic token.
1412,1,1,True Positive,FTP_CONNECTION FTP_CONNECTION FTP_CONNECTION FTP_CONNECTION FTP_CONNECTION FTP_CONNECTION FTP_CONNECTION FTP_CONNECTION FTP_CONNECTION FTP_CONNECTION FTP_CONNECTION FTP_CONNECTION FTP_CONNECTION FTP_CONNECTION FTP_CONNECTION FTP_CONNECTION FTP_CONNECTION FTP_CONNECTION FTP_CONNECTION FTP_CONNECTION FTP_CONNECTION FTP_CONNECTION FTP_CONNECTION,T1133,External Remote Services,initial-access; persistence,,Window contains 23 FTP connection events. Mapped from Linux semantic token.
1413,1,1,True Positive,FTP_CONNECTION FTP_CONNECTION FTP_CONNECTION FTP_CONNECTION FTP_CONNECTION FTP_CONNECTION FTP_CONNECTION FTP_CONNECTION FTP_CONNECTION FTP_CONNECTION FTP_CONNECTION FTP_CONNECTION FTP_CONNECTION FTP_CONNECTION FTP_CONNECTION FTP_CONNECTION FTP_CONNECTION FTP_CONNECTION FTP_CONNECTION FTP_CONNECTION FTP_CONNECTION FTP_CONNECTION FTP_CONNECTION,T1133,External Remote Services,initial-access; persistence,,Window contains 23 FTP connection events. Mapped from Linux semantic token.
1414,1,1,True Positive,FTP_CONNECTION FTP_CONNECTION FTP_CONNECTION FTP_CONNECTION FTP_CONNECTION FTP_CONNECTION FTP_CONNECTION FTP_CONNECTION FTP_CONNECTION FTP_CONNECTION FTP_CONNECTION FTP_CONNECTION FTP_CONNECTION FTP_CONNECTION FTP_CONNECTION FTP_CONNECTION FTP_CONNECTION FTP_CONNECTION FTP_CONNECTION FTP_CONNECTION FTP_CONNECTION FTP_CONNECTION FTP_CONNECTION,T1133,External Remote Services,initial-access; persistence,,Window contains 23 FTP connection events. Mapped from Linux semantic token.
1415,1,1,True Positive,FTP_CONNECTION FTP_CONNECTION FTP_CONNECTION FTP_CONNECTION FTP_CONNECTION FTP_CONNECTION FTP_CONNECTION FTP_CONNECTION FTP_CONNECTION FTP_CONNECTION FTP_CONNECTION FTP_CONNECTION FTP_CONNECTION FTP_CONNECTION FTP_CONNECTION FTP_CONNECTION FTP_CONNECTION FTP_CONNECTION FTP_CONNECTION FTP_CONNECTION FTP_CONNECTION FTP_CONNECTION FTP_CONNECTION,T1133,External Remote Services,initial-access; persistence,,Window contains 23 FTP connection events. Mapped from Linux semantic token.
1416,1,1,True Positive,ROOT_AUTH_FAIL ROOT_AUTH_FAIL ROOT_AUTH_FAIL ROOT_AUTH_FAIL ROOT_AUTH_FAIL ROOT_AUTH_FAIL ROOT_AUTH_FAIL ROOT_AUTH_FAIL ROOT_AUTH_FAIL ROOT_AUTH_FAIL,T1110; T1078,Brute Force; Valid Accounts,credential-access; defense-evasion; initial-access; persistence; privilege-escalation,Logon Session; User Account,Window contains 10 authentication failures and 0 unknown-user events. Mapped from Linux semantic token. | Root account authentication activity was observed. Mapped from Linux semantic token.
1417,1,1,True Positive,ROOT_AUTH_FAIL ROOT_AUTH_FAIL ROOT_AUTH_FAIL ROOT_AUTH_FAIL ROOT_AUTH_FAIL ROOT_AUTH_FAIL ROOT_AUTH_FAIL ROOT_AUTH_FAIL ROOT_AUTH_FAIL ROOT_AUTH_FAIL,T1110; T1078,Brute Force; Valid Accounts,credential-access; defense-evasion; initial-access; persistence; privilege-escalation,Logon Session; User Account,Window contains 10 authentication failures and 0 unknown-user events. Mapped from Linux semantic token. | Root account authentication activity was observed. Mapped from Linux semantic token.
1418,1,1,True Positive,FTP_CONNECTION FTP_CONNECTION FTP_CONNECTION FTP_CONNECTION FTP_CONNECTION FTP_CONNECTION FTP_CONNECTION FTP_CONNECTION FTP_CONNECTION FTP_CONNECTION FTP_CONNECTION FTP_CONNECTION FTP_CONNECTION FTP_CONNECTION FTP_CONNECTION FTP_CONNECTION FTP_CONNECTION FTP_CONNECTION FTP_CONNECTION FTP_CONNECTION FTP_CONNECTION FTP_CONNECTION FTP_CONNECTION EVENT_cedf9d0b EVENT_cedf9d0b,T1133,External Remote Services,initial-access; persistence,,Window contains 23 FTP connection events. Mapped from Linux semantic token.
1419,1,1,True Positive,FTP_CONNECTION FTP_CONNECTION FTP_CONNECTION FTP_CONNECTION FTP_CONNECTION FTP_CONNECTION FTP_CONNECTION FTP_CONNECTION FTP_CONNECTION FTP_CONNECTION FTP_CONNECTION FTP_CONNECTION FTP_CONNECTION FTP_CONNECTION FTP_CONNECTION FTP_CONNECTION FTP_CONNECTION FTP_CONNECTION FTP_CONNECTION FTP_CONNECTION FTP_CONNECTION FTP_CONNECTION FTP_CONNECTION EVENT_cedf9d0b EVENT_cedf9d0b,T1133,External Remote Services,initial-access; persistence,,Window contains 23 FTP connection events. Mapped from Linux semantic token.
1420,1,1,True Positive,ROOT_AUTH_FAIL ROOT_AUTH_FAIL ROOT_AUTH_FAIL ROOT_AUTH_FAIL ROOT_AUTH_FAIL,T1110; T1078,Brute Force; Valid Accounts,credential-access; defense-evasion; initial-access; persistence; privilege-escalation,Logon Session; User Account,Window contains 5 authentication failures and 0 unknown-user events. Mapped from Linux semantic token. | Root account authentication activity was observed. Mapped from Linux semantic token.
1421,1,1,True Positive,ROOT_AUTH_FAIL ROOT_AUTH_FAIL ROOT_AUTH_FAIL ROOT_AUTH_FAIL ROOT_AUTH_FAIL,T1110; T1078,Brute Force; Valid Accounts,credential-access; defense-evasion; initial-access; persistence; privilege-escalation,Logon Session; User Account,Window contains 5 authentication failures and 0 unknown-user events. Mapped from Linux semantic token. | Root account authentication activity was observed. Mapped from Linux semantic token.
1422,1,1,True Positive,FTP_CONNECTION FTP_CONNECTION FTP_CONNECTION FTP_CONNECTION FTP_CONNECTION FTP_CONNECTION FTP_CONNECTION FTP_CONNECTION FTP_CONNECTION FTP_CONNECTION FTP_CONNECTION FTP_CONNECTION FTP_CONNECTION FTP_CONNECTION FTP_CONNECTION FTP_CONNECTION FTP_CONNECTION FTP_CONNECTION FTP_CONNECTION,T1133,External Remote Services,initial-access; persistence,,Window contains 19 FTP connection events. Mapped from Linux semantic token.
1423,1,1,True Positive,FTP_CONNECTION FTP_CONNECTION FTP_CONNECTION FTP_CONNECTION FTP_CONNECTION FTP_CONNECTION FTP_CONNECTION FTP_CONNECTION FTP_CONNECTION FTP_CONNECTION FTP_CONNECTION FTP_CONNECTION FTP_CONNECTION FTP_CONNECTION FTP_CONNECTION FTP_CONNECTION FTP_CONNECTION FTP_CONNECTION FTP_CONNECTION,T1133,External Remote Services,initial-access; persistence,,Window contains 19 FTP connection events. Mapped from Linux semantic token.
1424,1,1,True Positive,FTP_CONNECTION FTP_CONNECTION FTP_CONNECTION FTP_CONNECTION FTP_CONNECTION FTP_CONNECTION FTP_CONNECTION FTP_CONNECTION FTP_CONNECTION FTP_CONNECTION FTP_CONNECTION FTP_CONNECTION FTP_CONNECTION FTP_CONNECTION FTP_CONNECTION FTP_CONNECTION FTP_CONNECTION FTP_CONNECTION FTP_CONNECTION FTP_CONNECTION FTP_CONNECTION FTP_CONNECTION FTP_CONNECTION,T1133,External Remote Services,initial-access; persistence,,Window contains 23 FTP connection events. Mapped from Linux semantic token.
1425,1,1,True Positive,FTP_CONNECTION FTP_CONNECTION FTP_CONNECTION FTP_CONNECTION FTP_CONNECTION FTP_CONNECTION FTP_CONNECTION FTP_CONNECTION FTP_CONNECTION FTP_CONNECTION FTP_CONNECTION FTP_CONNECTION FTP_CONNECTION FTP_CONNECTION FTP_CONNECTION FTP_CONNECTION FTP_CONNECTION FTP_CONNECTION FTP_CONNECTION FTP_CONNECTION FTP_CONNECTION FTP_CONNECTION FTP_CONNECTION,T1133,External Remote Services,initial-access; persistence,,Window contains 23 FTP connection events. Mapped from Linux semantic token.
1426,1,1,True Positive,FTP_CONNECTION FTP_CONNECTION FTP_CONNECTION FTP_CONNECTION FTP_CONNECTION FTP_CONNECTION FTP_CONNECTION FTP_CONNECTION FTP_CONNECTION FTP_CONNECTION FTP_CONNECTION FTP_CONNECTION FTP_CONNECTION FTP_CONNECTION FTP_CONNECTION FTP_CONNECTION FTP_CONNECTION FTP_CONNECTION FTP_CONNECTION,T1133,External Remote Services,initial-access; persistence,,Window contains 19 FTP connection events. Mapped from Linux semantic token.
1427,1,1,True Positive,FTP_CONNECTION FTP_CONNECTION FTP_CONNECTION FTP_CONNECTION FTP_CONNECTION FTP_CONNECTION FTP_CONNECTION FTP_CONNECTION FTP_CONNECTION FTP_CONNECTION FTP_CONNECTION FTP_CONNECTION FTP_CONNECTION FTP_CONNECTION FTP_CONNECTION FTP_CONNECTION FTP_CONNECTION FTP_CONNECTION FTP_CONNECTION,T1133,External Remote Services,initial-access; persistence,,Window contains 19 FTP connection events. Mapped from Linux semantic token.
1428,1,1,True Positive,FTP_CONNECTION FTP_CONNECTION FTP_CONNECTION FTP_CONNECTION FTP_CONNECTION FTP_CONNECTION FTP_CONNECTION FTP_CONNECTION FTP_CONNECTION FTP_CONNECTION FTP_CONNECTION FTP_CONNECTION FTP_CONNECTION FTP_CONNECTION FTP_CONNECTION FTP_CONNECTION FTP_CONNECTION FTP_CONNECTION FTP_CONNECTION FTP_CONNECTION FTP_CONNECTION FTP_CONNECTION FTP_CONNECTION,T1133,External Remote Services,initial-access; persistence,,Window contains 23 FTP connection events. Mapped from Linux semantic token.
1429,1,1,True Positive,FTP_CONNECTION FTP_CONNECTION FTP_CONNECTION FTP_CONNECTION FTP_CONNECTION FTP_CONNECTION FTP_CONNECTION FTP_CONNECTION FTP_CONNECTION FTP_CONNECTION FTP_CONNECTION FTP_CONNECTION FTP_CONNECTION FTP_CONNECTION FTP_CONNECTION FTP_CONNECTION FTP_CONNECTION FTP_CONNECTION FTP_CONNECTION FTP_CONNECTION FTP_CONNECTION FTP_CONNECTION FTP_CONNECTION,T1133,External Remote Services,initial-access; persistence,,Window contains 23 FTP connection events. Mapped from Linux semantic token.
1430,1,1,True Positive,ROOT_AUTH_FAIL ROOT_AUTH_FAIL,T1078; T1110,Valid Accounts; Brute Force,credential-access; defense-evasion; initial-access; persistence; privilege-escalation,Logon Session; User Account,Root account authentication activity was observed. Mapped from Linux semantic token. | Mapped from Linux semantic token.
1431,1,1,True Positive,ROOT_AUTH_FAIL ROOT_AUTH_FAIL ROOT_AUTH_FAIL ROOT_AUTH_FAIL ROOT_AUTH_FAIL ROOT_AUTH_FAIL ROOT_AUTH_FAIL ROOT_AUTH_FAIL,T1110; T1078,Brute Force; Valid Accounts,credential-access; defense-evasion; initial-access; persistence; privilege-escalation,Logon Session; User Account,Window contains 8 authentication failures and 0 unknown-user events. Mapped from Linux semantic token. | Root account authentication activity was observed. Mapped from Linux semantic token.
1432,1,1,True Positive,ROOT_AUTH_FAIL ROOT_AUTH_FAIL ROOT_AUTH_FAIL ROOT_AUTH_FAIL ROOT_AUTH_FAIL ROOT_AUTH_FAIL ROOT_AUTH_FAIL ROOT_AUTH_FAIL ROOT_AUTH_FAIL ROOT_AUTH_FAIL ROOT_AUTH_FAIL ROOT_AUTH_FAIL ROOT_AUTH_FAIL,T1110; T1078,Brute Force; Valid Accounts,credential-access; defense-evasion; initial-access; persistence; privilege-escalation,Logon Session; User Account,Window contains 13 authentication failures and 0 unknown-user events. Mapped from Linux semantic token. | Root account authentication activity was observed. Mapped from Linux semantic token.
1433,1,1,True Positive,ROOT_AUTH_FAIL ROOT_AUTH_FAIL ROOT_AUTH_FAIL ROOT_AUTH_FAIL ROOT_AUTH_FAIL ROOT_AUTH_FAIL ROOT_AUTH_FAIL ROOT_AUTH_FAIL ROOT_AUTH_FAIL ROOT_AUTH_FAIL ROOT_AUTH_FAIL ROOT_AUTH_FAIL ROOT_AUTH_FAIL ROOT_AUTH_FAIL,T1110; T1078,Brute Force; Valid Accounts,credential-access; defense-evasion; initial-access; persistence; privilege-escalation,Logon Session; User Account,Window contains 14 authentication failures and 0 unknown-user events. Mapped from Linux semantic token. | Root account authentication activity was observed. Mapped from Linux semantic token.
1434,1,1,True Positive,ROOT_AUTH_FAIL ROOT_AUTH_FAIL ROOT_AUTH_FAIL ROOT_AUTH_FAIL ROOT_AUTH_FAIL ROOT_AUTH_FAIL ROOT_AUTH_FAIL ROOT_AUTH_FAIL ROOT_AUTH_FAIL ROOT_AUTH_FAIL,T1110; T1078,Brute Force; Valid Accounts,credential-access; defense-evasion; initial-access; persistence; privilege-escalation,Logon Session; User Account,Window contains 10 authentication failures and 0 unknown-user events. Mapped from Linux semantic token. | Root account authentication activity was observed. Mapped from Linux semantic token.
1435,1,1,True Positive,ROOT_AUTH_FAIL ROOT_AUTH_FAIL ROOT_AUTH_FAIL,T1078; T1110,Valid Accounts; Brute Force,credential-access; defense-evasion; initial-access; persistence; privilege-escalation,Logon Session; User Account,Root account authentication activity was observed. Mapped from Linux semantic token. | Mapped from Linux semantic token.
1436,1,1,True Positive,ROOT_AUTH_FAIL ROOT_AUTH_FAIL ROOT_AUTH_FAIL ROOT_AUTH_FAIL ROOT_AUTH_FAIL ROOT_AUTH_FAIL ROOT_AUTH_FAIL ROOT_AUTH_FAIL ROOT_AUTH_FAIL ROOT_AUTH_FAIL,T1110; T1078,Brute Force; Valid Accounts,credential-access; defense-evasion; initial-access; persistence; privilege-escalation,Logon Session; User Account,Window contains 10 authentication failures and 0 unknown-user events. Mapped from Linux semantic token. | Root account authentication activity was observed. Mapped from Linux semantic token.
1437,1,1,True Positive,ROOT_AUTH_FAIL ROOT_AUTH_FAIL ROOT_AUTH_FAIL ROOT_AUTH_FAIL ROOT_AUTH_FAIL ROOT_AUTH_FAIL ROOT_AUTH_FAIL ROOT_AUTH_FAIL ROOT_AUTH_FAIL ROOT_AUTH_FAIL,T1110; T1078,Brute Force; Valid Accounts,credential-access; defense-evasion; initial-access; persistence; privilege-escalation,Logon Session; User Account,Window contains 10 authentication failures and 0 unknown-user events. Mapped from Linux semantic token. | Root account authentication activity was observed. Mapped from Linux semantic token.
1438,1,1,True Positive,FTP_CONNECTION FTP_CONNECTION FTP_CONNECTION FTP_CONNECTION FTP_CONNECTION FTP_CONNECTION FTP_CONNECTION FTP_CONNECTION FTP_CONNECTION FTP_CONNECTION FTP_CONNECTION FTP_CONNECTION FTP_CONNECTION FTP_CONNECTION FTP_CONNECTION FTP_CONNECTION FTP_CONNECTION FTP_CONNECTION FTP_CONNECTION FTP_CONNECTION FTP_CONNECTION,T1133,External Remote Services,initial-access; persistence,,Window contains 21 FTP connection events. Mapped from Linux semantic token.
1439,1,1,True Positive,FTP_CONNECTION FTP_CONNECTION FTP_CONNECTION FTP_CONNECTION FTP_CONNECTION FTP_CONNECTION FTP_CONNECTION FTP_CONNECTION FTP_CONNECTION FTP_CONNECTION FTP_CONNECTION FTP_CONNECTION FTP_CONNECTION FTP_CONNECTION FTP_CONNECTION FTP_CONNECTION FTP_CONNECTION FTP_CONNECTION FTP_CONNECTION FTP_CONNECTION FTP_CONNECTION,T1133,External Remote Services,initial-access; persistence,,Window contains 21 FTP connection events. Mapped from Linux semantic token.
1440,1,1,True Positive,AUTH_FAIL UNKNOWN_USER AUTH_FAIL UNKNOWN_USER UNKNOWN_USER AUTH_FAIL UNKNOWN_USER AUTH_FAIL UNKNOWN_USER AUTH_FAIL UNKNOWN_USER AUTH_FAIL UNKNOWN_USER AUTH_FAIL UNKNOWN_USER AUTH_FAIL AUTH_FAIL UNKNOWN_USER UNKNOWN_USER AUTH_FAIL UNKNOWN_USER AUTH_FAIL UNKNOWN_USER AUTH_FAIL UNKNOWN_USER AUTH_FAIL UNKNOWN_USER AUTH_FAIL UNKNOWN_USER AUTH_FAIL UNKNOWN_USER AUTH_FAIL,T1110,Brute Force,credential-access,,Window contains 16 authentication failures and 16 unknown-user events. Mapped from Linux semantic token.
1441,1,1,True Positive,AUTH_FAIL UNKNOWN_USER AUTH_FAIL UNKNOWN_USER UNKNOWN_USER AUTH_FAIL UNKNOWN_USER AUTH_FAIL UNKNOWN_USER AUTH_FAIL UNKNOWN_USER AUTH_FAIL UNKNOWN_USER AUTH_FAIL UNKNOWN_USER AUTH_FAIL AUTH_FAIL UNKNOWN_USER UNKNOWN_USER AUTH_FAIL UNKNOWN_USER AUTH_FAIL UNKNOWN_USER AUTH_FAIL UNKNOWN_USER AUTH_FAIL UNKNOWN_USER AUTH_FAIL UNKNOWN_USER AUTH_FAIL UNKNOWN_USER AUTH_FAIL,T1110,Brute Force,credential-access,,Window contains 16 authentication failures and 16 unknown-user events. Mapped from Linux semantic token.
1442,1,1,True Positive,UNKNOWN_USER AUTH_FAIL UNKNOWN_USER AUTH_FAIL AUTH_FAIL UNKNOWN_USER AUTH_FAIL UNKNOWN_USER UNKNOWN_USER AUTH_FAIL UNKNOWN_USER AUTH_FAIL AUTH_FAIL UNKNOWN_USER UNKNOWN_USER AUTH_FAIL UNKNOWN_USER AUTH_FAIL UNKNOWN_USER AUTH_FAIL UNKNOWN_USER AUTH_FAIL,T1110,Brute Force,credential-access,,Window contains 11 authentication failures and 11 unknown-user events. Mapped from Linux semantic token.
1443,1,1,True Positive,UNKNOWN_USER AUTH_FAIL UNKNOWN_USER AUTH_FAIL AUTH_FAIL UNKNOWN_USER AUTH_FAIL UNKNOWN_USER UNKNOWN_USER AUTH_FAIL UNKNOWN_USER AUTH_FAIL AUTH_FAIL UNKNOWN_USER UNKNOWN_USER AUTH_FAIL UNKNOWN_USER AUTH_FAIL UNKNOWN_USER AUTH_FAIL UNKNOWN_USER AUTH_FAIL,T1110,Brute Force,credential-access,,Window contains 11 authentication failures and 11 unknown-user events. Mapped from Linux semantic token.
1444,1,1,True Positive,UNKNOWN_USER AUTH_FAIL AUTH_FAIL UNKNOWN_USER AUTH_FAIL UNKNOWN_USER AUTH_FAIL UNKNOWN_USER UNKNOWN_USER AUTH_FAIL,T1110,Brute Force,credential-access,,Window contains 5 authentication failures and 5 unknown-user events. Mapped from Linux semantic token.
1445,1,1,True Positive,AUTH_FAIL UNKNOWN_USER AUTH_FAIL UNKNOWN_USER AUTH_FAIL UNKNOWN_USER UNKNOWN_USER AUTH_FAIL,T1110,Brute Force,credential-access,,Window contains 4 authentication failures and 4 unknown-user events. Mapped from Linux semantic token.
1446,1,1,True Positive,FTP_CONNECTION FTP_CONNECTION FTP_CONNECTION FTP_CONNECTION FTP_CONNECTION FTP_CONNECTION FTP_CONNECTION FTP_CONNECTION FTP_CONNECTION FTP_CONNECTION FTP_CONNECTION FTP_CONNECTION FTP_CONNECTION FTP_CONNECTION FTP_CONNECTION FTP_CONNECTION FTP_CONNECTION FTP_CONNECTION FTP_CONNECTION,T1133,External Remote Services,initial-access; persistence,,Window contains 19 FTP connection events. Mapped from Linux semantic token.
1447,1,1,True Positive,FTP_CONNECTION FTP_CONNECTION FTP_CONNECTION FTP_CONNECTION FTP_CONNECTION FTP_CONNECTION FTP_CONNECTION FTP_CONNECTION FTP_CONNECTION FTP_CONNECTION FTP_CONNECTION FTP_CONNECTION FTP_CONNECTION FTP_CONNECTION FTP_CONNECTION FTP_CONNECTION FTP_CONNECTION FTP_CONNECTION FTP_CONNECTION FTP_CONNECTION FTP_CONNECTION FTP_CONNECTION,T1133,External Remote Services,initial-access; persistence,,Window contains 22 FTP connection events. Mapped from Linux semantic token.
1448,1,1,True Positive,AUTH_FAIL UNKNOWN_USER AUTH_FAIL AUTH_FAIL AUTH_FAIL AUTH_FAIL UNKNOWN_USER UNKNOWN_USER UNKNOWN_USER UNKNOWN_USER UNKNOWN_USER AUTH_FAIL UNKNOWN_USER AUTH_FAIL UNKNOWN_USER AUTH_FAIL UNKNOWN_USER AUTH_FAIL UNKNOWN_USER AUTH_FAIL,T1110,Brute Force,credential-access,,Window contains 10 authentication failures and 10 unknown-user events. Mapped from Linux semantic token.
1449,1,1,True Positive,AUTH_FAIL UNKNOWN_USER AUTH_FAIL AUTH_FAIL AUTH_FAIL AUTH_FAIL UNKNOWN_USER UNKNOWN_USER UNKNOWN_USER UNKNOWN_USER UNKNOWN_USER AUTH_FAIL UNKNOWN_USER AUTH_FAIL UNKNOWN_USER AUTH_FAIL UNKNOWN_USER AUTH_FAIL UNKNOWN_USER AUTH_FAIL,T1110,Brute Force,credential-access,,Window contains 10 authentication failures and 10 unknown-user events. Mapped from Linux semantic token.
1450,1,1,True Positive,ROOT_AUTH_FAIL ROOT_AUTH_FAIL,T1078; T1110,Valid Accounts; Brute Force,credential-access; defense-evasion; initial-access; persistence; privilege-escalation,Logon Session; User Account,Root account authentication activity was observed. Mapped from Linux semantic token. | Mapped from Linux semantic token.
1451,1,1,True Positive,FTP_CONNECTION FTP_CONNECTION FTP_CONNECTION FTP_CONNECTION FTP_CONNECTION FTP_CONNECTION FTP_CONNECTION FTP_CONNECTION FTP_CONNECTION FTP_CONNECTION FTP_CONNECTION FTP_CONNECTION FTP_CONNECTION FTP_CONNECTION FTP_CONNECTION FTP_CONNECTION FTP_CONNECTION FTP_CONNECTION FTP_CONNECTION,T1133,External Remote Services,initial-access; persistence,,Window contains 19 FTP connection events. Mapped from Linux semantic token.
1452,1,1,True Positive,FTP_CONNECTION FTP_CONNECTION FTP_CONNECTION FTP_CONNECTION FTP_CONNECTION FTP_CONNECTION FTP_CONNECTION FTP_CONNECTION FTP_CONNECTION FTP_CONNECTION FTP_CONNECTION FTP_CONNECTION FTP_CONNECTION FTP_CONNECTION FTP_CONNECTION FTP_CONNECTION FTP_CONNECTION FTP_CONNECTION FTP_CONNECTION,T1133,External Remote Services,initial-access; persistence,,Window contains 19 FTP connection events. Mapped from Linux semantic token.
1453,1,1,True Positive,FTP_CONNECTION FTP_CONNECTION FTP_CONNECTION FTP_CONNECTION FTP_CONNECTION FTP_CONNECTION FTP_CONNECTION FTP_CONNECTION FTP_CONNECTION FTP_CONNECTION FTP_CONNECTION FTP_CONNECTION FTP_CONNECTION FTP_CONNECTION FTP_CONNECTION FTP_CONNECTION FTP_CONNECTION FTP_CONNECTION FTP_CONNECTION FTP_CONNECTION FTP_CONNECTION FTP_CONNECTION FTP_CONNECTION,T1133,External Remote Services,initial-access; persistence,,Window contains 23 FTP connection events. Mapped from Linux semantic token.
1454,1,1,True Positive,FTP_CONNECTION FTP_CONNECTION FTP_CONNECTION FTP_CONNECTION FTP_CONNECTION FTP_CONNECTION FTP_CONNECTION FTP_CONNECTION FTP_CONNECTION FTP_CONNECTION FTP_CONNECTION FTP_CONNECTION FTP_CONNECTION FTP_CONNECTION FTP_CONNECTION FTP_CONNECTION FTP_CONNECTION FTP_CONNECTION FTP_CONNECTION FTP_CONNECTION FTP_CONNECTION FTP_CONNECTION FTP_CONNECTION,T1133,External Remote Services,initial-access; persistence,,Window contains 23 FTP connection events. Mapped from Linux semantic token.
1455,1,1,True Positive,ROOT_AUTH_FAIL ROOT_AUTH_FAIL ROOT_AUTH_FAIL ROOT_AUTH_FAIL ROOT_AUTH_FAIL ROOT_AUTH_FAIL ROOT_AUTH_FAIL ROOT_AUTH_FAIL,T1110; T1078,Brute Force; Valid Accounts,credential-access; defense-evasion; initial-access; persistence; privilege-escalation,Logon Session; User Account,Window contains 8 authentication failures and 0 unknown-user events. Mapped from Linux semantic token. | Root account authentication activity was observed. Mapped from Linux semantic token.
1456,1,1,True Positive,ROOT_AUTH_FAIL ROOT_AUTH_FAIL ROOT_AUTH_FAIL ROOT_AUTH_FAIL ROOT_AUTH_FAIL ROOT_AUTH_FAIL ROOT_AUTH_FAIL ROOT_AUTH_FAIL ROOT_AUTH_FAIL ROOT_AUTH_FAIL,T1110; T1078,Brute Force; Valid Accounts,credential-access; defense-evasion; initial-access; persistence; privilege-escalation,Logon Session; User Account,Window contains 10 authentication failures and 0 unknown-user events. Mapped from Linux semantic token. | Root account authentication activity was observed. Mapped from Linux semantic token.
1457,1,1,True Positive,ROOT_AUTH_FAIL ROOT_AUTH_FAIL ROOT_AUTH_FAIL ROOT_AUTH_FAIL,T1078; T1110,Valid Accounts; Brute Force,credential-access; defense-evasion; initial-access; persistence; privilege-escalation,Logon Session; User Account,Root account authentication activity was observed. Mapped from Linux semantic token. | Mapped from Linux semantic token.
1458,1,1,True Positive,ROOT_AUTH_FAIL SSHD_EVENT SSHD_EVENT ROOT_AUTH_FAIL SSHD_EVENT SSHD_EVENT,T1078; T1110,Valid Accounts; Brute Force,credential-access; defense-evasion; initial-access; persistence; privilege-escalation,Logon Session; User Account,Root account authentication activity was observed. Mapped from Linux semantic token. | Mapped from Linux semantic token.
1459,1,1,True Positive,ROOT_AUTH_FAIL SSHD_EVENT SSHD_EVENT ROOT_AUTH_FAIL SSHD_EVENT SSHD_EVENT,T1078; T1110,Valid Accounts; Brute Force,credential-access; defense-evasion; initial-access; persistence; privilege-escalation,Logon Session; User Account,Root account authentication activity was observed. Mapped from Linux semantic token. | Mapped from Linux semantic token.
1460,1,1,True Positive,ROOT_AUTH_FAIL SSHD_EVENT SSHD_EVENT ROOT_AUTH_FAIL ROOT_AUTH_FAIL SSHD_EVENT SSHD_EVENT SSHD_EVENT SSHD_EVENT,T1078; T1110,Valid Accounts; Brute Force,credential-access; defense-evasion; initial-access; persistence; privilege-escalation,Logon Session; User Account,Root account authentication activity was observed. Mapped from Linux semantic token. | Mapped from Linux semantic token.
1461,1,1,True Positive,ROOT_AUTH_FAIL ROOT_AUTH_FAIL SSHD_EVENT SSHD_EVENT SSHD_EVENT SSHD_EVENT ROOT_AUTH_FAIL ROOT_AUTH_FAIL SSHD_EVENT SSHD_EVENT SSHD_EVENT SSHD_EVENT,T1078; T1110,Valid Accounts; Brute Force,credential-access; defense-evasion; initial-access; persistence; privilege-escalation,Logon Session; User Account,Root account authentication activity was observed. Mapped from Linux semantic token. | Mapped from Linux semantic token.
1462,1,1,True Positive,ROOT_AUTH_FAIL ROOT_AUTH_FAIL SSHD_EVENT SSHD_EVENT SSHD_EVENT SSHD_EVENT ROOT_AUTH_FAIL ROOT_AUTH_FAIL SSHD_EVENT SSHD_EVENT SSHD_EVENT SSHD_EVENT,T1078; T1110,Valid Accounts; Brute Force,credential-access; defense-evasion; initial-access; persistence; privilege-escalation,Logon Session; User Account,Root account authentication activity was observed. Mapped from Linux semantic token. | Mapped from Linux semantic token.
1463,1,1,True Positive,ROOT_AUTH_FAIL ROOT_AUTH_FAIL SSHD_EVENT SSHD_EVENT SSHD_EVENT SSHD_EVENT ROOT_AUTH_FAIL ROOT_AUTH_FAIL SSHD_EVENT SSHD_EVENT SSHD_EVENT SSHD_EVENT,T1078; T1110,Valid Accounts; Brute Force,credential-access; defense-evasion; initial-access; persistence; privilege-escalation,Logon Session; User Account,Root account authentication activity was observed. Mapped from Linux semantic token. | Mapped from Linux semantic token.
1464,1,1,True Positive,ROOT_AUTH_FAIL ROOT_AUTH_FAIL SSHD_EVENT SSHD_EVENT SSHD_EVENT SSHD_EVENT,T1078; T1110,Valid Accounts; Brute Force,credential-access; defense-evasion; initial-access; persistence; privilege-escalation,Logon Session; User Account,Root account authentication activity was observed. Mapped from Linux semantic token. | Mapped from Linux semantic token.
1465,1,1,True Positive,FTP_CONNECTION FTP_CONNECTION FTP_CONNECTION FTP_CONNECTION FTP_CONNECTION FTP_CONNECTION FTP_CONNECTION FTP_CONNECTION FTP_CONNECTION FTP_CONNECTION FTP_CONNECTION FTP_CONNECTION FTP_CONNECTION FTP_CONNECTION FTP_CONNECTION FTP_CONNECTION FTP_CONNECTION FTP_CONNECTION FTP_CONNECTION FTP_CONNECTION FTP_CONNECTION FTP_CONNECTION FTP_CONNECTION,T1133,External Remote Services,initial-access; persistence,,Window contains 23 FTP connection events. Mapped from Linux semantic token.
1466,1,1,True Positive,FTP_CONNECTION FTP_CONNECTION FTP_CONNECTION FTP_CONNECTION FTP_CONNECTION FTP_CONNECTION FTP_CONNECTION FTP_CONNECTION FTP_CONNECTION FTP_CONNECTION FTP_CONNECTION FTP_CONNECTION FTP_CONNECTION FTP_CONNECTION FTP_CONNECTION FTP_CONNECTION FTP_CONNECTION FTP_CONNECTION FTP_CONNECTION FTP_CONNECTION FTP_CONNECTION FTP_CONNECTION FTP_CONNECTION,T1133,External Remote Services,initial-access; persistence,,Window contains 23 FTP connection events. Mapped from Linux semantic token.
1467,1,1,True Positive,ROOT_AUTH_FAIL ROOT_AUTH_FAIL ROOT_AUTH_FAIL,T1078; T1110,Valid Accounts; Brute Force,credential-access; defense-evasion; initial-access; persistence; privilege-escalation,Logon Session; User Account,Root account authentication activity was observed. Mapped from Linux semantic token. | Mapped from Linux semantic token.
1468,1,1,True Positive,ROOT_AUTH_FAIL ROOT_AUTH_FAIL ROOT_AUTH_FAIL ROOT_AUTH_FAIL ROOT_AUTH_FAIL ROOT_AUTH_FAIL,T1110; T1078,Brute Force; Valid Accounts,credential-access; defense-evasion; initial-access; persistence; privilege-escalation,Logon Session; User Account,Window contains 6 authentication failures and 0 unknown-user events. Mapped from Linux semantic token. | Root account authentication activity was observed. Mapped from Linux semantic token.
1469,1,1,True Positive,ROOT_AUTH_FAIL ROOT_AUTH_FAIL ROOT_AUTH_FAIL ROOT_AUTH_FAIL ROOT_AUTH_FAIL ROOT_AUTH_FAIL ROOT_AUTH_FAIL ROOT_AUTH_FAIL,T1110; T1078,Brute Force; Valid Accounts,credential-access; defense-evasion; initial-access; persistence; privilege-escalation,Logon Session; User Account,Window contains 8 authentication failures and 0 unknown-user events. Mapped from Linux semantic token. | Root account authentication activity was observed. Mapped from Linux semantic token.
1470,1,1,True Positive,ROOT_AUTH_FAIL ROOT_AUTH_FAIL ROOT_AUTH_FAIL ROOT_AUTH_FAIL ROOT_AUTH_FAIL ROOT_AUTH_FAIL ROOT_AUTH_FAIL ROOT_AUTH_FAIL ROOT_AUTH_FAIL ROOT_AUTH_FAIL ROOT_AUTH_FAIL,T1110; T1078,Brute Force; Valid Accounts,credential-access; defense-evasion; initial-access; persistence; privilege-escalation,Logon Session; User Account,Window contains 11 authentication failures and 0 unknown-user events. Mapped from Linux semantic token. | Root account authentication activity was observed. Mapped from Linux semantic token.
1471,1,1,True Positive,ROOT_AUTH_FAIL ROOT_AUTH_FAIL ROOT_AUTH_FAIL ROOT_AUTH_FAIL ROOT_AUTH_FAIL ROOT_AUTH_FAIL,T1110; T1078,Brute Force; Valid Accounts,credential-access; defense-evasion; initial-access; persistence; privilege-escalation,Logon Session; User Account,Window contains 6 authentication failures and 0 unknown-user events. Mapped from Linux semantic token. | Root account authentication activity was observed. Mapped from Linux semantic token.
1472,1,1,True Positive,ROOT_AUTH_FAIL EVENT_735263fa UNKNOWN_USER AUTH_FAIL EVENT_735263fa,T1078; T1110,Valid Accounts; Brute Force,credential-access; defense-evasion; initial-access; persistence; privilege-escalation,Logon Session; User Account,Root account authentication activity was observed. Mapped from Linux semantic token. | Mapped from Linux semantic token.
1473,1,1,True Positive,ROOT_AUTH_FAIL EVENT_735263fa UNKNOWN_USER AUTH_FAIL EVENT_735263fa EVENT_735263fa DEVICE_NODE_CREATE DEVICE_NODE_CREATE DEVICE_NODE_REMOVE EVENT_735263fa EVENT_d3fb5e44 DEVICE_NODE_REMOVE DEVICE_NODE_CREATE DEVICE_NODE_REMOVE DEVICE_NODE_REMOVE DEVICE_NODE_CREATE,T1078; T1110,Valid Accounts; Brute Force,credential-access; defense-evasion; initial-access; persistence; privilege-escalation,Logon Session; User Account,Root account authentication activity was observed. Mapped from Linux semantic token. | Mapped from Linux semantic token.
1474,1,1,True Positive,ROOT_AUTH_FAIL ROOT_AUTH_FAIL ROOT_AUTH_FAIL ROOT_AUTH_FAIL ROOT_AUTH_FAIL ROOT_AUTH_FAIL ROOT_AUTH_FAIL ROOT_AUTH_FAIL ROOT_AUTH_FAIL ROOT_AUTH_FAIL,T1110; T1078,Brute Force; Valid Accounts,credential-access; defense-evasion; initial-access; persistence; privilege-escalation,Logon Session; User Account,Window contains 10 authentication failures and 0 unknown-user events. Mapped from Linux semantic token. | Root account authentication activity was observed. Mapped from Linux semantic token.
1475,1,1,True Positive,ROOT_AUTH_FAIL ROOT_AUTH_FAIL ROOT_AUTH_FAIL ROOT_AUTH_FAIL ROOT_AUTH_FAIL ROOT_AUTH_FAIL ROOT_AUTH_FAIL ROOT_AUTH_FAIL ROOT_AUTH_FAIL ROOT_AUTH_FAIL,T1110; T1078,Brute Force; Valid Accounts,credential-access; defense-evasion; initial-access; persistence; privilege-escalation,Logon Session; User Account,Window contains 10 authentication failures and 0 unknown-user events. Mapped from Linux semantic token. | Root account authentication activity was observed. Mapped from Linux semantic token.
1476,1,1,True Positive,FTP_CONNECTION FTP_CONNECTION FTP_CONNECTION FTP_CONNECTION FTP_CONNECTION FTP_CONNECTION FTP_CONNECTION FTP_CONNECTION FTP_CONNECTION FTP_CONNECTION FTP_CONNECTION FTP_CONNECTION FTP_CONNECTION FTP_CONNECTION FTP_CONNECTION FTP_CONNECTION,T1133,External Remote Services,initial-access; persistence,,Window contains 16 FTP connection events. Mapped from Linux semantic token.
1477,1,1,True Positive,FTP_CONNECTION FTP_CONNECTION FTP_CONNECTION FTP_CONNECTION FTP_CONNECTION FTP_CONNECTION FTP_CONNECTION FTP_CONNECTION FTP_CONNECTION FTP_CONNECTION FTP_CONNECTION FTP_CONNECTION FTP_CONNECTION FTP_CONNECTION FTP_CONNECTION FTP_CONNECTION,T1133,External Remote Services,initial-access; persistence,,Window contains 16 FTP connection events. Mapped from Linux semantic token.
1478,1,1,True Positive,FTP_CONNECTION FTP_CONNECTION FTP_CONNECTION FTP_CONNECTION FTP_CONNECTION FTP_CONNECTION FTP_CONNECTION FTP_CONNECTION FTP_CONNECTION FTP_CONNECTION FTP_CONNECTION FTP_CONNECTION FTP_CONNECTION FTP_CONNECTION FTP_CONNECTION FTP_CONNECTION FTP_CONNECTION FTP_CONNECTION FTP_CONNECTION FTP_CONNECTION FTP_CONNECTION FTP_CONNECTION FTP_CONNECTION,T1133,External Remote Services,initial-access; persistence,,Window contains 23 FTP connection events. Mapped from Linux semantic token.
1479,1,1,True Positive,FTP_CONNECTION FTP_CONNECTION FTP_CONNECTION FTP_CONNECTION FTP_CONNECTION FTP_CONNECTION FTP_CONNECTION FTP_CONNECTION FTP_CONNECTION FTP_CONNECTION FTP_CONNECTION FTP_CONNECTION FTP_CONNECTION FTP_CONNECTION FTP_CONNECTION FTP_CONNECTION FTP_CONNECTION FTP_CONNECTION FTP_CONNECTION FTP_CONNECTION FTP_CONNECTION FTP_CONNECTION FTP_CONNECTION,T1133,External Remote Services,initial-access; persistence,,Window contains 23 FTP connection events. Mapped from Linux semantic token.
1480,1,1,True Positive,ROOT_AUTH_FAIL ROOT_AUTH_FAIL ROOT_AUTH_FAIL ROOT_AUTH_FAIL ROOT_AUTH_FAIL ROOT_AUTH_FAIL ROOT_AUTH_FAIL ROOT_AUTH_FAIL ROOT_AUTH_FAIL ROOT_AUTH_FAIL,T1110; T1078,Brute Force; Valid Accounts,credential-access; defense-evasion; initial-access; persistence; privilege-escalation,Logon Session; User Account,Window contains 10 authentication failures and 0 unknown-user events. Mapped from Linux semantic token. | Root account authentication activity was observed. Mapped from Linux semantic token.
1481,1,1,True Positive,ROOT_AUTH_FAIL ROOT_AUTH_FAIL ROOT_AUTH_FAIL ROOT_AUTH_FAIL ROOT_AUTH_FAIL ROOT_AUTH_FAIL ROOT_AUTH_FAIL ROOT_AUTH_FAIL ROOT_AUTH_FAIL ROOT_AUTH_FAIL,T1110; T1078,Brute Force; Valid Accounts,credential-access; defense-evasion; initial-access; persistence; privilege-escalation,Logon Session; User Account,Window contains 10 authentication failures and 0 unknown-user events. Mapped from Linux semantic token. | Root account authentication activity was observed. Mapped from Linux semantic token.
1482,1,1,True Positive,AUTH_FAIL_USER AUTH_FAIL_USER AUTH_FAIL_USER AUTH_FAIL_USER AUTH_FAIL_USER AUTH_FAIL_USER AUTH_FAIL_USER AUTH_FAIL_USER AUTH_FAIL_USER AUTH_FAIL_USER,T1110,Brute Force,credential-access,,Window contains 10 authentication failures and 0 unknown-user events. Mapped from Linux semantic token.
1483,1,1,True Positive,AUTH_FAIL_USER AUTH_FAIL_USER AUTH_FAIL_USER AUTH_FAIL_USER AUTH_FAIL_USER AUTH_FAIL_USER AUTH_FAIL_USER AUTH_FAIL_USER AUTH_FAIL_USER AUTH_FAIL_USER,T1110,Brute Force,credential-access,,Window contains 10 authentication failures and 0 unknown-user events. Mapped from Linux semantic token.
1484,1,1,True Positive,FTP_CONNECTION FTP_CONNECTION FTP_CONNECTION FTP_CONNECTION FTP_CONNECTION FTP_CONNECTION FTP_CONNECTION FTP_CONNECTION FTP_CONNECTION FTP_CONNECTION FTP_CONNECTION FTP_CONNECTION FTP_CONNECTION FTP_CONNECTION FTP_CONNECTION FTP_CONNECTION,T1133,External Remote Services,initial-access; persistence,,Window contains 16 FTP connection events. Mapped from Linux semantic token.
1485,1,1,True Positive,FTP_CONNECTION FTP_CONNECTION FTP_CONNECTION FTP_CONNECTION FTP_CONNECTION FTP_CONNECTION FTP_CONNECTION FTP_CONNECTION FTP_CONNECTION FTP_CONNECTION FTP_CONNECTION FTP_CONNECTION FTP_CONNECTION FTP_CONNECTION FTP_CONNECTION FTP_CONNECTION,T1133,External Remote Services,initial-access; persistence,,Window contains 16 FTP connection events. Mapped from Linux semantic token.
1486,1,1,True Positive,ROOT_AUTH_FAIL ROOT_AUTH_FAIL ROOT_AUTH_FAIL ROOT_AUTH_FAIL ROOT_AUTH_FAIL ROOT_AUTH_FAIL ROOT_AUTH_FAIL ROOT_AUTH_FAIL ROOT_AUTH_FAIL ROOT_AUTH_FAIL,T1110; T1078,Brute Force; Valid Accounts,credential-access; defense-evasion; initial-access; persistence; privilege-escalation,Logon Session; User Account,Window contains 10 authentication failures and 0 unknown-user events. Mapped from Linux semantic token. | Root account authentication activity was observed. Mapped from Linux semantic token.
1487,1,1,True Positive,ROOT_AUTH_FAIL ROOT_AUTH_FAIL ROOT_AUTH_FAIL ROOT_AUTH_FAIL ROOT_AUTH_FAIL ROOT_AUTH_FAIL ROOT_AUTH_FAIL ROOT_AUTH_FAIL ROOT_AUTH_FAIL ROOT_AUTH_FAIL,T1110; T1078,Brute Force; Valid Accounts,credential-access; defense-evasion; initial-access; persistence; privilege-escalation,Logon Session; User Account,Window contains 10 authentication failures and 0 unknown-user events. Mapped from Linux semantic token. | Root account authentication activity was observed. Mapped from Linux semantic token.
1488,1,1,True Positive,FTP_CONNECTION FTP_CONNECTION FTP_CONNECTION FTP_CONNECTION FTP_CONNECTION FTP_CONNECTION FTP_CONNECTION FTP_CONNECTION FTP_CONNECTION FTP_CONNECTION FTP_CONNECTION FTP_CONNECTION FTP_CONNECTION FTP_CONNECTION FTP_CONNECTION FTP_CONNECTION FTP_CONNECTION FTP_CONNECTION FTP_CONNECTION,T1133,External Remote Services,initial-access; persistence,,Window contains 19 FTP connection events. Mapped from Linux semantic token.
1489,1,1,True Positive,FTP_CONNECTION FTP_CONNECTION FTP_CONNECTION FTP_CONNECTION FTP_CONNECTION FTP_CONNECTION FTP_CONNECTION FTP_CONNECTION FTP_CONNECTION FTP_CONNECTION FTP_CONNECTION FTP_CONNECTION FTP_CONNECTION FTP_CONNECTION FTP_CONNECTION FTP_CONNECTION FTP_CONNECTION FTP_CONNECTION FTP_CONNECTION,T1133,External Remote Services,initial-access; persistence,,Window contains 19 FTP connection events. Mapped from Linux semantic token.
1490,1,1,True Positive,ROOT_AUTH_FAIL ROOT_AUTH_FAIL ROOT_AUTH_FAIL ROOT_AUTH_FAIL ROOT_AUTH_FAIL ROOT_AUTH_FAIL ROOT_AUTH_FAIL ROOT_AUTH_FAIL,T1110; T1078,Brute Force; Valid Accounts,credential-access; defense-evasion; initial-access; persistence; privilege-escalation,Logon Session; User Account,Window contains 8 authentication failures and 0 unknown-user events. Mapped from Linux semantic token. | Root account authentication activity was observed. Mapped from Linux semantic token.
1491,1,1,True Positive,ROOT_AUTH_FAIL ROOT_AUTH_FAIL ROOT_AUTH_FAIL ROOT_AUTH_FAIL ROOT_AUTH_FAIL ROOT_AUTH_FAIL ROOT_AUTH_FAIL ROOT_AUTH_FAIL ROOT_AUTH_FAIL ROOT_AUTH_FAIL ROOT_AUTH_FAIL ROOT_AUTH_FAIL ROOT_AUTH_FAIL ROOT_AUTH_FAIL,T1110; T1078,Brute Force; Valid Accounts,credential-access; defense-evasion; initial-access; persistence; privilege-escalation,Logon Session; User Account,Window contains 14 authentication failures and 0 unknown-user events. Mapped from Linux semantic token. | Root account authentication activity was observed. Mapped from Linux semantic token.
1492,1,1,True Positive,ROOT_AUTH_FAIL ROOT_AUTH_FAIL ROOT_AUTH_FAIL ROOT_AUTH_FAIL ROOT_AUTH_FAIL ROOT_AUTH_FAIL,T1110; T1078,Brute Force; Valid Accounts,credential-access; defense-evasion; initial-access; persistence; privilege-escalation,Logon Session; User Account,Window contains 6 authentication failures and 0 unknown-user events. Mapped from Linux semantic token. | Root account authentication activity was observed. Mapped from Linux semantic token.
1493,1,1,True Positive,FTP_CONNECTION FTP_CONNECTION FTP_CONNECTION FTP_CONNECTION FTP_CONNECTION FTP_CONNECTION FTP_CONNECTION FTP_CONNECTION FTP_CONNECTION FTP_CONNECTION FTP_CONNECTION FTP_CONNECTION FTP_CONNECTION FTP_CONNECTION FTP_CONNECTION FTP_CONNECTION FTP_CONNECTION FTP_CONNECTION FTP_CONNECTION FTP_CONNECTION FTP_CONNECTION FTP_CONNECTION FTP_CONNECTION,T1133,External Remote Services,initial-access; persistence,,Window contains 23 FTP connection events. Mapped from Linux semantic token.
1494,1,1,True Positive,FTP_CONNECTION FTP_CONNECTION FTP_CONNECTION FTP_CONNECTION FTP_CONNECTION FTP_CONNECTION FTP_CONNECTION FTP_CONNECTION FTP_CONNECTION FTP_CONNECTION FTP_CONNECTION FTP_CONNECTION FTP_CONNECTION FTP_CONNECTION FTP_CONNECTION FTP_CONNECTION FTP_CONNECTION FTP_CONNECTION FTP_CONNECTION FTP_CONNECTION FTP_CONNECTION FTP_CONNECTION FTP_CONNECTION,T1133,External Remote Services,initial-access; persistence,,Window contains 23 FTP connection events. Mapped from Linux semantic token.
1495,1,1,True Positive,FTP_CONNECTION FTP_CONNECTION FTP_CONNECTION FTP_CONNECTION FTP_CONNECTION FTP_CONNECTION FTP_CONNECTION FTP_CONNECTION FTP_CONNECTION FTP_CONNECTION FTP_CONNECTION FTP_CONNECTION FTP_CONNECTION FTP_CONNECTION FTP_CONNECTION FTP_CONNECTION FTP_CONNECTION FTP_CONNECTION FTP_CONNECTION FTP_CONNECTION FTP_CONNECTION FTP_CONNECTION FTP_CONNECTION,T1133,External Remote Services,initial-access; persistence,,Window contains 23 FTP connection events. Mapped from Linux semantic token.
1496,1,1,True Positive,FTP_CONNECTION FTP_CONNECTION FTP_CONNECTION FTP_CONNECTION FTP_CONNECTION FTP_CONNECTION FTP_CONNECTION FTP_CONNECTION FTP_CONNECTION FTP_CONNECTION FTP_CONNECTION FTP_CONNECTION FTP_CONNECTION FTP_CONNECTION FTP_CONNECTION FTP_CONNECTION FTP_CONNECTION FTP_CONNECTION FTP_CONNECTION FTP_CONNECTION FTP_CONNECTION FTP_CONNECTION FTP_CONNECTION,T1133,External Remote Services,initial-access; persistence,,Window contains 23 FTP connection events. Mapped from Linux semantic token.
1497,1,1,True Positive,FTP_CONNECTION FTP_CONNECTION FTP_CONNECTION FTP_CONNECTION FTP_CONNECTION FTP_CONNECTION FTP_CONNECTION FTP_CONNECTION FTP_CONNECTION FTP_CONNECTION FTP_CONNECTION FTP_CONNECTION FTP_CONNECTION FTP_CONNECTION FTP_CONNECTION FTP_CONNECTION FTP_CONNECTION FTP_CONNECTION FTP_CONNECTION FTP_CONNECTION FTP_CONNECTION FTP_CONNECTION FTP_CONNECTION,T1133,External Remote Services,initial-access; persistence,,Window contains 23 FTP connection events. Mapped from Linux semantic token.
1498,1,1,True Positive,FTP_CONNECTION FTP_CONNECTION FTP_CONNECTION FTP_CONNECTION FTP_CONNECTION FTP_CONNECTION FTP_CONNECTION FTP_CONNECTION FTP_CONNECTION FTP_CONNECTION FTP_CONNECTION FTP_CONNECTION FTP_CONNECTION FTP_CONNECTION FTP_CONNECTION FTP_CONNECTION FTP_CONNECTION FTP_CONNECTION FTP_CONNECTION FTP_CONNECTION FTP_CONNECTION FTP_CONNECTION FTP_CONNECTION,T1133,External Remote Services,initial-access; persistence,,Window contains 23 FTP connection events. Mapped from Linux semantic token.
1499,1,1,True Positive,FTP_CONNECTION FTP_CONNECTION FTP_CONNECTION FTP_CONNECTION FTP_CONNECTION FTP_CONNECTION FTP_CONNECTION FTP_CONNECTION FTP_CONNECTION FTP_CONNECTION FTP_CONNECTION FTP_CONNECTION FTP_CONNECTION FTP_CONNECTION FTP_CONNECTION FTP_CONNECTION FTP_CONNECTION FTP_CONNECTION FTP_CONNECTION FTP_CONNECTION FTP_CONNECTION FTP_CONNECTION FTP_CONNECTION,T1133,External Remote Services,initial-access; persistence,,Window contains 23 FTP connection events. Mapped from Linux semantic token.
1500,1,1,True Positive,FTP_CONNECTION FTP_CONNECTION FTP_CONNECTION FTP_CONNECTION FTP_CONNECTION FTP_CONNECTION FTP_CONNECTION FTP_CONNECTION FTP_CONNECTION FTP_CONNECTION FTP_CONNECTION FTP_CONNECTION FTP_CONNECTION FTP_CONNECTION FTP_CONNECTION FTP_CONNECTION FTP_CONNECTION FTP_CONNECTION FTP_CONNECTION FTP_CONNECTION FTP_CONNECTION FTP_CONNECTION FTP_CONNECTION,T1133,External Remote Services,initial-access; persistence,,Window contains 23 FTP connection events. Mapped from Linux semantic token.
1501,1,1,True Positive,ROOT_AUTH_FAIL ROOT_AUTH_FAIL ROOT_AUTH_FAIL ROOT_AUTH_FAIL ROOT_AUTH_FAIL ROOT_AUTH_FAIL ROOT_AUTH_FAIL ROOT_AUTH_FAIL ROOT_AUTH_FAIL ROOT_AUTH_FAIL ROOT_AUTH_FAIL,T1110; T1078,Brute Force; Valid Accounts,credential-access; defense-evasion; initial-access; persistence; privilege-escalation,Logon Session; User Account,Window contains 11 authentication failures and 0 unknown-user events. Mapped from Linux semantic token. | Root account authentication activity was observed. Mapped from Linux semantic token.
1502,1,1,True Positive,ROOT_AUTH_FAIL ROOT_AUTH_FAIL ROOT_AUTH_FAIL ROOT_AUTH_FAIL ROOT_AUTH_FAIL ROOT_AUTH_FAIL ROOT_AUTH_FAIL ROOT_AUTH_FAIL ROOT_AUTH_FAIL ROOT_AUTH_FAIL ROOT_AUTH_FAIL,T1110; T1078,Brute Force; Valid Accounts,credential-access; defense-evasion; initial-access; persistence; privilege-escalation,Logon Session; User Account,Window contains 11 authentication failures and 0 unknown-user events. Mapped from Linux semantic token. | Root account authentication activity was observed. Mapped from Linux semantic token.
1503,1,1,True Positive,AUTH_FAIL UNKNOWN_USER AUTH_FAIL UNKNOWN_USER UNKNOWN_USER AUTH_FAIL UNKNOWN_USER AUTH_FAIL AUTH_FAIL AUTH_FAIL AUTH_FAIL UNKNOWN_USER AUTH_FAIL UNKNOWN_USER UNKNOWN_USER AUTH_FAIL UNKNOWN_USER AUTH_FAIL UNKNOWN_USER UNKNOWN_USER,T1110,Brute Force,credential-access,,Window contains 10 authentication failures and 10 unknown-user events. Mapped from Linux semantic token.
1504,1,1,True Positive,AUTH_FAIL UNKNOWN_USER AUTH_FAIL UNKNOWN_USER UNKNOWN_USER AUTH_FAIL UNKNOWN_USER AUTH_FAIL AUTH_FAIL AUTH_FAIL AUTH_FAIL UNKNOWN_USER AUTH_FAIL UNKNOWN_USER UNKNOWN_USER AUTH_FAIL UNKNOWN_USER AUTH_FAIL UNKNOWN_USER UNKNOWN_USER,T1110,Brute Force,credential-access,,Window contains 10 authentication failures and 10 unknown-user events. Mapped from Linux semantic token.
1505,1,1,True Positive,FTP_CONNECTION FTP_CONNECTION FTP_CONNECTION FTP_CONNECTION FTP_CONNECTION FTP_CONNECTION FTP_CONNECTION FTP_CONNECTION FTP_CONNECTION FTP_CONNECTION FTP_CONNECTION FTP_CONNECTION FTP_CONNECTION FTP_CONNECTION FTP_CONNECTION FTP_CONNECTION FTP_CONNECTION FTP_CONNECTION FTP_CONNECTION FTP_CONNECTION FTP_CONNECTION FTP_CONNECTION FTP_CONNECTION,T1133,External Remote Services,initial-access; persistence,,Window contains 23 FTP connection events. Mapped from Linux semantic token.
1506,1,1,True Positive,FTP_CONNECTION FTP_CONNECTION FTP_CONNECTION FTP_CONNECTION FTP_CONNECTION FTP_CONNECTION FTP_CONNECTION FTP_CONNECTION FTP_CONNECTION FTP_CONNECTION FTP_CONNECTION FTP_CONNECTION FTP_CONNECTION FTP_CONNECTION FTP_CONNECTION FTP_CONNECTION FTP_CONNECTION FTP_CONNECTION FTP_CONNECTION FTP_CONNECTION FTP_CONNECTION FTP_CONNECTION FTP_CONNECTION,T1133,External Remote Services,initial-access; persistence,,Window contains 23 FTP connection events. Mapped from Linux semantic token.
1507,1,1,True Positive,AUTH_FAIL UNKNOWN_USER AUTH_FAIL UNKNOWN_USER AUTH_FAIL UNKNOWN_USER AUTH_FAIL UNKNOWN_USER AUTH_FAIL UNKNOWN_USER AUTH_FAIL UNKNOWN_USER AUTH_FAIL UNKNOWN_USER AUTH_FAIL UNKNOWN_USER UNKNOWN_USER AUTH_FAIL AUTH_FAIL UNKNOWN_USER,T1110,Brute Force,credential-access,,Window contains 10 authentication failures and 10 unknown-user events. Mapped from Linux semantic token.
1508,1,1,True Positive,AUTH_FAIL UNKNOWN_USER AUTH_FAIL UNKNOWN_USER AUTH_FAIL UNKNOWN_USER AUTH_FAIL UNKNOWN_USER AUTH_FAIL UNKNOWN_USER AUTH_FAIL UNKNOWN_USER AUTH_FAIL UNKNOWN_USER AUTH_FAIL UNKNOWN_USER UNKNOWN_USER AUTH_FAIL AUTH_FAIL UNKNOWN_USER,T1110,Brute Force,credential-access,,Window contains 10 authentication failures and 10 unknown-user events. Mapped from Linux semantic token.
1509,1,1,True Positive,ROOT_AUTH_FAIL ROOT_AUTH_FAIL ROOT_AUTH_FAIL ROOT_AUTH_FAIL,T1078; T1110,Valid Accounts; Brute Force,credential-access; defense-evasion; initial-access; persistence; privilege-escalation,Logon Session; User Account,Root account authentication activity was observed. Mapped from Linux semantic token. | Mapped from Linux semantic token.
1510,1,1,True Positive,ROOT_AUTH_FAIL ROOT_AUTH_FAIL ROOT_AUTH_FAIL ROOT_AUTH_FAIL,T1078; T1110,Valid Accounts; Brute Force,credential-access; defense-evasion; initial-access; persistence; privilege-escalation,Logon Session; User Account,Root account authentication activity was observed. Mapped from Linux semantic token. | Mapped from Linux semantic token.
1511,1,1,True Positive,ROOT_AUTH_FAIL ROOT_AUTH_FAIL ROOT_AUTH_FAIL ROOT_AUTH_FAIL ROOT_AUTH_FAIL ROOT_AUTH_FAIL ROOT_AUTH_FAIL ROOT_AUTH_FAIL ROOT_AUTH_FAIL,T1110; T1078,Brute Force; Valid Accounts,credential-access; defense-evasion; initial-access; persistence; privilege-escalation,Logon Session; User Account,Window contains 9 authentication failures and 0 unknown-user events. Mapped from Linux semantic token. | Root account authentication activity was observed. Mapped from Linux semantic token.
1512,1,1,True Positive,ROOT_AUTH_FAIL ROOT_AUTH_FAIL ROOT_AUTH_FAIL ROOT_AUTH_FAIL ROOT_AUTH_FAIL ROOT_AUTH_FAIL ROOT_AUTH_FAIL ROOT_AUTH_FAIL ROOT_AUTH_FAIL ROOT_AUTH_FAIL,T1110; T1078,Brute Force; Valid Accounts,credential-access; defense-evasion; initial-access; persistence; privilege-escalation,Logon Session; User Account,Window contains 10 authentication failures and 0 unknown-user events. Mapped from Linux semantic token. | Root account authentication activity was observed. Mapped from Linux semantic token.
1513,1,1,True Positive,ROOT_AUTH_FAIL ROOT_AUTH_FAIL ROOT_AUTH_FAIL ROOT_AUTH_FAIL,T1078; T1110,Valid Accounts; Brute Force,credential-access; defense-evasion; initial-access; persistence; privilege-escalation,Logon Session; User Account,Root account authentication activity was observed. Mapped from Linux semantic token. | Mapped from Linux semantic token.
1514,1,1,True Positive,ROOT_AUTH_FAIL ROOT_AUTH_FAIL ROOT_AUTH_FAIL ROOT_AUTH_FAIL ROOT_AUTH_FAIL ROOT_AUTH_FAIL ROOT_AUTH_FAIL ROOT_AUTH_FAIL ROOT_AUTH_FAIL ROOT_AUTH_FAIL,T1110; T1078,Brute Force; Valid Accounts,credential-access; defense-evasion; initial-access; persistence; privilege-escalation,Logon Session; User Account,Window contains 10 authentication failures and 0 unknown-user events. Mapped from Linux semantic token. | Root account authentication activity was observed. Mapped from Linux semantic token.
1515,1,1,True Positive,ROOT_AUTH_FAIL ROOT_AUTH_FAIL ROOT_AUTH_FAIL ROOT_AUTH_FAIL ROOT_AUTH_FAIL ROOT_AUTH_FAIL ROOT_AUTH_FAIL ROOT_AUTH_FAIL ROOT_AUTH_FAIL ROOT_AUTH_FAIL,T1110; T1078,Brute Force; Valid Accounts,credential-access; defense-evasion; initial-access; persistence; privilege-escalation,Logon Session; User Account,Window contains 10 authentication failures and 0 unknown-user events. Mapped from Linux semantic token. | Root account authentication activity was observed. Mapped from Linux semantic token.
1516,1,1,True Positive,FTP_CONNECTION FTP_CONNECTION FTP_CONNECTION FTP_CONNECTION FTP_CONNECTION FTP_CONNECTION FTP_CONNECTION FTP_CONNECTION FTP_CONNECTION FTP_CONNECTION FTP_CONNECTION FTP_CONNECTION FTP_CONNECTION FTP_CONNECTION,T1133,External Remote Services,initial-access; persistence,,Window contains 14 FTP connection events. Mapped from Linux semantic token.
1517,1,1,True Positive,FTP_CONNECTION FTP_CONNECTION FTP_CONNECTION FTP_CONNECTION FTP_CONNECTION FTP_CONNECTION FTP_CONNECTION FTP_CONNECTION FTP_CONNECTION FTP_CONNECTION FTP_CONNECTION FTP_CONNECTION FTP_CONNECTION FTP_CONNECTION,T1133,External Remote Services,initial-access; persistence,,Window contains 14 FTP connection events. Mapped from Linux semantic token.
1518,1,1,True Positive,ROOT_AUTH_FAIL ROOT_AUTH_FAIL ROOT_AUTH_FAIL ROOT_AUTH_FAIL ROOT_AUTH_FAIL ROOT_AUTH_FAIL ROOT_AUTH_FAIL ROOT_AUTH_FAIL,T1110; T1078,Brute Force; Valid Accounts,credential-access; defense-evasion; initial-access; persistence; privilege-escalation,Logon Session; User Account,Window contains 8 authentication failures and 0 unknown-user events. Mapped from Linux semantic token. | Root account authentication activity was observed. Mapped from Linux semantic token.
1519,1,1,True Positive,ROOT_AUTH_FAIL ROOT_AUTH_FAIL ROOT_AUTH_FAIL ROOT_AUTH_FAIL ROOT_AUTH_FAIL ROOT_AUTH_FAIL ROOT_AUTH_FAIL ROOT_AUTH_FAIL,T1110; T1078,Brute Force; Valid Accounts,credential-access; defense-evasion; initial-access; persistence; privilege-escalation,Logon Session; User Account,Window contains 8 authentication failures and 0 unknown-user events. Mapped from Linux semantic token. | Root account authentication activity was observed. Mapped from Linux semantic token.
1520,1,1,True Positive,ROOT_AUTH_FAIL ROOT_AUTH_FAIL ROOT_AUTH_FAIL ROOT_AUTH_FAIL ROOT_AUTH_FAIL ROOT_AUTH_FAIL ROOT_AUTH_FAIL ROOT_AUTH_FAIL ROOT_AUTH_FAIL ROOT_AUTH_FAIL ROOT_AUTH_FAIL,T1110; T1078,Brute Force; Valid Accounts,credential-access; defense-evasion; initial-access; persistence; privilege-escalation,Logon Session; User Account,Window contains 11 authentication failures and 0 unknown-user events. Mapped from Linux semantic token. | Root account authentication activity was observed. Mapped from Linux semantic token.
1521,1,1,True Positive,ROOT_AUTH_FAIL ROOT_AUTH_FAIL ROOT_AUTH_FAIL ROOT_AUTH_FAIL ROOT_AUTH_FAIL ROOT_AUTH_FAIL ROOT_AUTH_FAIL ROOT_AUTH_FAIL ROOT_AUTH_FAIL ROOT_AUTH_FAIL ROOT_AUTH_FAIL ROOT_AUTH_FAIL,T1110; T1078,Brute Force; Valid Accounts,credential-access; defense-evasion; initial-access; persistence; privilege-escalation,Logon Session; User Account,Window contains 12 authentication failures and 0 unknown-user events. Mapped from Linux semantic token. | Root account authentication activity was observed. Mapped from Linux semantic token.
1522,1,1,True Positive,ROOT_AUTH_FAIL ROOT_AUTH_FAIL ROOT_AUTH_FAIL ROOT_AUTH_FAIL,T1078; T1110,Valid Accounts; Brute Force,credential-access; defense-evasion; initial-access; persistence; privilege-escalation,Logon Session; User Account,Root account authentication activity was observed. Mapped from Linux semantic token. | Mapped from Linux semantic token.
1523,1,1,True Positive,ROOT_AUTH_FAIL ROOT_AUTH_FAIL ROOT_AUTH_FAIL ROOT_AUTH_FAIL ROOT_AUTH_FAIL ROOT_AUTH_FAIL ROOT_AUTH_FAIL ROOT_AUTH_FAIL ROOT_AUTH_FAIL,T1110; T1078,Brute Force; Valid Accounts,credential-access; defense-evasion; initial-access; persistence; privilege-escalation,Logon Session; User Account,Window contains 9 authentication failures and 0 unknown-user events. Mapped from Linux semantic token. | Root account authentication activity was observed. Mapped from Linux semantic token.
1524,1,1,True Positive,ROOT_AUTH_FAIL ROOT_AUTH_FAIL ROOT_AUTH_FAIL ROOT_AUTH_FAIL ROOT_AUTH_FAIL ROOT_AUTH_FAIL,T1110; T1078,Brute Force; Valid Accounts,credential-access; defense-evasion; initial-access; persistence; privilege-escalation,Logon Session; User Account,Window contains 6 authentication failures and 0 unknown-user events. Mapped from Linux semantic token. | Root account authentication activity was observed. Mapped from Linux semantic token.
1525,1,1,True Positive,AUTH_FAIL UNKNOWN_USER AUTH_FAIL UNKNOWN_USER AUTH_FAIL UNKNOWN_USER UNKNOWN_USER AUTH_FAIL UNKNOWN_USER AUTH_FAIL UNKNOWN_USER AUTH_FAIL UNKNOWN_USER AUTH_FAIL UNKNOWN_USER AUTH_FAIL UNKNOWN_USER AUTH_FAIL UNKNOWN_USER AUTH_FAIL,T1110,Brute Force,credential-access,,Window contains 10 authentication failures and 10 unknown-user events. Mapped from Linux semantic token.
1526,1,1,True Positive,AUTH_FAIL UNKNOWN_USER AUTH_FAIL UNKNOWN_USER AUTH_FAIL UNKNOWN_USER UNKNOWN_USER AUTH_FAIL UNKNOWN_USER AUTH_FAIL UNKNOWN_USER AUTH_FAIL UNKNOWN_USER AUTH_FAIL UNKNOWN_USER AUTH_FAIL UNKNOWN_USER AUTH_FAIL UNKNOWN_USER AUTH_FAIL,T1110,Brute Force,credential-access,,Window contains 10 authentication failures and 10 unknown-user events. Mapped from Linux semantic token.
1527,1,1,True Positive,FTP_CONNECTION FTP_CONNECTION FTP_CONNECTION FTP_CONNECTION FTP_CONNECTION FTP_CONNECTION FTP_CONNECTION FTP_CONNECTION FTP_CONNECTION FTP_CONNECTION FTP_CONNECTION FTP_CONNECTION FTP_CONNECTION FTP_CONNECTION FTP_CONNECTION FTP_CONNECTION FTP_CONNECTION FTP_CONNECTION FTP_CONNECTION FTP_CONNECTION FTP_CONNECTION FTP_CONNECTION,T1133,External Remote Services,initial-access; persistence,,Window contains 22 FTP connection events. Mapped from Linux semantic token.
1528,1,1,True Positive,FTP_CONNECTION FTP_CONNECTION FTP_CONNECTION FTP_CONNECTION FTP_CONNECTION FTP_CONNECTION FTP_CONNECTION FTP_CONNECTION FTP_CONNECTION FTP_CONNECTION FTP_CONNECTION FTP_CONNECTION FTP_CONNECTION FTP_CONNECTION FTP_CONNECTION FTP_CONNECTION FTP_CONNECTION FTP_CONNECTION FTP_CONNECTION FTP_CONNECTION FTP_CONNECTION FTP_CONNECTION,T1133,External Remote Services,initial-access; persistence,,Window contains 22 FTP connection events. Mapped from Linux semantic token.
1529,1,1,True Positive,AUTH_FAIL AUTH_FAIL UNKNOWN_USER UNKNOWN_USER UNKNOWN_USER UNKNOWN_USER AUTH_FAIL UNKNOWN_USER AUTH_FAIL AUTH_FAIL AUTH_FAIL AUTH_FAIL AUTH_FAIL UNKNOWN_USER AUTH_FAIL UNKNOWN_USER AUTH_FAIL UNKNOWN_USER UNKNOWN_USER UNKNOWN_USER,T1110,Brute Force,credential-access,,Window contains 10 authentication failures and 10 unknown-user events. Mapped from Linux semantic token.
1530,1,1,True Positive,AUTH_FAIL AUTH_FAIL UNKNOWN_USER UNKNOWN_USER UNKNOWN_USER UNKNOWN_USER AUTH_FAIL UNKNOWN_USER AUTH_FAIL AUTH_FAIL AUTH_FAIL AUTH_FAIL AUTH_FAIL UNKNOWN_USER AUTH_FAIL UNKNOWN_USER AUTH_FAIL UNKNOWN_USER UNKNOWN_USER UNKNOWN_USER,T1110,Brute Force,credential-access,,Window contains 10 authentication failures and 10 unknown-user events. Mapped from Linux semantic token.
1531,1,1,True Positive,FTP_CONNECTION FTP_CONNECTION FTP_CONNECTION FTP_CONNECTION FTP_CONNECTION FTP_CONNECTION FTP_CONNECTION FTP_CONNECTION FTP_CONNECTION FTP_CONNECTION FTP_CONNECTION FTP_CONNECTION FTP_CONNECTION FTP_CONNECTION FTP_CONNECTION FTP_CONNECTION FTP_CONNECTION FTP_CONNECTION FTP_CONNECTION FTP_CONNECTION FTP_CONNECTION,T1133,External Remote Services,initial-access; persistence,,Window contains 21 FTP connection events. Mapped from Linux semantic token.
1532,1,1,True Positive,FTP_CONNECTION FTP_CONNECTION FTP_CONNECTION FTP_CONNECTION FTP_CONNECTION FTP_CONNECTION FTP_CONNECTION FTP_CONNECTION FTP_CONNECTION FTP_CONNECTION FTP_CONNECTION FTP_CONNECTION FTP_CONNECTION FTP_CONNECTION FTP_CONNECTION FTP_CONNECTION FTP_CONNECTION FTP_CONNECTION FTP_CONNECTION FTP_CONNECTION FTP_CONNECTION,T1133,External Remote Services,initial-access; persistence,,Window contains 21 FTP connection events. Mapped from Linux semantic token.
1533,1,1,True Positive,UNKNOWN_USER_TIMEOUT UNKNOWN_USER_TIMEOUT UNKNOWN_USER_TIMEOUT UNKNOWN_USER_TIMEOUT UNKNOWN_USER_TIMEOUT UNKNOWN_USER_TIMEOUT UNKNOWN_USER_TIMEOUT UNKNOWN_USER_TIMEOUT,T1110,Brute Force,credential-access,,Window contains 0 authentication failures and 8 unknown-user events. Mapped from Linux semantic token.
1534,1,1,True Positive,UNKNOWN_USER_TIMEOUT UNKNOWN_USER_TIMEOUT UNKNOWN_USER_TIMEOUT UNKNOWN_USER_TIMEOUT UNKNOWN_USER_TIMEOUT UNKNOWN_USER_TIMEOUT UNKNOWN_USER_TIMEOUT UNKNOWN_USER_TIMEOUT,T1110,Brute Force,credential-access,,Window contains 0 authentication failures and 8 unknown-user events. Mapped from Linux semantic token.
1535,1,1,True Positive,FTP_CONNECTION FTP_CONNECTION FTP_CONNECTION FTP_CONNECTION FTP_CONNECTION FTP_CONNECTION FTP_CONNECTION FTP_CONNECTION FTP_CONNECTION FTP_CONNECTION FTP_CONNECTION FTP_CONNECTION FTP_CONNECTION FTP_CONNECTION,T1133,External Remote Services,initial-access; persistence,,Window contains 14 FTP connection events. Mapped from Linux semantic token.
1536,1,1,True Positive,FTP_CONNECTION FTP_CONNECTION FTP_CONNECTION FTP_CONNECTION FTP_CONNECTION FTP_CONNECTION FTP_CONNECTION FTP_CONNECTION FTP_CONNECTION FTP_CONNECTION FTP_CONNECTION FTP_CONNECTION FTP_CONNECTION FTP_CONNECTION FTP_CONNECTION FTP_CONNECTION FTP_CONNECTION FTP_CONNECTION FTP_CONNECTION FTP_CONNECTION,T1133,External Remote Services,initial-access; persistence,,Window contains 20 FTP connection events. Mapped from Linux semantic token.
1537,1,1,True Positive,FTP_CONNECTION FTP_CONNECTION FTP_CONNECTION FTP_CONNECTION FTP_CONNECTION FTP_CONNECTION FTP_CONNECTION FTP_CONNECTION FTP_CONNECTION FTP_CONNECTION FTP_CONNECTION FTP_CONNECTION FTP_CONNECTION FTP_CONNECTION FTP_CONNECTION FTP_CONNECTION FTP_CONNECTION FTP_CONNECTION FTP_CONNECTION FTP_CONNECTION FTP_CONNECTION FTP_CONNECTION FTP_CONNECTION,T1133,External Remote Services,initial-access; persistence,,Window contains 23 FTP connection events. Mapped from Linux semantic token.
1538,1,1,True Positive,FTP_CONNECTION FTP_CONNECTION FTP_CONNECTION FTP_CONNECTION FTP_CONNECTION FTP_CONNECTION FTP_CONNECTION FTP_CONNECTION FTP_CONNECTION FTP_CONNECTION FTP_CONNECTION FTP_CONNECTION FTP_CONNECTION FTP_CONNECTION FTP_CONNECTION FTP_CONNECTION FTP_CONNECTION FTP_CONNECTION FTP_CONNECTION FTP_CONNECTION FTP_CONNECTION FTP_CONNECTION FTP_CONNECTION,T1133,External Remote Services,initial-access; persistence,,Window contains 23 FTP connection events. Mapped from Linux semantic token.
1539,1,1,True Positive,ROOT_AUTH_FAIL ROOT_AUTH_FAIL ROOT_AUTH_FAIL ROOT_AUTH_FAIL ROOT_AUTH_FAIL ROOT_AUTH_FAIL ROOT_AUTH_FAIL ROOT_AUTH_FAIL ROOT_AUTH_FAIL ROOT_AUTH_FAIL,T1110; T1078,Brute Force; Valid Accounts,credential-access; defense-evasion; initial-access; persistence; privilege-escalation,Logon Session; User Account,Window contains 10 authentication failures and 0 unknown-user events. Mapped from Linux semantic token. | Root account authentication activity was observed. Mapped from Linux semantic token.
1540,1,1,True Positive,ROOT_AUTH_FAIL ROOT_AUTH_FAIL ROOT_AUTH_FAIL ROOT_AUTH_FAIL ROOT_AUTH_FAIL ROOT_AUTH_FAIL ROOT_AUTH_FAIL ROOT_AUTH_FAIL ROOT_AUTH_FAIL ROOT_AUTH_FAIL ROOT_AUTH_FAIL ROOT_AUTH_FAIL ROOT_AUTH_FAIL ROOT_AUTH_FAIL ROOT_AUTH_FAIL ROOT_AUTH_FAIL ROOT_AUTH_FAIL ROOT_AUTH_FAIL ROOT_AUTH_FAIL ROOT_AUTH_FAIL ROOT_AUTH_FAIL ROOT_AUTH_FAIL ROOT_AUTH_FAIL ROOT_AUTH_FAIL ROOT_AUTH_FAIL ROOT_AUTH_FAIL ROOT_AUTH_FAIL ROOT_AUTH_FAIL ROOT_AUTH_FAIL ROOT_AUTH_FAIL ROOT_AUTH_FAIL ROOT_AUTH_FAIL ROOT_AUTH_FAIL ROOT_AUTH_FAIL ROOT_AUTH_FAIL ROOT_AUTH_FAIL ROOT_AUTH_FAIL ROOT_AUTH_FAIL ROOT_AUTH_FAIL ROOT_AUTH_FAIL,T1110; T1078,Brute Force; Valid Accounts,credential-access; defense-evasion; initial-access; persistence; privilege-escalation,Logon Session; User Account,Window contains 40 authentication failures and 0 unknown-user events. Mapped from Linux semantic token. | Root account authentication activity was observed. Mapped from Linux semantic token.
1541,1,1,True Positive,ROOT_AUTH_FAIL ROOT_AUTH_FAIL ROOT_AUTH_FAIL ROOT_AUTH_FAIL ROOT_AUTH_FAIL ROOT_AUTH_FAIL ROOT_AUTH_FAIL ROOT_AUTH_FAIL ROOT_AUTH_FAIL ROOT_AUTH_FAIL ROOT_AUTH_FAIL ROOT_AUTH_FAIL ROOT_AUTH_FAIL ROOT_AUTH_FAIL ROOT_AUTH_FAIL ROOT_AUTH_FAIL ROOT_AUTH_FAIL ROOT_AUTH_FAIL ROOT_AUTH_FAIL ROOT_AUTH_FAIL ROOT_AUTH_FAIL ROOT_AUTH_FAIL ROOT_AUTH_FAIL ROOT_AUTH_FAIL ROOT_AUTH_FAIL ROOT_AUTH_FAIL ROOT_AUTH_FAIL ROOT_AUTH_FAIL ROOT_AUTH_FAIL ROOT_AUTH_FAIL ROOT_AUTH_FAIL ROOT_AUTH_FAIL ROOT_AUTH_FAIL ROOT_AUTH_FAIL ROOT_AUTH_FAIL ROOT_AUTH_FAIL ROOT_AUTH_FAIL ROOT_AUTH_FAIL ROOT_AUTH_FAIL ROOT_AUTH_FAIL ROOT_AUTH_FAIL ROOT_AUTH_FAIL ROOT_AUTH_FAIL ROOT_AUTH_FAIL ROOT_AUTH_FAIL ROOT_AUTH_FAIL ROOT_AUTH_FAIL ROOT_AUTH_FAIL ROOT_AUTH_FAIL ROOT_AUTH_FAIL,T1110; T1078,Brute Force; Valid Accounts,credential-access; defense-evasion; initial-access; persistence; privilege-escalation,Logon Session; User Account,Window contains 50 authentication failures and 0 unknown-user events. Mapped from Linux semantic token. | Root account authentication activity was observed. Mapped from Linux semantic token.
1542,1,1,True Positive,ROOT_AUTH_FAIL ROOT_AUTH_FAIL ROOT_AUTH_FAIL ROOT_AUTH_FAIL ROOT_AUTH_FAIL ROOT_AUTH_FAIL ROOT_AUTH_FAIL ROOT_AUTH_FAIL ROOT_AUTH_FAIL ROOT_AUTH_FAIL ROOT_AUTH_FAIL ROOT_AUTH_FAIL ROOT_AUTH_FAIL ROOT_AUTH_FAIL ROOT_AUTH_FAIL ROOT_AUTH_FAIL ROOT_AUTH_FAIL ROOT_AUTH_FAIL ROOT_AUTH_FAIL ROOT_AUTH_FAIL ROOT_AUTH_FAIL ROOT_AUTH_FAIL ROOT_AUTH_FAIL ROOT_AUTH_FAIL ROOT_AUTH_FAIL ROOT_AUTH_FAIL ROOT_AUTH_FAIL ROOT_AUTH_FAIL ROOT_AUTH_FAIL ROOT_AUTH_FAIL ROOT_AUTH_FAIL ROOT_AUTH_FAIL ROOT_AUTH_FAIL ROOT_AUTH_FAIL ROOT_AUTH_FAIL ROOT_AUTH_FAIL ROOT_AUTH_FAIL ROOT_AUTH_FAIL ROOT_AUTH_FAIL ROOT_AUTH_FAIL,T1110; T1078,Brute Force; Valid Accounts,credential-access; defense-evasion; initial-access; persistence; privilege-escalation,Logon Session; User Account,Window contains 40 authentication failures and 0 unknown-user events. Mapped from Linux semantic token. | Root account authentication activity was observed. Mapped from Linux semantic token.
1543,1,1,True Positive,ROOT_AUTH_FAIL ROOT_AUTH_FAIL ROOT_AUTH_FAIL ROOT_AUTH_FAIL ROOT_AUTH_FAIL ROOT_AUTH_FAIL ROOT_AUTH_FAIL ROOT_AUTH_FAIL ROOT_AUTH_FAIL ROOT_AUTH_FAIL ROOT_AUTH_FAIL ROOT_AUTH_FAIL ROOT_AUTH_FAIL ROOT_AUTH_FAIL ROOT_AUTH_FAIL ROOT_AUTH_FAIL ROOT_AUTH_FAIL ROOT_AUTH_FAIL ROOT_AUTH_FAIL ROOT_AUTH_FAIL,T1110; T1078,Brute Force; Valid Accounts,credential-access; defense-evasion; initial-access; persistence; privilege-escalation,Logon Session; User Account,Window contains 20 authentication failures and 0 unknown-user events. Mapped from Linux semantic token. | Root account authentication activity was observed. Mapped from Linux semantic token.
1544,1,1,True Positive,UNKNOWN_USER AUTH_FAIL UNKNOWN_USER AUTH_FAIL UNKNOWN_USER AUTH_FAIL UNKNOWN_USER AUTH_FAIL AUTH_FAIL UNKNOWN_USER,T1110,Brute Force,credential-access,,Window contains 5 authentication failures and 5 unknown-user events. Mapped from Linux semantic token.
1545,1,1,True Positive,UNKNOWN_USER AUTH_FAIL UNKNOWN_USER AUTH_FAIL UNKNOWN_USER AUTH_FAIL UNKNOWN_USER AUTH_FAIL AUTH_FAIL UNKNOWN_USER,T1110,Brute Force,credential-access,,Window contains 5 authentication failures and 5 unknown-user events. Mapped from Linux semantic token.
1546,1,1,True Positive,FTP_CONNECTION FTP_CONNECTION FTP_CONNECTION FTP_CONNECTION FTP_CONNECTION FTP_CONNECTION FTP_CONNECTION FTP_CONNECTION FTP_CONNECTION FTP_CONNECTION FTP_CONNECTION FTP_CONNECTION FTP_CONNECTION FTP_CONNECTION FTP_CONNECTION FTP_CONNECTION FTP_CONNECTION FTP_CONNECTION FTP_CONNECTION FTP_CONNECTION FTP_CONNECTION FTP_CONNECTION FTP_CONNECTION,T1133,External Remote Services,initial-access; persistence,,Window contains 23 FTP connection events. Mapped from Linux semantic token.
1547,1,1,True Positive,FTP_CONNECTION FTP_CONNECTION FTP_CONNECTION FTP_CONNECTION FTP_CONNECTION FTP_CONNECTION FTP_CONNECTION FTP_CONNECTION FTP_CONNECTION FTP_CONNECTION FTP_CONNECTION FTP_CONNECTION FTP_CONNECTION FTP_CONNECTION FTP_CONNECTION FTP_CONNECTION FTP_CONNECTION FTP_CONNECTION FTP_CONNECTION FTP_CONNECTION FTP_CONNECTION FTP_CONNECTION FTP_CONNECTION,T1133,External Remote Services,initial-access; persistence,,Window contains 23 FTP connection events. Mapped from Linux semantic token.
1548,1,1,True Positive,ROOT_AUTH_FAIL ROOT_AUTH_FAIL ROOT_AUTH_FAIL ROOT_AUTH_FAIL ROOT_AUTH_FAIL ROOT_AUTH_FAIL ROOT_AUTH_FAIL ROOT_AUTH_FAIL ROOT_AUTH_FAIL ROOT_AUTH_FAIL ROOT_AUTH_FAIL ROOT_AUTH_FAIL ROOT_AUTH_FAIL,T1110; T1078,Brute Force; Valid Accounts,credential-access; defense-evasion; initial-access; persistence; privilege-escalation,Logon Session; User Account,Window contains 13 authentication failures and 0 unknown-user events. Mapped from Linux semantic token. | Root account authentication activity was observed. Mapped from Linux semantic token.
1549,1,1,True Positive,ROOT_AUTH_FAIL ROOT_AUTH_FAIL ROOT_AUTH_FAIL ROOT_AUTH_FAIL ROOT_AUTH_FAIL ROOT_AUTH_FAIL ROOT_AUTH_FAIL ROOT_AUTH_FAIL ROOT_AUTH_FAIL ROOT_AUTH_FAIL ROOT_AUTH_FAIL ROOT_AUTH_FAIL ROOT_AUTH_FAIL ROOT_AUTH_FAIL,T1110; T1078,Brute Force; Valid Accounts,credential-access; defense-evasion; initial-access; persistence; privilege-escalation,Logon Session; User Account,Window contains 14 authentication failures and 0 unknown-user events. Mapped from Linux semantic token. | Root account authentication activity was observed. Mapped from Linux semantic token.
1550,1,1,True Positive,ROOT_AUTH_FAIL ROOT_AUTH_FAIL ROOT_AUTH_FAIL ROOT_AUTH_FAIL,T1078; T1110,Valid Accounts; Brute Force,credential-access; defense-evasion; initial-access; persistence; privilege-escalation,Logon Session; User Account,Root account authentication activity was observed. Mapped from Linux semantic token. | Mapped from Linux semantic token.
1551,1,1,True Positive,UNKNOWN_USER AUTH_FAIL UNKNOWN_USER AUTH_FAIL UNKNOWN_USER AUTH_FAIL AUTH_FAIL UNKNOWN_USER UNKNOWN_USER AUTH_FAIL UNKNOWN_USER AUTH_FAIL UNKNOWN_USER AUTH_FAIL UNKNOWN_USER AUTH_FAIL UNKNOWN_USER AUTH_FAIL UNKNOWN_USER AUTH_FAIL,T1110,Brute Force,credential-access,,Window contains 10 authentication failures and 10 unknown-user events. Mapped from Linux semantic token.
1552,1,1,True Positive,UNKNOWN_USER AUTH_FAIL UNKNOWN_USER AUTH_FAIL UNKNOWN_USER AUTH_FAIL AUTH_FAIL UNKNOWN_USER UNKNOWN_USER AUTH_FAIL UNKNOWN_USER AUTH_FAIL UNKNOWN_USER AUTH_FAIL UNKNOWN_USER AUTH_FAIL UNKNOWN_USER AUTH_FAIL UNKNOWN_USER AUTH_FAIL,T1110,Brute Force,credential-access,,Window contains 10 authentication failures and 10 unknown-user events. Mapped from Linux semantic token.
1553,1,1,True Positive,ROOT_AUTH_FAIL ROOT_AUTH_FAIL ROOT_AUTH_FAIL,T1078; T1110,Valid Accounts; Brute Force,credential-access; defense-evasion; initial-access; persistence; privilege-escalation,Logon Session; User Account,Root account authentication activity was observed. Mapped from Linux semantic token. | Mapped from Linux semantic token.
1554,1,1,True Positive,ROOT_AUTH_FAIL ROOT_AUTH_FAIL ROOT_AUTH_FAIL ROOT_AUTH_FAIL ROOT_AUTH_FAIL ROOT_AUTH_FAIL ROOT_AUTH_FAIL ROOT_AUTH_FAIL ROOT_AUTH_FAIL ROOT_AUTH_FAIL,T1110; T1078,Brute Force; Valid Accounts,credential-access; defense-evasion; initial-access; persistence; privilege-escalation,Logon Session; User Account,Window contains 10 authentication failures and 0 unknown-user events. Mapped from Linux semantic token. | Root account authentication activity was observed. Mapped from Linux semantic token.
1555,1,1,True Positive,ROOT_AUTH_FAIL ROOT_AUTH_FAIL ROOT_AUTH_FAIL ROOT_AUTH_FAIL ROOT_AUTH_FAIL ROOT_AUTH_FAIL ROOT_AUTH_FAIL ROOT_AUTH_FAIL ROOT_AUTH_FAIL ROOT_AUTH_FAIL,T1110; T1078,Brute Force; Valid Accounts,credential-access; defense-evasion; initial-access; persistence; privilege-escalation,Logon Session; User Account,Window contains 10 authentication failures and 0 unknown-user events. Mapped from Linux semantic token. | Root account authentication activity was observed. Mapped from Linux semantic token.
1556,1,1,True Positive,ROOT_AUTH_FAIL ROOT_AUTH_FAIL ROOT_AUTH_FAIL ROOT_AUTH_FAIL ROOT_AUTH_FAIL ROOT_AUTH_FAIL ROOT_AUTH_FAIL ROOT_AUTH_FAIL ROOT_AUTH_FAIL ROOT_AUTH_FAIL,T1110; T1078,Brute Force; Valid Accounts,credential-access; defense-evasion; initial-access; persistence; privilege-escalation,Logon Session; User Account,Window contains 10 authentication failures and 0 unknown-user events. Mapped from Linux semantic token. | Root account authentication activity was observed. Mapped from Linux semantic token.
1557,1,1,True Positive,ROOT_AUTH_FAIL ROOT_AUTH_FAIL ROOT_AUTH_FAIL ROOT_AUTH_FAIL ROOT_AUTH_FAIL ROOT_AUTH_FAIL ROOT_AUTH_FAIL ROOT_AUTH_FAIL ROOT_AUTH_FAIL ROOT_AUTH_FAIL,T1110; T1078,Brute Force; Valid Accounts,credential-access; defense-evasion; initial-access; persistence; privilege-escalation,Logon Session; User Account,Window contains 10 authentication failures and 0 unknown-user events. Mapped from Linux semantic token. | Root account authentication activity was observed. Mapped from Linux semantic token.
1558,1,1,True Positive,ROOT_AUTH_FAIL ROOT_AUTH_FAIL ROOT_AUTH_FAIL ROOT_AUTH_FAIL ROOT_AUTH_FAIL ROOT_AUTH_FAIL ROOT_AUTH_FAIL ROOT_AUTH_FAIL ROOT_AUTH_FAIL ROOT_AUTH_FAIL,T1110; T1078,Brute Force; Valid Accounts,credential-access; defense-evasion; initial-access; persistence; privilege-escalation,Logon Session; User Account,Window contains 10 authentication failures and 0 unknown-user events. Mapped from Linux semantic token. | Root account authentication activity was observed. Mapped from Linux semantic token.
1559,1,1,True Positive,ROOT_AUTH_FAIL ROOT_AUTH_FAIL ROOT_AUTH_FAIL ROOT_AUTH_FAIL ROOT_AUTH_FAIL ROOT_AUTH_FAIL ROOT_AUTH_FAIL ROOT_AUTH_FAIL ROOT_AUTH_FAIL ROOT_AUTH_FAIL,T1110; T1078,Brute Force; Valid Accounts,credential-access; defense-evasion; initial-access; persistence; privilege-escalation,Logon Session; User Account,Window contains 10 authentication failures and 0 unknown-user events. Mapped from Linux semantic token. | Root account authentication activity was observed. Mapped from Linux semantic token.
1560,1,1,True Positive,ROOT_AUTH_FAIL ROOT_AUTH_FAIL ROOT_AUTH_FAIL ROOT_AUTH_FAIL ROOT_AUTH_FAIL ROOT_AUTH_FAIL ROOT_AUTH_FAIL ROOT_AUTH_FAIL ROOT_AUTH_FAIL ROOT_AUTH_FAIL,T1110; T1078,Brute Force; Valid Accounts,credential-access; defense-evasion; initial-access; persistence; privilege-escalation,Logon Session; User Account,Window contains 10 authentication failures and 0 unknown-user events. Mapped from Linux semantic token. | Root account authentication activity was observed. Mapped from Linux semantic token.
1561,1,1,True Positive,ROOT_AUTH_FAIL ROOT_AUTH_FAIL ROOT_AUTH_FAIL,T1078; T1110,Valid Accounts; Brute Force,credential-access; defense-evasion; initial-access; persistence; privilege-escalation,Logon Session; User Account,Root account authentication activity was observed. Mapped from Linux semantic token. | Mapped from Linux semantic token.
1562,1,1,True Positive,ROOT_AUTH_FAIL ROOT_AUTH_FAIL ROOT_AUTH_FAIL ROOT_AUTH_FAIL ROOT_AUTH_FAIL ROOT_AUTH_FAIL,T1110; T1078,Brute Force; Valid Accounts,credential-access; defense-evasion; initial-access; persistence; privilege-escalation,Logon Session; User Account,Window contains 6 authentication failures and 0 unknown-user events. Mapped from Linux semantic token. | Root account authentication activity was observed. Mapped from Linux semantic token.
1563,1,1,True Positive,ROOT_AUTH_FAIL ROOT_AUTH_FAIL ROOT_AUTH_FAIL ROOT_AUTH_FAIL,T1078; T1110,Valid Accounts; Brute Force,credential-access; defense-evasion; initial-access; persistence; privilege-escalation,Logon Session; User Account,Root account authentication activity was observed. Mapped from Linux semantic token. | Mapped from Linux semantic token.
1564,1,1,True Positive,ROOT_AUTH_FAIL ROOT_AUTH_FAIL ROOT_AUTH_FAIL ROOT_AUTH_FAIL ROOT_AUTH_FAIL ROOT_AUTH_FAIL ROOT_AUTH_FAIL ROOT_AUTH_FAIL ROOT_AUTH_FAIL ROOT_AUTH_FAIL,T1110; T1078,Brute Force; Valid Accounts,credential-access; defense-evasion; initial-access; persistence; privilege-escalation,Logon Session; User Account,Window contains 10 authentication failures and 0 unknown-user events. Mapped from Linux semantic token. | Root account authentication activity was observed. Mapped from Linux semantic token.
1565,1,1,True Positive,ROOT_AUTH_FAIL ROOT_AUTH_FAIL ROOT_AUTH_FAIL ROOT_AUTH_FAIL ROOT_AUTH_FAIL ROOT_AUTH_FAIL ROOT_AUTH_FAIL ROOT_AUTH_FAIL ROOT_AUTH_FAIL ROOT_AUTH_FAIL,T1110; T1078,Brute Force; Valid Accounts,credential-access; defense-evasion; initial-access; persistence; privilege-escalation,Logon Session; User Account,Window contains 10 authentication failures and 0 unknown-user events. Mapped from Linux semantic token. | Root account authentication activity was observed. Mapped from Linux semantic token.
1566,1,1,True Positive,FTP_CONNECTION FTP_CONNECTION FTP_CONNECTION FTP_CONNECTION FTP_CONNECTION FTP_CONNECTION FTP_CONNECTION FTP_CONNECTION FTP_CONNECTION FTP_CONNECTION FTP_CONNECTION FTP_CONNECTION FTP_CONNECTION FTP_CONNECTION FTP_CONNECTION FTP_CONNECTION FTP_CONNECTION FTP_CONNECTION FTP_CONNECTION FTP_CONNECTION FTP_CONNECTION,T1133,External Remote Services,initial-access; persistence,,Window contains 21 FTP connection events. Mapped from Linux semantic token.
1567,1,1,True Positive,FTP_CONNECTION FTP_CONNECTION FTP_CONNECTION FTP_CONNECTION FTP_CONNECTION FTP_CONNECTION FTP_CONNECTION FTP_CONNECTION FTP_CONNECTION FTP_CONNECTION FTP_CONNECTION FTP_CONNECTION FTP_CONNECTION FTP_CONNECTION FTP_CONNECTION FTP_CONNECTION FTP_CONNECTION FTP_CONNECTION FTP_CONNECTION FTP_CONNECTION FTP_CONNECTION FTP_CONNECTION FTP_CONNECTION,T1133,External Remote Services,initial-access; persistence,,Window contains 23 FTP connection events. Mapped from Linux semantic token.
1568,1,1,True Positive,FTP_CONNECTION FTP_CONNECTION FTP_CONNECTION FTP_CONNECTION FTP_CONNECTION FTP_CONNECTION FTP_CONNECTION FTP_CONNECTION FTP_CONNECTION FTP_CONNECTION FTP_CONNECTION FTP_CONNECTION FTP_CONNECTION FTP_CONNECTION FTP_CONNECTION FTP_CONNECTION FTP_CONNECTION FTP_CONNECTION FTP_CONNECTION FTP_CONNECTION FTP_CONNECTION FTP_CONNECTION FTP_CONNECTION,T1133,External Remote Services,initial-access; persistence,,Window contains 23 FTP connection events. Mapped from Linux semantic token.
1569,1,1,True Positive,ROOT_AUTH_FAIL ROOT_AUTH_FAIL ROOT_AUTH_FAIL,T1078; T1110,Valid Accounts; Brute Force,credential-access; defense-evasion; initial-access; persistence; privilege-escalation,Logon Session; User Account,Root account authentication activity was observed. Mapped from Linux semantic token. | Mapped from Linux semantic token.
1570,1,1,True Positive,ROOT_AUTH_FAIL ROOT_AUTH_FAIL ROOT_AUTH_FAIL ROOT_AUTH_FAIL,T1078; T1110,Valid Accounts; Brute Force,credential-access; defense-evasion; initial-access; persistence; privilege-escalation,Logon Session; User Account,Root account authentication activity was observed. Mapped from Linux semantic token. | Mapped from Linux semantic token.
1571,1,1,True Positive,ROOT_AUTH_FAIL ROOT_AUTH_FAIL ROOT_AUTH_FAIL ROOT_AUTH_FAIL ROOT_AUTH_FAIL,T1110; T1078,Brute Force; Valid Accounts,credential-access; defense-evasion; initial-access; persistence; privilege-escalation,Logon Session; User Account,Window contains 5 authentication failures and 0 unknown-user events. Mapped from Linux semantic token. | Root account authentication activity was observed. Mapped from Linux semantic token.
1572,1,1,True Positive,ROOT_AUTH_FAIL ROOT_AUTH_FAIL ROOT_AUTH_FAIL,T1078; T1110,Valid Accounts; Brute Force,credential-access; defense-evasion; initial-access; persistence; privilege-escalation,Logon Session; User Account,Root account authentication activity was observed. Mapped from Linux semantic token. | Mapped from Linux semantic token.
1573,1,1,True Positive,ROOT_AUTH_FAIL ROOT_AUTH_FAIL ROOT_AUTH_FAIL ROOT_AUTH_FAIL ROOT_AUTH_FAIL ROOT_AUTH_FAIL ROOT_AUTH_FAIL ROOT_AUTH_FAIL ROOT_AUTH_FAIL ROOT_AUTH_FAIL,T1110; T1078,Brute Force; Valid Accounts,credential-access; defense-evasion; initial-access; persistence; privilege-escalation,Logon Session; User Account,Window contains 10 authentication failures and 0 unknown-user events. Mapped from Linux semantic token. | Root account authentication activity was observed. Mapped from Linux semantic token.
1574,1,1,True Positive,ROOT_AUTH_FAIL ROOT_AUTH_FAIL ROOT_AUTH_FAIL ROOT_AUTH_FAIL ROOT_AUTH_FAIL ROOT_AUTH_FAIL ROOT_AUTH_FAIL ROOT_AUTH_FAIL ROOT_AUTH_FAIL ROOT_AUTH_FAIL,T1110; T1078,Brute Force; Valid Accounts,credential-access; defense-evasion; initial-access; persistence; privilege-escalation,Logon Session; User Account,Window contains 10 authentication failures and 0 unknown-user events. Mapped from Linux semantic token. | Root account authentication activity was observed. Mapped from Linux semantic token.
1575,1,1,True Positive,AUTH_FAIL_USER AUTH_FAIL_USER AUTH_FAIL_USER AUTH_FAIL_USER AUTH_FAIL_USER AUTH_FAIL_USER AUTH_FAIL_USER AUTH_FAIL_USER AUTH_FAIL_USER AUTH_FAIL_USER,T1110,Brute Force,credential-access,,Window contains 10 authentication failures and 0 unknown-user events. Mapped from Linux semantic token.
1576,1,1,True Positive,AUTH_FAIL_USER AUTH_FAIL_USER AUTH_FAIL_USER AUTH_FAIL_USER AUTH_FAIL_USER AUTH_FAIL_USER AUTH_FAIL_USER AUTH_FAIL_USER AUTH_FAIL_USER AUTH_FAIL_USER,T1110,Brute Force,credential-access,,Window contains 10 authentication failures and 0 unknown-user events. Mapped from Linux semantic token.
1577,1,1,True Positive,UNKNOWN_USER AUTH_FAIL AUTH_FAIL AUTH_FAIL AUTH_FAIL UNKNOWN_USER UNKNOWN_USER UNKNOWN_USER AUTH_FAIL UNKNOWN_USER AUTH_FAIL AUTH_FAIL UNKNOWN_USER AUTH_FAIL UNKNOWN_USER AUTH_FAIL UNKNOWN_USER AUTH_FAIL UNKNOWN_USER UNKNOWN_USER,T1110,Brute Force,credential-access,,Window contains 10 authentication failures and 10 unknown-user events. Mapped from Linux semantic token.
1578,1,1,True Positive,UNKNOWN_USER AUTH_FAIL AUTH_FAIL AUTH_FAIL AUTH_FAIL UNKNOWN_USER UNKNOWN_USER UNKNOWN_USER AUTH_FAIL UNKNOWN_USER AUTH_FAIL AUTH_FAIL UNKNOWN_USER AUTH_FAIL UNKNOWN_USER AUTH_FAIL UNKNOWN_USER AUTH_FAIL UNKNOWN_USER UNKNOWN_USER,T1110,Brute Force,credential-access,,Window contains 10 authentication failures and 10 unknown-user events. Mapped from Linux semantic token.
1579,1,1,True Positive,ROOT_AUTH_FAIL ROOT_AUTH_FAIL,T1078; T1110,Valid Accounts; Brute Force,credential-access; defense-evasion; initial-access; persistence; privilege-escalation,Logon Session; User Account,Root account authentication activity was observed. Mapped from Linux semantic token. | Mapped from Linux semantic token.
1580,1,1,True Positive,ROOT_AUTH_FAIL ROOT_AUTH_FAIL,T1078; T1110,Valid Accounts; Brute Force,credential-access; defense-evasion; initial-access; persistence; privilege-escalation,Logon Session; User Account,Root account authentication activity was observed. Mapped from Linux semantic token. | Mapped from Linux semantic token.
1581,1,1,True Positive,ROOT_AUTH_FAIL ROOT_AUTH_FAIL ROOT_AUTH_FAIL ROOT_AUTH_FAIL ROOT_AUTH_FAIL ROOT_AUTH_FAIL ROOT_AUTH_FAIL ROOT_AUTH_FAIL ROOT_AUTH_FAIL ROOT_AUTH_FAIL,T1110; T1078,Brute Force; Valid Accounts,credential-access; defense-evasion; initial-access; persistence; privilege-escalation,Logon Session; User Account,Window contains 10 authentication failures and 0 unknown-user events. Mapped from Linux semantic token. | Root account authentication activity was observed. Mapped from Linux semantic token.
1582,1,1,True Positive,ROOT_AUTH_FAIL ROOT_AUTH_FAIL ROOT_AUTH_FAIL ROOT_AUTH_FAIL ROOT_AUTH_FAIL ROOT_AUTH_FAIL ROOT_AUTH_FAIL ROOT_AUTH_FAIL ROOT_AUTH_FAIL ROOT_AUTH_FAIL,T1110; T1078,Brute Force; Valid Accounts,credential-access; defense-evasion; initial-access; persistence; privilege-escalation,Logon Session; User Account,Window contains 10 authentication failures and 0 unknown-user events. Mapped from Linux semantic token. | Root account authentication activity was observed. Mapped from Linux semantic token.
1583,1,1,True Positive,ROOT_AUTH_FAIL ROOT_AUTH_FAIL ROOT_AUTH_FAIL ROOT_AUTH_FAIL ROOT_AUTH_FAIL ROOT_AUTH_FAIL ROOT_AUTH_FAIL ROOT_AUTH_FAIL ROOT_AUTH_FAIL ROOT_AUTH_FAIL,T1110; T1078,Brute Force; Valid Accounts,credential-access; defense-evasion; initial-access; persistence; privilege-escalation,Logon Session; User Account,Window contains 10 authentication failures and 0 unknown-user events. Mapped from Linux semantic token. | Root account authentication activity was observed. Mapped from Linux semantic token.
1584,1,1,True Positive,ROOT_AUTH_FAIL ROOT_AUTH_FAIL ROOT_AUTH_FAIL ROOT_AUTH_FAIL ROOT_AUTH_FAIL ROOT_AUTH_FAIL ROOT_AUTH_FAIL ROOT_AUTH_FAIL ROOT_AUTH_FAIL ROOT_AUTH_FAIL ROOT_AUTH_FAIL ROOT_AUTH_FAIL,T1110; T1078,Brute Force; Valid Accounts,credential-access; defense-evasion; initial-access; persistence; privilege-escalation,Logon Session; User Account,Window contains 12 authentication failures and 0 unknown-user events. Mapped from Linux semantic token. | Root account authentication activity was observed. Mapped from Linux semantic token.
1585,1,1,True Positive,ROOT_AUTH_FAIL ROOT_AUTH_FAIL ROOT_AUTH_FAIL ROOT_AUTH_FAIL ROOT_AUTH_FAIL ROOT_AUTH_FAIL ROOT_AUTH_FAIL ROOT_AUTH_FAIL ROOT_AUTH_FAIL ROOT_AUTH_FAIL ROOT_AUTH_FAIL ROOT_AUTH_FAIL ROOT_AUTH_FAIL ROOT_AUTH_FAIL ROOT_AUTH_FAIL ROOT_AUTH_FAIL ROOT_AUTH_FAIL ROOT_AUTH_FAIL ROOT_AUTH_FAIL ROOT_AUTH_FAIL,T1110; T1078,Brute Force; Valid Accounts,credential-access; defense-evasion; initial-access; persistence; privilege-escalation,Logon Session; User Account,Window contains 20 authentication failures and 0 unknown-user events. Mapped from Linux semantic token. | Root account authentication activity was observed. Mapped from Linux semantic token.
1586,1,1,True Positive,ROOT_AUTH_FAIL ROOT_AUTH_FAIL ROOT_AUTH_FAIL ROOT_AUTH_FAIL ROOT_AUTH_FAIL ROOT_AUTH_FAIL ROOT_AUTH_FAIL ROOT_AUTH_FAIL ROOT_AUTH_FAIL ROOT_AUTH_FAIL ROOT_AUTH_FAIL ROOT_AUTH_FAIL ROOT_AUTH_FAIL ROOT_AUTH_FAIL ROOT_AUTH_FAIL ROOT_AUTH_FAIL,T1110; T1078,Brute Force; Valid Accounts,credential-access; defense-evasion; initial-access; persistence; privilege-escalation,Logon Session; User Account,Window contains 16 authentication failures and 0 unknown-user events. Mapped from Linux semantic token. | Root account authentication activity was observed. Mapped from Linux semantic token.
1587,1,1,True Positive,ROOT_AUTH_FAIL ROOT_AUTH_FAIL ROOT_AUTH_FAIL ROOT_AUTH_FAIL ROOT_AUTH_FAIL ROOT_AUTH_FAIL ROOT_AUTH_FAIL ROOT_AUTH_FAIL ROOT_AUTH_FAIL ROOT_AUTH_FAIL ROOT_AUTH_FAIL ROOT_AUTH_FAIL,T1110; T1078,Brute Force; Valid Accounts,credential-access; defense-evasion; initial-access; persistence; privilege-escalation,Logon Session; User Account,Window contains 12 authentication failures and 0 unknown-user events. Mapped from Linux semantic token. | Root account authentication activity was observed. Mapped from Linux semantic token.
1588,1,1,True Positive,ROOT_AUTH_FAIL ROOT_AUTH_FAIL ROOT_AUTH_FAIL ROOT_AUTH_FAIL,T1078; T1110,Valid Accounts; Brute Force,credential-access; defense-evasion; initial-access; persistence; privilege-escalation,Logon Session; User Account,Root account authentication activity was observed. Mapped from Linux semantic token. | Mapped from Linux semantic token.
1589,1,1,True Positive,ROOT_AUTH_FAIL ROOT_AUTH_FAIL ROOT_AUTH_FAIL ROOT_AUTH_FAIL ROOT_AUTH_FAIL ROOT_AUTH_FAIL ROOT_AUTH_FAIL ROOT_AUTH_FAIL ROOT_AUTH_FAIL ROOT_AUTH_FAIL,T1110; T1078,Brute Force; Valid Accounts,credential-access; defense-evasion; initial-access; persistence; privilege-escalation,Logon Session; User Account,Window contains 10 authentication failures and 0 unknown-user events. Mapped from Linux semantic token. | Root account authentication activity was observed. Mapped from Linux semantic token.
1590,1,1,True Positive,ROOT_AUTH_FAIL ROOT_AUTH_FAIL ROOT_AUTH_FAIL ROOT_AUTH_FAIL ROOT_AUTH_FAIL ROOT_AUTH_FAIL ROOT_AUTH_FAIL ROOT_AUTH_FAIL ROOT_AUTH_FAIL ROOT_AUTH_FAIL,T1110; T1078,Brute Force; Valid Accounts,credential-access; defense-evasion; initial-access; persistence; privilege-escalation,Logon Session; User Account,Window contains 10 authentication failures and 0 unknown-user events. Mapped from Linux semantic token. | Root account authentication activity was observed. Mapped from Linux semantic token.
1591,1,1,True Positive,FTP_CONNECTION FTP_CONNECTION FTP_CONNECTION FTP_CONNECTION FTP_CONNECTION FTP_CONNECTION FTP_CONNECTION FTP_CONNECTION FTP_CONNECTION FTP_CONNECTION FTP_CONNECTION FTP_CONNECTION FTP_CONNECTION FTP_CONNECTION FTP_CONNECTION FTP_CONNECTION FTP_CONNECTION FTP_CONNECTION FTP_CONNECTION FTP_CONNECTION FTP_CONNECTION FTP_CONNECTION,T1133,External Remote Services,initial-access; persistence,,Window contains 22 FTP connection events. Mapped from Linux semantic token.
1592,1,1,True Positive,FTP_CONNECTION FTP_CONNECTION FTP_CONNECTION FTP_CONNECTION FTP_CONNECTION FTP_CONNECTION FTP_CONNECTION FTP_CONNECTION FTP_CONNECTION FTP_CONNECTION FTP_CONNECTION FTP_CONNECTION FTP_CONNECTION FTP_CONNECTION FTP_CONNECTION FTP_CONNECTION FTP_CONNECTION FTP_CONNECTION FTP_CONNECTION FTP_CONNECTION FTP_CONNECTION FTP_CONNECTION,T1133,External Remote Services,initial-access; persistence,,Window contains 22 FTP connection events. Mapped from Linux semantic token.
1593,1,1,True Positive,ROOT_AUTH_FAIL ROOT_AUTH_FAIL ROOT_AUTH_FAIL ROOT_AUTH_FAIL ROOT_AUTH_FAIL ROOT_AUTH_FAIL ROOT_AUTH_FAIL ROOT_AUTH_FAIL ROOT_AUTH_FAIL ROOT_AUTH_FAIL,T1110; T1078,Brute Force; Valid Accounts,credential-access; defense-evasion; initial-access; persistence; privilege-escalation,Logon Session; User Account,Window contains 10 authentication failures and 0 unknown-user events. Mapped from Linux semantic token. | Root account authentication activity was observed. Mapped from Linux semantic token.
1594,1,1,True Positive,ROOT_AUTH_FAIL ROOT_AUTH_FAIL ROOT_AUTH_FAIL ROOT_AUTH_FAIL ROOT_AUTH_FAIL ROOT_AUTH_FAIL ROOT_AUTH_FAIL ROOT_AUTH_FAIL ROOT_AUTH_FAIL ROOT_AUTH_FAIL,T1110; T1078,Brute Force; Valid Accounts,credential-access; defense-evasion; initial-access; persistence; privilege-escalation,Logon Session; User Account,Window contains 10 authentication failures and 0 unknown-user events. Mapped from Linux semantic token. | Root account authentication activity was observed. Mapped from Linux semantic token.
1595,1,1,True Positive,FTP_CONNECTION FTP_CONNECTION FTP_CONNECTION FTP_CONNECTION FTP_CONNECTION FTP_CONNECTION FTP_CONNECTION FTP_CONNECTION FTP_CONNECTION FTP_CONNECTION FTP_CONNECTION FTP_CONNECTION FTP_CONNECTION FTP_CONNECTION FTP_CONNECTION FTP_CONNECTION FTP_CONNECTION FTP_CONNECTION FTP_CONNECTION FTP_CONNECTION FTP_CONNECTION FTP_CONNECTION FTP_CONNECTION,T1133,External Remote Services,initial-access; persistence,,Window contains 23 FTP connection events. Mapped from Linux semantic token.
1596,1,1,True Positive,FTP_CONNECTION FTP_CONNECTION FTP_CONNECTION FTP_CONNECTION FTP_CONNECTION FTP_CONNECTION FTP_CONNECTION FTP_CONNECTION FTP_CONNECTION FTP_CONNECTION FTP_CONNECTION FTP_CONNECTION FTP_CONNECTION FTP_CONNECTION FTP_CONNECTION FTP_CONNECTION FTP_CONNECTION FTP_CONNECTION FTP_CONNECTION FTP_CONNECTION FTP_CONNECTION FTP_CONNECTION FTP_CONNECTION,T1133,External Remote Services,initial-access; persistence,,Window contains 23 FTP connection events. Mapped from Linux semantic token.
1597,1,1,True Positive,FTP_CONNECTION FTP_CONNECTION FTP_CONNECTION FTP_CONNECTION FTP_CONNECTION FTP_CONNECTION FTP_CONNECTION FTP_CONNECTION FTP_CONNECTION FTP_CONNECTION FTP_CONNECTION FTP_CONNECTION FTP_CONNECTION FTP_CONNECTION FTP_CONNECTION FTP_CONNECTION FTP_CONNECTION FTP_CONNECTION FTP_CONNECTION,T1133,External Remote Services,initial-access; persistence,,Window contains 19 FTP connection events. Mapped from Linux semantic token.
1598,1,1,True Positive,FTP_CONNECTION FTP_CONNECTION FTP_CONNECTION FTP_CONNECTION FTP_CONNECTION FTP_CONNECTION FTP_CONNECTION FTP_CONNECTION FTP_CONNECTION FTP_CONNECTION FTP_CONNECTION FTP_CONNECTION FTP_CONNECTION FTP_CONNECTION FTP_CONNECTION FTP_CONNECTION FTP_CONNECTION FTP_CONNECTION FTP_CONNECTION,T1133,External Remote Services,initial-access; persistence,,Window contains 19 FTP connection events. Mapped from Linux semantic token.
1599,1,1,True Positive,ROOT_AUTH_FAIL ROOT_AUTH_FAIL ROOT_AUTH_FAIL ROOT_AUTH_FAIL,T1078; T1110,Valid Accounts; Brute Force,credential-access; defense-evasion; initial-access; persistence; privilege-escalation,Logon Session; User Account,Root account authentication activity was observed. Mapped from Linux semantic token. | Mapped from Linux semantic token.
